[
  {
    "id":"19471993687572504367"
   ,"Identification":{
      "Name":"Administrator"
    }
   ,"Advanced":{
      "Static ID":"ADMINISTRATOR"
    }
   ,"Description":{
      "Description":"Role assigned to application administrators."
    }
  }
 ,{
    "id":"19471993880571504368"
   ,"Identification":{
      "Name":"Contributor"
    }
   ,"Advanced":{
      "Static ID":"CONTRIBUTOR"
    }
   ,"Description":{
      "Description":"Role assigned to application contributors."
    }
  }
 ,{
    "id":"19471993906020504368"
   ,"Identification":{
      "Name":"Reader"
    }
   ,"Advanced":{
      "Static ID":"READER"
    }
   ,"Description":{
      "Description":"Role assigned to application readers."
    }
  }
]
