[
  {
    "id":"42208662351483461740"
   ,"Identification":{
      "Item Name":"P0_NOTIFICATIONS"
    }
   ,"Execution":{
      "Sequence":10
     ,"Point":"Before Regions"
    }
   ,"Computation":{
      "Type":"Function Body"
     ,"Language":"PL\/SQL"
     ,"PL\/SQL Function Body":"DECLARE\r\n  l_count number := 0;\r\nBEGIN \r\n\r\n  SELECT \r\n      COALESCE(SUM(CASE WHEN status = \u0027Unread\u0027 AND message_sender_id != TO_NUMBER(:USER_ID) THEN 1 ELSE 0 END),0)\r\n  INTO\r\n    l_count\r\n  FROM (\r\n      SELECT \r\n          m.status,\r\n          m.message_sender_id\r\n      FROM conversations c\r\n      LEFT JOIN messages m ON c.conversation_id = m.conversation_id\r\n      WHERE c.participant_1_id = TO_NUMBER(:USER_ID) OR c.participant_2_id = TO_NUMBER(:USER_ID)\r\n  ) conversations_with_sender;\r\n\r\n   RETURN l_count;\r\nEND;\r\n"
    }
   ,"Error":{
      "Error Message":"Could not get new messages"
    }
   ,"Security":{
      "Authorization Scheme":"Must Not Be Public User"
    }
  }
 ,{
    "id":"42335345232933997408"
   ,"Identification":{
      "Item Name":"P0_NOTIFICATIONS"
    }
   ,"Execution":{
      "Sequence":10
     ,"Point":"AFTER_LOGIN"
    }
   ,"Computation":{
      "Type":"Function Body"
     ,"Language":"PL\/SQL"
     ,"PL\/SQL Function Body":"DECLARE\r\n  l_count number := 0;\r\nBEGIN\r\n  SELECT \r\n     COALESCE(SUM(CASE WHEN status = \u0027Unread\u0027 AND message_sender_id != TO_NUMBER(:USER_ID) THEN 1 ELSE 0 END),0)\r\n  INTO l_count\r\n  FROM (\r\n      SELECT \r\n          m.status,\r\n          m.message_sender_id\r\n      FROM conversations c\r\n      LEFT JOIN messages m ON c.conversation_id = m.conversation_id\r\n      WHERE c.participant_1_id = TO_NUMBER(:USER_ID) OR c.participant_2_id = TO_NUMBER(:USER_ID)\r\n  ) conversations_with_sender;\r\n\r\n   RETURN l_count;\r\nEND;"
    }
  }
 ,{
    "id":"42344082599270438702"
   ,"Identification":{
      "Item Name":"P0_NOTIFICATIONS"
    }
   ,"Execution":{
      "Sequence":10
     ,"Point":"After Submit"
    }
   ,"Computation":{
      "Type":"Function Body"
     ,"Language":"PL\/SQL"
     ,"PL\/SQL Function Body":"DECLARE\r\n  l_count number := 0;\r\nBEGIN\r\n\r\n  SELECT \r\n      COALESCE(SUM(CASE WHEN status = \u0027Unread\u0027 AND message_sender_id != TO_NUMBER(:USER_ID) THEN 1 ELSE 0 END),0)\r\n  INTO l_count\r\n  FROM (\r\n      SELECT \r\n          m.status,\r\n          m.message_sender_id\r\n      FROM conversations c\r\n      LEFT JOIN messages m ON c.conversation_id = m.conversation_id\r\n      WHERE c.participant_1_id = TO_NUMBER(:USER_ID) OR c.participant_2_id = TO_NUMBER(:USER_ID)\r\n  ) conversations_with_sender;\r\n\r\n   RETURN l_count;\r\nEND;"
    }
   ,"Security":{
      "Authorization Scheme":"Must Not Be Public User"
    }
  }
 ,{
    "id":"46968997348273650584"
   ,"Identification":{
      "Item Name":"APP_NOTIFICATION_STORE_VISITES"
    }
   ,"Execution":{
      "Sequence":10
     ,"Point":"Before Header"
    }
   ,"Computation":{
      "Type":"Function Body"
     ,"Language":"PL\/SQL"
     ,"PL\/SQL Function Body":" \r\n\r\nDECLARE\r\n  l_count number := 0;\r\nBEGIN\r\n      SELECT\r\n     COALESCE(SUM(CASE WHEN is_new = \u0027Yes\u0027 AND customer_id != TO_NUMBER(:USER_ID) and store_id in (select store_id from stores where customer_id = to_number(:USER_ID)) THEN 1 ELSE 0 END),0)\r\n     into l_count\r\n     FROM CUSTOMER_STORE_VISITES ;\r\n    RETURN l_count;\r\nEND;"
    }
  }
 ,{
    "id":"46986719785130248952"
   ,"Identification":{
      "Item Name":"P0_USER_NOTIFICATIONS"
    }
   ,"Execution":{
      "Sequence":20
     ,"Point":"Before Header"
    }
   ,"Computation":{
      "Type":"Expression"
     ,"Language":"PL\/SQL"
     ,"PL\/SQL Expression":":APP_NOTIFICATION_STORE_VISITES + :P0_NOTIFICATIONS + :APP_NOTIFICATIONS_PROD_VISITES + :APP_NOTIFICATION_NEW_ORDERS + :APP_NOTIFICATION_PROD_ADDED_WISHLIST + :APP_NOTIFICATION_STOCK_STATUS;"
    }
  }
 ,{
    "id":"47372110800766349851"
   ,"Identification":{
      "Item Name":"P0_USER_NOTIFICATIONS"
    }
   ,"Execution":{
      "Sequence":20
     ,"Point":"Before Regions"
    }
   ,"Computation":{
      "Type":"Expression"
     ,"Language":"PL\/SQL"
     ,"PL\/SQL Expression":":APP_NOTIFICATION_STORE_VISITES + :P0_NOTIFICATIONS + :APP_NOTIFICATIONS_PROD_VISITES + :APP_NOTIFICATION_NEW_ORDERS + :APP_NOTIFICATION_PROD_ADDED_WISHLIST + :APP_NOTIFICATION_STOCK_STATUS;"
    }
  }
 ,{
    "id":"47373525231977236522"
   ,"Identification":{
      "Item Name":"APP_NOTIFICATION_STORE_VISITES"
    }
   ,"Execution":{
      "Sequence":10
     ,"Point":"Before Regions"
    }
   ,"Computation":{
      "Type":"Function Body"
     ,"Language":"PL\/SQL"
     ,"PL\/SQL Function Body":" \r\n\r\nDECLARE\r\n  l_count number := 0;\r\nBEGIN\r\n      SELECT\r\n     COALESCE(SUM(CASE WHEN is_new = \u0027Yes\u0027 AND customer_id != TO_NUMBER(:USER_ID) and store_id in (select store_id from stores where customer_id = to_number(:USER_ID)) THEN 1 ELSE 0 END),0)\r\n     into l_count\r\n     FROM CUSTOMER_STORE_VISITES ;\r\n    RETURN l_count;\r\nEND;"
    }
  }
 ,{
    "id":"47390292567556911593"
   ,"Identification":{
      "Item Name":"APP_NOTIFICATIONS_PROD_VISITES"
    }
   ,"Execution":{
      "Sequence":10
     ,"Point":"Before Header"
    }
   ,"Computation":{
      "Type":"Function Body"
     ,"Language":"PL\/SQL"
     ,"PL\/SQL Function Body":"DECLARE\r\n  l_count number := 0;\r\nBEGIN\r\n      SELECT\r\n     COALESCE(SUM(CASE WHEN is_new = \u0027Yes\u0027 AND customer_id != TO_NUMBER(:USER_ID) and product_id in (select product_id from product where store_id in (select store_id from stores where customer_id = to_number(:USER_ID))) THEN 1 ELSE 0 END),0)\r\n     into l_count\r\n     FROM CUSTOMER_ACTIVITY ;\r\n    RETURN l_count;\r\nEND;"
    }
  }
 ,{
    "id":"48574984016735704135"
   ,"Identification":{
      "Item Name":"APP_NOTIFICATION_PROD_ADDED_WISHLIST"
    }
   ,"Execution":{
      "Sequence":10
     ,"Point":"Before Header"
    }
   ,"Computation":{
      "Type":"Function Body"
     ,"Language":"PL\/SQL"
     ,"PL\/SQL Function Body":"DECLARE\r\n  l_count number := 0;\r\nBEGIN\r\n     SELECT\r\n     COALESCE(SUM(CASE WHEN is_new = \u0027Yes\u0027AND customer_id != TO_NUMBER(:USER_ID) and product_id in\r\n       (select product_id from product where store_id in \r\n       (select store_id from stores where customer_id = to_number(:USER_ID))) THEN 1 ELSE 0 END),0)\r\n     \r\n      into l_count\r\n     FROM WISHLIST;\r\n    RETURN l_count;\r\nEND;\r\n"
    }
  }
 ,{
    "id":"52427859914897696487"
   ,"Identification":{
      "Item Name":"P0_ORDER_CHANGE"
    }
   ,"Execution":{
      "Sequence":10
     ,"Point":"Before Header"
    }
   ,"Computation":{
      "Type":"Function Body"
     ,"Language":"PL\/SQL"
     ,"PL\/SQL Function Body":"DECLARE \r\n    l_current_status VARCHAR2(100 CHAR);\r\n    l_last_status VARCHAR2(100 CHAR);\r\n    l_count NUMBER := 0;\r\n\r\n    CURSOR c1 IS\r\n        SELECT item_status, last_status\r\n        FROM   order_items i\r\n        JOIN orders o ON i.order_id = o.order_id\r\n        WHERE customer_id = to_number(:USER_ID);\r\nBEGIN\r\n    OPEN c1;\r\n    loop\r\n      fetch c1 into l_current_status, l_last_status;\r\n      exit when c1%notfound;\r\n\r\n      if not l_current_status = l_last_status then\r\n        l_count := l_count + 1;\r\n      end if;\r\n    end loop;\r\n\r\n    close c1;\r\n    return l_count;\r\nEND;"
    }
  }
 ,{
    "id":"52703198146379860305"
   ,"Identification":{
      "Item Name":"P0_ORDER_CHANGE"
    }
   ,"Execution":{
      "Sequence":10
     ,"Point":"Before Regions"
    }
   ,"Computation":{
      "Type":"Function Body"
     ,"Language":"PL\/SQL"
     ,"PL\/SQL Function Body":"DECLARE \r\n    l_current_status VARCHAR2(100 CHAR);\r\n    l_last_status VARCHAR2(100 CHAR);\r\n    l_count NUMBER := 0;\r\n\r\n    CURSOR c1 IS\r\n        SELECT item_status, last_status\r\n        FROM   order_items i\r\n        JOIN orders o ON i.order_id = o.order_id\r\n        WHERE customer_id = to_number(:USER_ID);\r\nBEGIN\r\n    OPEN c1;\r\n    loop\r\n      fetch c1 into l_current_status, l_last_status;\r\n      exit when c1%notfound;\r\n\r\n      if not l_current_status = l_last_status then\r\n        l_count := l_count + 1;\r\n      end if;\r\n    end loop;\r\n\r\n    close c1;\r\n    return l_count;\r\nEND;"
    }
  }
 ,{
    "id":"52746434340808861141"
   ,"Identification":{
      "Item Name":"P0_ORDER_CHANGE_LIST"
    }
   ,"Execution":{
      "Sequence":10
     ,"Point":"Before Header"
    }
   ,"Computation":{
      "Type":"Function Body"
     ,"Language":"PL\/SQL"
     ,"PL\/SQL Function Body":"DECLARE \r\n    l_list_of_orders VARCHAR2(4000 CHAR);\r\n\r\nBEGIN\r\n    \r\n   SELECT LISTAGG(order_id, \u0027, #\u0027) WITHIN GROUP (ORDER BY order_id) \r\n        INTO l_list_of_orders\r\n        FROM   orders o\r\n        WHERE customer_id = to_number(:USER_ID) AND o.mutated_items = \u0027Yes\u0027;\r\n    return l_list_of_orders;\r\nEND;"
    }
  }
 ,{
    "id":"52767356900000645098"
   ,"Identification":{
      "Item Name":"APP_NOTIFICATION_NEW_ORDERS"
    }
   ,"Execution":{
      "Sequence":10
     ,"Point":"Before Header"
    }
   ,"Computation":{
      "Type":"Function Body"
     ,"Language":"PL\/SQL"
     ,"PL\/SQL Function Body":"DECLARE\r\n  l_count NUMBER;\r\nBEGIN\r\n  SELECT COUNT(DISTINCT i.order_id)\r\n  INTO l_count\r\n  FROM order_items i\r\n  INNER JOIN product p ON p.product_id = i.product_id\r\n  INNER JOIN stores s ON s.store_id = p.store_id\r\n  WHERE s.customer_id = (:USER_ID) AND i.is_new = \u0027Yes\u0027;\r\n\r\n  RETURN l_count;\r\n\r\nEND;"
    }
  }
 ,{
    "id":"52776240661882908605"
   ,"Identification":{
      "Item Name":"APP_NOTIFICATION_STOCK_STATUS"
    }
   ,"Execution":{
      "Sequence":10
     ,"Point":"Before Header"
    }
   ,"Computation":{
      "Type":"Function Body"
     ,"Language":"PL\/SQL"
     ,"PL\/SQL Function Body":"DECLARE \r\n    l_current_status VARCHAR2(100 CHAR);\r\n    l_last_status VARCHAR2(100 CHAR);\r\n    l_count NUMBER := 0;\r\n\r\n    CURSOR c1 IS\r\n        SELECT get_stock(product_id), LAST_STOCK_STATUS\r\n        FROM   wishlist\r\n        WHERE customer_id = to_number(:USER_ID);\r\nBEGIN\r\n    OPEN c1;\r\n    loop\r\n      fetch c1 into l_current_status, l_last_status;\r\n      exit when c1%notfound;\r\n\r\n      if not l_current_status = l_last_status then\r\n        l_count := l_count + 1;\r\n      end if;\r\n    end loop;\r\n\r\n    close c1;\r\n    return l_count;\r\nEND; "
    }
  }
 ,{
    "id":"52784486914316387476"
   ,"Identification":{
      "Item Name":"APP_STOCK_CHANGE_LIST"
    }
   ,"Execution":{
      "Sequence":10
     ,"Point":"Before Header"
    }
   ,"Computation":{
      "Type":"Function Body"
     ,"Language":"PL\/SQL"
     ,"PL\/SQL Function Body":"DECLARE \r\n    l_list_of_orders VARCHAR2(4000 CHAR);\r\n\r\nBEGIN\r\n    \r\n   SELECT LISTAGG(product_name, \u0027, \u0027) WITHIN GROUP (ORDER BY product_name) \r\n        INTO l_list_of_orders\r\n        FROM   product p\r\n        join wishlist w on p.product_id = w.product_id\r\n        WHERE customer_id = to_number(:USER_ID) and p.product_id in (select product_id from wishlist where \r\n        get_stock(product_id) != last_stock_status and customer_id = to_number(:USER_ID));\r\n    return l_list_of_orders;\r\nEND;"
    }
  }
]
