[
  {
    "id":"20024761081431772638"
   ,"Identification":{
      "Name":"USERNAME"
     ,"Scope":"Application"
    }
   ,"Security":{
      "Session State Protection":"Restricted - May not be set from browser"
     ,"Escape special characters":true
    }
  }
 ,{
    "id":"20504507943458813284"
   ,"Identification":{
      "Name":"USER_ROLE"
     ,"Scope":"Application"
    }
   ,"Security":{
      "Session State Protection":"Restricted - May not be set from browser"
     ,"Escape special characters":true
    }
  }
 ,{
    "id":"20671616668791639339"
   ,"Identification":{
      "Name":"SHOPPING_CART_ICON"
     ,"Scope":"Application"
    }
   ,"Security":{
      "Session State Protection":"Restricted - May not be set from browser"
     ,"Escape special characters":true
    }
  }
 ,{
    "id":"20996820978219327943"
   ,"Identification":{
      "Name":"USER_ID"
     ,"Scope":"Application"
    }
   ,"Security":{
      "Session State Protection":"Restricted - May not be set from browser"
     ,"Escape special characters":true
    }
  }
 ,{
    "id":"21943867536552958221"
   ,"Identification":{
      "Name":"SHOPPING_CART_ITEMS"
     ,"Scope":"Application"
    }
   ,"Security":{
      "Session State Protection":"Restricted - May not be set from browser"
     ,"Escape special characters":true
    }
  }
 ,{
    "id":"46936649636912055536"
   ,"Identification":{
      "Name":"APP_NOTIFICATION_STORE_VISITES"
     ,"Scope":"Application"
    }
   ,"Security":{
      "Session State Protection":"Restricted - May not be set from browser"
     ,"Escape special characters":true
    }
  }
 ,{
    "id":"47384248444616622374"
   ,"Identification":{
      "Name":"APP_NOTIFICATIONS_PROD_VISITES"
     ,"Scope":"Application"
    }
   ,"Security":{
      "Session State Protection":"Restricted - May not be set from browser"
     ,"Escape special characters":true
    }
  }
 ,{
    "id":"47765450262337422839"
   ,"Identification":{
      "Name":"APP_NOTIFICATION_NEW_ORDERS"
     ,"Scope":"Application"
    }
   ,"Security":{
      "Session State Protection":"Restricted - May not be set from browser"
     ,"Escape special characters":true
    }
  }
 ,{
    "id":"48249405769278942373"
   ,"Identification":{
      "Name":"APP_NOTIFICATION_PROD_ADDED_WISHLIST"
     ,"Scope":"Application"
    }
   ,"Security":{
      "Session State Protection":"Restricted - May not be set from browser"
     ,"Escape special characters":true
    }
  }
 ,{
    "id":"49031555399496770526"
   ,"Identification":{
      "Name":"APP_NOTIFICATION_STOCK_STATUS"
     ,"Scope":"Application"
    }
   ,"Security":{
      "Session State Protection":"Restricted - May not be set from browser"
     ,"Escape special characters":true
    }
  }
 ,{
    "id":"52776960309812936244"
   ,"Identification":{
      "Name":"APP_STOCK_CHANGE_LIST"
     ,"Scope":"Application"
    }
   ,"Security":{
      "Session State Protection":"Restricted - May not be set from browser"
     ,"Escape special characters":true
    }
  }
]
