[
  {
    "id":"42208662351483461740"
   ,"Identification":{
      "Item Name":"P0_NOTIFICATIONS"
    }
   ,"Execution":{
      "Sequence":10
     ,"Point":"Before Regions"
    }
   ,"Computation":{
      "Type":"Function Body"
     ,"Language":"PL\/SQL"
     ,"PL\/SQL Function Body":"DECLARE\r\n  l_count number;\r\nBEGIN\r\n  apex_debug.info(p_message =\u003E\u0027Koen Debug: \u0027||:USER_ID);\r\n  SELECT \r\n      SUM(CASE WHEN status = \u0027Unread\u0027 AND message_sender_id != TO_NUMBER(:USER_ID) THEN 1 ELSE 0 END)\r\n  INTO l_count\r\n  FROM (\r\n      SELECT \r\n          m.status,\r\n          m.message_sender_id\r\n      FROM conversations c\r\n      LEFT JOIN messages m ON c.conversation_id = m.conversation_id\r\n      WHERE c.participant_1_id = TO_NUMBER(:USER_ID) OR c.participant_2_id = TO_NUMBER(:USER_ID)\r\n  ) conversations_with_sender;\r\n\r\n   RETURN l_count;\r\nEND;\r\n"
    }
   ,"Error":{
      "Error Message":"Could not get new messages"
    }
   ,"Security":{
      "Authorization Scheme":"Must Not Be Public User"
    }
  }
 ,{
    "id":"42335345232933997408"
   ,"Identification":{
      "Item Name":"P0_NOTIFICATIONS"
    }
   ,"Execution":{
      "Sequence":10
     ,"Point":"AFTER_LOGIN"
    }
   ,"Computation":{
      "Type":"Function Body"
     ,"Language":"PL\/SQL"
     ,"PL\/SQL Function Body":"DECLARE\r\n  l_count number;\r\nBEGIN\r\n  SELECT \r\n      SUM(CASE WHEN status = \u0027Unread\u0027 AND message_sender_id != TO_NUMBER(:USER_ID) THEN 1 ELSE 0 END)\r\n  INTO l_count\r\n  FROM (\r\n      SELECT \r\n          m.status,\r\n          m.message_sender_id\r\n      FROM conversations c\r\n      LEFT JOIN messages m ON c.conversation_id = m.conversation_id\r\n      WHERE c.participant_1_id = TO_NUMBER(:USER_ID) OR c.participant_2_id = TO_NUMBER(:USER_ID)\r\n  ) conversations_with_sender;\r\n\r\n   RETURN l_count;\r\nEND;"
    }
  }
 ,{
    "id":"42344082599270438702"
   ,"Identification":{
      "Item Name":"P0_NOTIFICATIONS"
    }
   ,"Execution":{
      "Sequence":10
     ,"Point":"After Submit"
    }
   ,"Computation":{
      "Type":"Function Body"
     ,"Language":"PL\/SQL"
     ,"PL\/SQL Function Body":"DECLARE\r\n  l_count number;\r\nBEGIN\r\n  apex_debug.info(p_message =\u003E\u0027Koen Debug: \u0027||:USER_ID);\r\n  SELECT \r\n      SUM(CASE WHEN status = \u0027Unread\u0027 AND message_sender_id != TO_NUMBER(:USER_ID) THEN 1 ELSE 0 END)\r\n  INTO l_count\r\n  FROM (\r\n      SELECT \r\n          m.status,\r\n          m.message_sender_id\r\n      FROM conversations c\r\n      LEFT JOIN messages m ON c.conversation_id = m.conversation_id\r\n      WHERE c.participant_1_id = TO_NUMBER(:USER_ID) OR c.participant_2_id = TO_NUMBER(:USER_ID)\r\n  ) conversations_with_sender;\r\n\r\n   RETURN l_count;\r\nEND;"
    }
   ,"Security":{
      "Authorization Scheme":"Must Not Be Public User"
    }
  }
]
