[
  {
    "id":"19471990971193504363"
   ,"Identification":{
      "File Name":"icons\/app-icon-32.png"
    }
   ,"Attributes":{
      "Mime Type":"image\/png"
     ,"File Character Set":"Unicode UTF-8"
    }
  }
 ,{
    "id":"19471991288561504364"
   ,"Identification":{
      "File Name":"icons\/app-icon-144-rounded.png"
    }
   ,"Attributes":{
      "Mime Type":"image\/png"
     ,"File Character Set":"Unicode UTF-8"
    }
  }
 ,{
    "id":"19471991570449504364"
   ,"Identification":{
      "File Name":"icons\/app-icon-192.png"
    }
   ,"Attributes":{
      "Mime Type":"image\/png"
     ,"File Character Set":"Unicode UTF-8"
    }
  }
 ,{
    "id":"19471991877747504365"
   ,"Identification":{
      "File Name":"icons\/app-icon-256-rounded.png"
    }
   ,"Attributes":{
      "Mime Type":"image\/png"
     ,"File Character Set":"Unicode UTF-8"
    }
  }
 ,{
    "id":"19471992186733504365"
   ,"Identification":{
      "File Name":"icons\/app-icon-512.png"
    }
   ,"Attributes":{
      "Mime Type":"image\/png"
     ,"File Character Set":"Unicode UTF-8"
    }
  }
 ,{
    "id":"20807173457273217111"
   ,"Identification":{
      "File Name":"navigation_style.css"
    }
   ,"Attributes":{
      "Mime Type":"text\/css"
     ,"File Character Set":"Unicode UTF-8"
    }
  }
 ,{
    "id":"20807177187490217644"
   ,"Identification":{
      "File Name":"navigation_style.min.css"
    }
   ,"Attributes":{
      "Mime Type":"text\/css"
     ,"File Character Set":"Unicode UTF-8"
    }
  }
 ,{
    "id":"22379162555351389713"
   ,"Identification":{
      "File Name":"Styling\/main_style.css"
    }
   ,"Attributes":{
      "Mime Type":"text\/css"
     ,"File Character Set":"Unicode UTF-8"
    }
  }
 ,{
    "id":"34133189013187998212"
   ,"Identification":{
      "File Name":"Cahaya Dewi.png"
    }
   ,"Attributes":{
      "Mime Type":"image\/png"
     ,"File Character Set":"Unicode UTF-8"
    }
  }
 ,{
    "id":"34390362242333477746"
   ,"Identification":{
      "File Name":"f4d40e61300d691ed227eb38df3db0954344845f_sliders-web solaire alania.jpg"
    }
   ,"Attributes":{
      "Mime Type":"image\/jpeg"
     ,"File Character Set":"Unicode UTF-8"
    }
  }
 ,{
    "id":"34395624853018631094"
   ,"Identification":{
      "File Name":"8fff7ee9d1f31c391b4ba187ef5d7ce90737debd_apothika desk.jpg"
    }
   ,"Attributes":{
      "Mime Type":"image\/jpeg"
     ,"File Character Set":"Unicode UTF-8"
    }
  }
 ,{
    "id":"42907041609525776247"
   ,"Identification":{
      "File Name":"Styling\/main_style.min.css"
    }
   ,"Attributes":{
      "Mime Type":"text\/css"
     ,"File Character Set":"Unicode UTF-8"
    }
  }
]
