[
  {
    "id":"21951365943918500833"
   ,"Identification":{
      "Name":"Initialize Shopping Cart Header"
     ,"Type":"NATIVE_PLSQL"
    }
   ,"Source":{
      "Location":"Local Database"
     ,"Language":"PL\/SQL"
     ,"PL\/SQL Code":"-- Initialize shopping cart navigation bar to show appropriate icon and count\r\nDECLARE\r\n    l_cnt NUMBER := manage_orders.get_quantity;\r\nBEGIN\r\n    IF l_cnt \u003E 0 THEN\r\n        :SHOPPING_CART_ITEMS := l_cnt;\r\n        :SHOPPING_CART_ICON := \u0027fa-cart-full\u0027;\r\n    ELSE\r\n        :SHOPPING_CART_ITEMS := \u0027\u0027;\r\n        :SHOPPING_CART_ICON := \u0027fa-cart-empty\u0027;\r\n    END IF;\r\nEND;"
    }
   ,"Execution":{
      "Sequence":1
     ,"Point":"Before Header"
    }
  }
]
