[
  {
    "id":"20024761081431772638"
   ,"Identification":{
      "Name":"USERNAME"
     ,"Scope":"Application"
    }
   ,"Security":{
      "Session State Protection":"Restricted - May not be set from browser"
     ,"Escape special characters":true
    }
  }
 ,{
    "id":"20504507943458813284"
   ,"Identification":{
      "Name":"USER_ROLE"
     ,"Scope":"Application"
    }
   ,"Security":{
      "Session State Protection":"Restricted - May not be set from browser"
     ,"Escape special characters":true
    }
  }
 ,{
    "id":"20671616668791639339"
   ,"Identification":{
      "Name":"SHOPPING_CART_ICON"
     ,"Scope":"Application"
    }
   ,"Security":{
      "Session State Protection":"Restricted - May not be set from browser"
     ,"Escape special characters":true
    }
  }
 ,{
    "id":"20996820978219327943"
   ,"Identification":{
      "Name":"USER_ID"
     ,"Scope":"Application"
    }
   ,"Security":{
      "Session State Protection":"Restricted - May not be set from browser"
     ,"Escape special characters":true
    }
  }
 ,{
    "id":"21943867536552958221"
   ,"Identification":{
      "Name":"SHOPPING_CART_ITEMS"
     ,"Scope":"Application"
    }
   ,"Security":{
      "Session State Protection":"Restricted - May not be set from browser"
     ,"Escape special characters":true
    }
  }
]
