[
  {
    "id":"19471994072932504368"
   ,"Identification":{
      "Name":"Administration Rights"
    }
   ,"Authorization Scheme":{
      "Type":"Is In Role or Group"
    }
   ,"Settings":{
      "Type":"Application Role"
     ,"Name(s)":"Administrator"
    }
   ,"Server Cache":{
      "Evaluation Point":"Once per Page View"
    }
   ,"Error":{
      "Error Message":"Insufficient privileges, user is not an Administrator"
    }
  }
 ,{
    "id":"19471994144048504368"
   ,"Identification":{
      "Name":"Reader Rights"
    }
   ,"Authorization Scheme":{
      "Type":"PL\/SQL Function Returning Boolean"
    }
   ,"Settings":{
      "PL\/SQL Function Body":"if nvl(apex_app_setting.get_value(\n   p_name =\u003E \u0027ACCESS_CONTROL_SCOPE\u0027),\u0027x\u0027) = \u0027ALL_USERS\u0027 then\n    -- allow user not in the ACL to access the application\n    return true;\nelse\n    -- require user to have at least one role\n    return apex_acl.has_user_any_roles (\n        p_application_id =\u003E :APP_ID, \n        p_user_name      =\u003E :APP_USER);\nend if;"
    }
   ,"Server Cache":{
      "Evaluation Point":"Once per Session"
    }
   ,"Error":{
      "Error Message":"You are not authorized to view this application, either because you have not been granted access, or your account has been locked. Please contact the application administrator."
    }
  }
 ,{
    "id":"19471994209524504368"
   ,"Identification":{
      "Name":"Contribution Rights"
    }
   ,"Authorization Scheme":{
      "Type":"Is In Role or Group"
    }
   ,"Settings":{
      "Type":"Application Role"
     ,"Name(s)":"Administrator,Contributor"
    }
   ,"Server Cache":{
      "Evaluation Point":"Once per Page View"
    }
   ,"Error":{
      "Error Message":"Insufficient privileges, user is not a Contributor"
    }
  }
 ,{
    "id":"19994436662008524033"
   ,"Identification":{
      "Name":"Seller Rights -- Custom"
    }
   ,"Authorization Scheme":{
      "Type":"PL\/SQL Function Returning Boolean"
    }
   ,"Settings":{
      "PL\/SQL Function Body":"BEGIN\r\n   IF upper(:USER_ROLE) = \u0027SELLER\u0027 THEN\r\n       RETURN TRUE; -- Validate that current user has a seller account\r\n   ELSE\r\n       RETURN FALSE; -- Validate that current user doesn\u0027t have a seller account\r\n   end if;\r\nEND;\r\n"
    }
   ,"Server Cache":{
      "Evaluation Point":"Once per Page View"
    }
   ,"Error":{
      "Error Message":"You are not authorized to access this page. Please ensure you have a seller account."
    }
  }
 ,{
    "id":"20403697192616025455"
   ,"Identification":{
      "Name":"Administrator Rights -- Custom"
    }
   ,"Authorization Scheme":{
      "Type":"PL\/SQL Function Returning Boolean"
    }
   ,"Settings":{
      "PL\/SQL Function Body":"BEGIN\r\n   IF upper(:USER_ROLE) = \u0027ADMIN\u0027 THEN \r\n       RETURN TRUE; -- Validate that current user is an admin\r\n   ELSE \r\n       RETURN FALSE; -- Validate that current user is not an admin\r\n   end if;\r\nEND;\r\n"
    }
   ,"Server Cache":{
      "Evaluation Point":"Once per Page View"
    }
   ,"Error":{
      "Error Message":"Access Denied. User is not authorized as an admin."
    }
  }
]
