[
  {
    "id":"19471505131687504215"
   ,"Identification":{
      "Name":"Oracle APEX Accounts"
    }
   ,"Settings":{
      "Type":"Oracle APEX Accounts"
    }
   ,"Session Not Valid":{
      "Redirect to":"Login Page"
    }
   ,"Login Processing":{
      "Switch in Session":false
    }
   ,"Real Application Security":{
      "RAS Mode":"Disabled"
    }
  }
 ,{
    "id":"19858520399562056296"
   ,"Identification":{
      "Name":"User Authentication"
    }
   ,"Settings":{
      "Type":"Custom"
     ,"Authentication Function Name":"user_auth"
     ,"Enable Legacy Authentication Attributes":false
    }
   ,"Source":{
      "PL\/SQL Code":"FUNCTION user_auth (p_username IN VARCHAR2, p_password IN VARCHAR2) RETURN BOOLEAN IS\r\n    l_user_is_admin NUMBER := 0;\r\n    l_user_is_customer NUMBER := 0;\r\n    l_firstname customer.firstName%TYPE;\r\n    l_lastname customer.lastName%TYPE;\r\nBEGIN\r\n    -- Check if the user is admin\r\n    SELECT COUNT(*)\r\n    INTO l_user_is_admin\r\n    FROM admins\r\n    WHERE lower(admin_email) = lower(p_username)\r\n    AND admin_password = p_password;\r\n\r\n    IF(l_user_is_admin = 0) THEN\r\n        -- Check if the user is customer\r\n        SELECT COUNT(*)\r\n        INTO l_user_is_customer\r\n        FROM customer\r\n        WHERE lower(email) = lower(p_username)\r\n        AND password = MANAGE_CUSTOMERS.check_pw_authenticity(email, p_password, salt);\r\n    END IF;\r\n\r\n    IF l_user_is_admin = 0 AND l_user_is_customer = 0 THEN\r\n        RETURN FALSE; -- Authentication failed\r\n    ELSE\r\n        IF l_user_is_admin \u003E 0 THEN\r\n            SELECT admin_name,admin_id\r\n                INTO :USERNAME, :USER_ID\r\n                FROM admins\r\n                WHERE lower(admin_email) = lower(p_username);\r\n            :USER_ROLE := \u0027ADMIN\u0027;\r\n            RETURN TRUE; -- Authentication successful and user is an administrator\r\n        ELSE\r\n        \r\n            --getting customer first and last name\r\n            SELECT customer_id, firstName, lastName\r\n              INTO :USER_ID, l_firstname,l_lastname\r\n              FROM customer\r\n              WHERE lower(email) = lower(p_username);\r\n            :USERNAME := l_firstname || \u0027 \u0027 || l_lastname;\r\n\r\n            --getting customer role\r\n            SELECT upper(cus_type_name)\r\n                INTO :USER_ROLE\r\n                FROM Customer_type ct, customer c\r\n                WHERE  lower(c.email) = lower(p_username)\r\n                AND ct.cus_type_id = c.cus_type_id;\r\n            RETURN TRUE; -- Authentication successful and user is an either a seller or buyer\r\n        END IF;\r\n    END IF;\r\nEND user_auth;\r\n\r\n"
    }
   ,"Session Not Valid":{
      "Redirect to":"Login Page"
    }
   ,"Login Processing":{
      "Switch in Session":false
    }
   ,"Real Application Security":{
      "RAS Mode":"Disabled"
    }
  }
]
