[
  {
    "id":"19471505442726504215"
   ,"Identification":{
      "Name":"Breadcrumb"
    }
   ,"Entries":[
      {
        "id":"19471505657936504215"
       ,"Identification":{
          "Name":"Home"
         ,"Page Number":"1"
        }
       ,"Execution":{
          "Sequence":10
        }
       ,"Link":{
          "Target":{
            "url":"f?p=\u0026APP_ID.:1:\u0026APP_SESSION.::\u0026DEBUG.:::"
           ,"Page":"1"
          }
        }
      }
     ,{
        "id":"19482271511659507255"
       ,"Identification":{
          "Name":"Administration"
         ,"Page Number":"10000"
        }
       ,"Execution":{
          "Sequence":10
        }
       ,"Link":{
          "Target":{
            "url":"f?p=\u0026APP_ID.:10000:\u0026APP_SESSION.::\u0026DEBUG.:::"
           ,"Page":"10000"
          }
        }
      }
     ,{
        "id":"24536468045032578204"
       ,"Identification":{
          "Name":"Product List"
         ,"Page Number":"3"
        }
       ,"Execution":{
          "Sequence":10
        }
       ,"Link":{
          "Target":{
            "url":"f?p=\u0026APP_ID.:3:\u0026APP_SESSION.::\u0026DEBUG.:::"
           ,"Page":"3"
          }
        }
      }
     ,{
        "id":"28048506066266569215"
       ,"Identification":{
          "Name":"dynamic_action"
         ,"Page Number":"8"
        }
       ,"Execution":{
          "Sequence":10
        }
       ,"Link":{
          "Target":{
            "url":"f?p=\u0026APP_ID.:8:\u0026APP_SESSION.::\u0026DEBUG.:::"
           ,"Page":"8"
          }
        }
      }
     ,{
        "id":"31837227452106129530"
       ,"Identification":{
          "Name":"Whishlist"
         ,"Page Number":"31"
        }
       ,"Execution":{
          "Sequence":10
        }
       ,"Link":{
          "Target":{
            "url":"f?p=\u0026APP_ID.:31:\u0026APP_SESSION.::\u0026DEBUG.:::"
           ,"Page":"31"
          }
        }
      }
     ,{
        "id":"33831360734066412203"
       ,"Identification":{
          "Name":"orders"
         ,"Page Number":"13"
        }
       ,"Execution":{
          "Sequence":10
        }
       ,"Link":{
          "Target":{
            "url":"f?p=\u0026APP_ID.:13:\u0026APP_SESSION.::\u0026DEBUG.:::"
           ,"Page":"13"
          }
        }
      }
    ]
  }
]
