[
  {
    "id":"19471504814952504214"
   ,"Identification":{
      "Name":"Commented Out"
    }
   ,"Status":{
      "Status":"Exclude"
     ,"Default on Export":"Same as Current Status"
     ,"On Upgrade Keep Status":false
    }
  }
 ,{
    "id":"19471992324634504367"
   ,"Identification":{
      "Name":"Feature: Access Control"
    }
   ,"Status":{
      "Status":"Include"
     ,"Default on Export":"Same as Current Status"
     ,"On Upgrade Keep Status":false
    }
   ,"Comments":{
      "Comments":"Incorporate role based user authentication within your application and manage username mappings to application roles."
    }
  }
 ,{
    "id":"21434114162379173758"
   ,"Identification":{
      "Name":"Feature: About Page"
    }
   ,"Status":{
      "Status":"Include"
     ,"Default on Export":"Same as Current Status"
     ,"On Upgrade Keep Status":false
    }
   ,"Comments":{
      "Comments":"About this application page."
    }
  }
 ,{
    "id":"42257062302502622478"
   ,"Identification":{
      "Name":"Feature: Push Notifications"
    }
   ,"Status":{
      "Status":"Include"
     ,"Default on Export":"Same as Current Status"
     ,"On Upgrade Keep Status":false
    }
   ,"Comments":{
      "Comments":"Allow users to subscribe to push notifications on their devices."
    }
  }
 ,{
    "id":"42257062673926622478"
   ,"Identification":{
      "Name":"Feature: User Settings"
    }
   ,"Status":{
      "Status":"Include"
     ,"Default on Export":"Same as Current Status"
     ,"On Upgrade Keep Status":false
    }
   ,"Comments":{
      "Comments":"The user settings page is a drawer that links to all user settings pages."
    }
  }
]
