[
  {
    "id":"19471505965312504216"
   ,"Identification":{
      "Name":"Navigation Menu"
    }
   ,"Source":{
      "Type":"Static Values"
    }
   ,"Entries":[
      {
        "id":"19472008433002504383"
       ,"Label":{
          "Label":"Home"
        }
       ,"Icon":{
          "Image\/Icon CSS Classes":"fa-home"
        }
       ,"Layout":{
          "Sequence":10
        }
       ,"Is Current":{
          "Type":"Target Page"
        }
       ,"Link":{
          "Target":{
            "url":"f?p=\u0026APP_ID.:1:\u0026APP_SESSION.::\u0026DEBUG.:::"
           ,"Page":"1"
          }
        }
       ,"Click Counting":{
          "Count Clicks":false
        }
       ,"User Defined Attributes":{
          "Translatable":false
        }
      }
     ,{
        "id":"19472009979108504385"
       ,"Label":{
          "Label":"Products"
        }
       ,"Icon":{
          "Image\/Icon CSS Classes":"fa-package"
        }
       ,"Layout":{
          "Sequence":20
        }
       ,"Is Current":{
          "Type":"Target Page"
        }
       ,"Link":{
          "Target":{
            "url":"f?p=\u0026APP_ID.:2:\u0026APP_SESSION.::\u0026DEBUG.:::"
           ,"Page":"2"
          }
        }
       ,"Click Counting":{
          "Count Clicks":false
        }
       ,"User Defined Attributes":{
          "Translatable":false
        }
      }
     ,{
        "id":"19482270604909507254"
       ,"Label":{
          "Label":"Administration"
        }
       ,"Icon":{
          "Image\/Icon CSS Classes":"fa-user-wrench"
        }
       ,"Layout":{
          "Sequence":10000
        }
       ,"Is Current":{
          "Type":"Target Page"
        }
       ,"Link":{
          "Target":{
            "url":"f?p=\u0026APP_ID.:10000:\u0026APP_SESSION.::\u0026DEBUG.:::"
           ,"Page":"10000"
          }
        }
       ,"Click Counting":{
          "Count Clicks":false
        }
       ,"User Defined Attributes":{
          "Translatable":false
        }
       ,"Security":{
          "Authorization Scheme":"Administration Rights (19471994072932504368)"
        }
      }
    ]
  }
 ,{
    "id":"19471989837765504361"
   ,"Identification":{
      "Name":"Navigation Bar"
    }
   ,"Source":{
      "Type":"Static Values"
    }
   ,"Entries":[
      {
        "id":"19482269158832507253"
       ,"Label":{
          "Label":"\u0026USERNAME."
        }
       ,"Icon":{
          "Image\/Icon CSS Classes":"fa-user-circle"
        }
       ,"Layout":{
          "Sequence":70
        }
       ,"Is Current":{
          "Type":"Target Page"
        }
       ,"Link":{
          "Target":"#"
        }
       ,"Click Counting":{
          "Count Clicks":false
        }
       ,"User Defined Attributes":{
          "Translatable":false
         ,"2.":"has-username"
        }
       ,"Server-side Condition":{
          "Type":"User is Authenticated (not public)"
        }
      }
     ,{
        "id":"19482269631381507253"
       ,"Label":{
          "Label":"---"
        }
       ,"Layout":{
          "Sequence":80
         ,"Parent Entry":"\u0026USERNAME. (19482269158832507253)"
        }
       ,"Is Current":{
          "Type":"Target Page"
        }
       ,"Link":{
          "Target":"separator"
        }
       ,"Click Counting":{
          "Count Clicks":false
        }
       ,"User Defined Attributes":{
          "Translatable":false
        }
       ,"Server-side Condition":{
          "Type":"User is Authenticated (not public)"
        }
      }
     ,{
        "id":"19482270034591507254"
       ,"Label":{
          "Label":"Sign Out"
        }
       ,"Icon":{
          "Image\/Icon CSS Classes":"fa-sign-out"
        }
       ,"Layout":{
          "Sequence":150
         ,"Parent Entry":"\u0026USERNAME. (19482269158832507253)"
        }
       ,"Is Current":{
          "Type":"Target Page"
        }
       ,"Link":{
          "Target":"\u0026LOGOUT_URL."
        }
       ,"Click Counting":{
          "Count Clicks":false
        }
       ,"User Defined Attributes":{
          "Translatable":false
        }
       ,"Server-side Condition":{
          "Type":"User is Authenticated (not public)"
        }
      }
     ,{
        "id":"20021162835047703931"
       ,"Label":{
          "Label":"Sign In"
        }
       ,"Icon":{
          "Image\/Icon CSS Classes":"fa-user"
        }
       ,"Layout":{
          "Sequence":40
        }
       ,"Is Current":{
          "Type":"Target Page"
        }
       ,"Link":{
          "Target":{
            "url":"f?p=\u0026APP_ID.:9999:\u0026SESSION.::\u0026DEBUG.::::"
           ,"Page":"9999"
          }
        }
       ,"Click Counting":{
          "Count Clicks":false
        }
       ,"User Defined Attributes":{
          "Translatable":false
        }
       ,"Server-side Condition":{
          "Type":"User is the Public User (user has not authenticated)"
        }
      }
     ,{
        "id":"20395089036547413971"
       ,"Label":{
          "Label":"Settings"
        }
       ,"Icon":{
          "Image\/Icon CSS Classes":"fa-gear"
        }
       ,"Layout":{
          "Sequence":130
         ,"Parent Entry":"\u0026USERNAME. (19482269158832507253)"
        }
       ,"Is Current":{
          "Type":"Target Page"
        }
       ,"Link":{
          "Target":{
            "url":"f?p=\u0026APP_ID.:17:\u0026SESSION.::\u0026DEBUG.:17:::"
           ,"Page":"17"
           ,"Clear Cache":"17"
          }
        }
       ,"Click Counting":{
          "Count Clicks":false
        }
       ,"User Defined Attributes":{
          "Translatable":false
        }
      }
     ,{
        "id":"20396759731919929020"
       ,"Label":{
          "Label":"My Stores"
        }
       ,"Icon":{
          "Image\/Icon CSS Classes":"fa-home"
        }
       ,"Layout":{
          "Sequence":110
         ,"Parent Entry":"\u0026USERNAME. (19482269158832507253)"
        }
       ,"Is Current":{
          "Type":"Target Page"
        }
       ,"Link":{
          "Target":{
            "url":"f?p=\u0026APP_ID.:15:\u0026SESSION.::\u0026DEBUG.::::"
           ,"Page":"15"
          }
        }
       ,"Click Counting":{
          "Count Clicks":false
        }
       ,"User Defined Attributes":{
          "Translatable":false
        }
       ,"Server-side Condition":{
          "Type":"Function Body"
         ,"Language":"PL\/SQL"
         ,"PL\/SQL Function Body":"BEGIN \r\n    RETURN :USER_ROLE = \u0027SELLER\u0027;\r\nEND;"
        }
      }
     ,{
        "id":"20671959567239649839"
       ,"Label":{
          "Label":" "
        }
       ,"Icon":{
          "Image\/Icon CSS Classes":"\u0026SHOPPING_CART_ICON."
        }
       ,"Layout":{
          "Sequence":20
        }
       ,"Is Current":{
          "Type":"Target Page"
        }
       ,"Link":{
          "Target":{
            "url":"f?p=\u0026APP_ID.:19:\u0026SESSION.::\u0026DEBUG.:19:::"
           ,"Page":"19"
           ,"Clear Cache":"19"
          }
        }
       ,"Click Counting":{
          "Count Clicks":false
        }
       ,"User Defined Attributes":{
          "Translatable":false
         ,"1.":"\u0026SHOPPING_CART_ITEMS."
         ,"2.":"js-shopping-cart-item"
        }
      }
     ,{
        "id":"21241282232978866322"
       ,"Label":{
          "Label":"Administration"
        }
       ,"Icon":{
          "Image\/Icon CSS Classes":"fa-wrench"
        }
       ,"Layout":{
          "Sequence":60
        }
       ,"Is Current":{
          "Type":"Target Page"
        }
       ,"Link":{
          "Target":{
            "url":"f?p=\u0026APP_ID.:10000:\u0026SESSION.::\u0026DEBUG.::::"
           ,"Page":"10000"
          }
        }
       ,"Click Counting":{
          "Count Clicks":false
        }
       ,"User Defined Attributes":{
          "Translatable":false
        }
       ,"Server-side Condition":{
          "Type":"User is Authenticated (not public)"
        }
       ,"Security":{
          "Authorization Scheme":"Administrator Rights -- Custom (20403697192616025455)"
        }
      }
     ,{
        "id":"21467633970025320514"
       ,"Label":{
          "Label":"Add Store"
        }
       ,"Icon":{
          "Image\/Icon CSS Classes":"fa-plus-circle"
        }
       ,"Layout":{
          "Sequence":50
        }
       ,"Is Current":{
          "Type":"Target Page"
        }
       ,"Link":{
          "Target":{
            "url":"f?p=\u0026APP_ID.:30:\u0026SESSION.::\u0026DEBUG.:30:::"
           ,"Page":"30"
           ,"Clear Cache":"30"
          }
        }
       ,"Click Counting":{
          "Count Clicks":false
        }
       ,"User Defined Attributes":{
          "Translatable":false
        }
       ,"Security":{
          "Authorization Scheme":"Must Not Be Public User"
        }
      }
     ,{
        "id":"21999325110607183114"
       ,"Label":{
          "Label":"Seller Dashboard"
        }
       ,"Icon":{
          "Image\/Icon CSS Classes":"fa-dashboard"
        }
       ,"Layout":{
          "Sequence":120
         ,"Parent Entry":"\u0026USERNAME. (19482269158832507253)"
        }
       ,"Is Current":{
          "Type":"Target Page"
        }
       ,"Link":{
          "Target":{
            "url":"f?p=\u0026APP_ID.:70:\u0026SESSION.::\u0026DEBUG.:70:::"
           ,"Page":"70"
           ,"Clear Cache":"70"
          }
        }
       ,"Click Counting":{
          "Count Clicks":false
        }
       ,"User Defined Attributes":{
          "Translatable":false
        }
       ,"Server-side Condition":{
          "Type":"Function Body"
         ,"Language":"PL\/SQL"
         ,"PL\/SQL Function Body":"BEGIN \r\n    RETURN :USER_ROLE = \u0027SELLER\u0027;\r\nEND;"
        }
       ,"Security":{
          "Authorization Scheme":"Seller Rights -- Custom (19994436662008524033)"
        }
      }
     ,{
        "id":"33812280560900789925"
       ,"Label":{
          "Label":"My Orders"
        }
       ,"Icon":{
          "Image\/Icon CSS Classes":"fa-calendar-check-o"
        }
       ,"Layout":{
          "Sequence":100
         ,"Parent Entry":"\u0026USERNAME. (19482269158832507253)"
        }
       ,"Is Current":{
          "Type":"Target Page"
        }
       ,"Link":{
          "Target":{
            "url":"f?p=\u0026APP_ID.:13:\u0026SESSION.::\u0026DEBUG.:13:::"
           ,"Page":"13"
           ,"Clear Cache":"13"
          }
        }
       ,"Click Counting":{
          "Count Clicks":false
        }
       ,"User Defined Attributes":{
          "Translatable":false
        }
      }
     ,{
        "id":"33816372477082858574"
       ,"Label":{
          "Label":" "
        }
       ,"Icon":{
          "Image\/Icon CSS Classes":"fa-heart"
        }
       ,"Layout":{
          "Sequence":30
        }
       ,"Is Current":{
          "Type":"Target Page"
        }
       ,"Link":{
          "Target":{
            "url":"f?p=\u0026APP_ID.:31:\u0026SESSION.::\u0026DEBUG.:31:::"
           ,"Page":"31"
           ,"Clear Cache":"31"
          }
        }
       ,"Click Counting":{
          "Count Clicks":false
        }
       ,"User Defined Attributes":{
          "Translatable":false
        }
      }
     ,{
        "id":"42173720948844169149"
       ,"Label":{
          "Label":"About Us"
        }
       ,"Icon":{
          "Image\/Icon CSS Classes":"fa-info-circle"
        }
       ,"Layout":{
          "Sequence":140
         ,"Parent Entry":"\u0026USERNAME. (19482269158832507253)"
        }
       ,"Is Current":{
          "Type":"Target Page"
        }
       ,"Link":{
          "Target":{
            "url":"f?p=\u0026APP_ID.:9000:\u0026SESSION.::\u0026DEBUG.::::"
           ,"Page":"9000"
          }
        }
       ,"Click Counting":{
          "Count Clicks":false
        }
       ,"User Defined Attributes":{
          "Translatable":false
        }
      }
     ,{
        "id":"42209376227959468504"
       ,"Label":{
          "Label":" "
        }
       ,"Icon":{
          "Image\/Icon CSS Classes":"fa-bell"
        }
       ,"Layout":{
          "Sequence":10
        }
       ,"Is Current":{
          "Type":"Target Page"
        }
       ,"Link":{
          "Target":{
            "url":"f?p=\u0026APP_ID.:14:\u0026SESSION.::\u0026DEBUG.::::"
           ,"Page":"14"
          }
        }
       ,"Click Counting":{
          "Count Clicks":false
        }
       ,"User Defined Attributes":{
          "Translatable":false
         ,"1.":"\u0026P0_NOTIFICATIONS."
        }
       ,"Security":{
          "Authorization Scheme":"Must Not Be Public User"
        }
      }
     ,{
        "id":"42347342484962456805"
       ,"Label":{
          "Label":"My Messages"
        }
       ,"Icon":{
          "Image\/Icon CSS Classes":"fa-users-chat"
        }
       ,"Layout":{
          "Sequence":90
         ,"Parent Entry":"\u0026USERNAME. (19482269158832507253)"
        }
       ,"Is Current":{
          "Type":"Target Page"
        }
       ,"Link":{
          "Target":{
            "url":"f?p=\u0026APP_ID.:16:\u0026SESSION.::\u0026DEBUG.::::"
           ,"Page":"16"
          }
        }
       ,"Click Counting":{
          "Count Clicks":false
        }
       ,"User Defined Attributes":{
          "Translatable":false
         ,"1.":"\u0026P0_NOTIFICATIONS."
        }
      }
    ]
  }
 ,{
    "id":"19482233766436507221"
   ,"Identification":{
      "Name":"Page Navigation"
    }
   ,"Source":{
      "Type":"Static Values"
    }
   ,"Entries":[
      {
        "id":"19482234192464507222"
       ,"Label":{
          "Label":"Products"
        }
       ,"Icon":{
          "Image\/Icon CSS Classes":"fa-package"
        }
       ,"Layout":{
          "Sequence":20
        }
       ,"Is Current":{
          "Type":"Target Page"
        }
       ,"Link":{
          "Target":{
            "url":"f?p=\u0026APP_ID.:2:\u0026APP_SESSION.::\u0026DEBUG.:::"
           ,"Page":"2"
          }
        }
       ,"Click Counting":{
          "Count Clicks":false
        }
       ,"User Defined Attributes":{
          "Translatable":false
        }
      }
    ]
  }
 ,{
    "id":"19482271706157507255"
   ,"Identification":{
      "Name":"Access Control"
    }
   ,"Source":{
      "Type":"Static Values"
    }
   ,"Configuration":{
      "Build Option":"Feature: Access Control (19471992324634504367)"
    }
   ,"Entries":[
      {
        "id":"19482272168285507255"
       ,"Label":{
          "Label":"Users"
        }
       ,"Icon":{
          "Image\/Icon CSS Classes":"fa-users"
        }
       ,"Layout":{
          "Sequence":10
        }
       ,"Is Current":{
          "Type":"Target Page"
        }
       ,"Link":{
          "Target":{
            "url":"f?p=\u0026APP_ID.:10011:\u0026APP_SESSION.::\u0026DEBUG.:RP::"
           ,"Page":"10011"
           ,"Clear Cache":"RP"
          }
        }
       ,"Click Counting":{
          "Count Clicks":false
        }
       ,"User Defined Attributes":{
          "Translatable":false
         ,"1.":"Set level of access for authenticated users of this application"
        }
      }
     ,{
        "id":"19482272581007507256"
       ,"Label":{
          "Label":"Access Control"
        }
       ,"Icon":{
          "Image\/Icon CSS Classes":"fa-key"
        }
       ,"Layout":{
          "Sequence":20
        }
       ,"Is Current":{
          "Type":"Target Page"
        }
       ,"Link":{
          "Target":{
            "url":"f?p=\u0026APP_ID.:10010:\u0026APP_SESSION.::\u0026DEBUG.:::"
           ,"Page":"10010"
          }
        }
       ,"Click Counting":{
          "Count Clicks":false
        }
       ,"User Defined Attributes":{
          "Translatable":false
         ,"1.":"Change access control settings and disable access control"
        }
      }
    ]
  }
 ,{
    "id":"19482272891687507256"
   ,"Identification":{
      "Name":"Application Administration"
    }
   ,"Source":{
      "Type":"Static Values"
    }
   ,"Entries":[
      {
        "id":"19482274038912507256"
       ,"Label":{
          "Label":"Delivery"
        }
       ,"Icon":{
          "Image\/Icon CSS Classes":"fa-table"
        }
       ,"Layout":{
          "Sequence":30
        }
       ,"Is Current":{
          "Type":"Target Page"
        }
       ,"Link":{
          "Target":{
            "url":"f?p=\u0026APP_ID.:7:\u0026APP_SESSION.::\u0026DEBUG.:::"
           ,"Page":"7"
          }
        }
       ,"Click Counting":{
          "Count Clicks":false
        }
       ,"User Defined Attributes":{
          "Translatable":false
         ,"1.":"Manage component"
        }
      }
     ,{
        "id":"19482274822518507257"
       ,"Label":{
          "Label":"Product"
        }
       ,"Icon":{
          "Image\/Icon CSS Classes":"fa-table"
        }
       ,"Layout":{
          "Sequence":50
        }
       ,"Is Current":{
          "Type":"Target Page"
        }
       ,"Link":{
          "Target":{
            "url":"f?p=\u0026APP_ID.:11:\u0026APP_SESSION.::\u0026DEBUG.:::"
           ,"Page":"11"
          }
        }
       ,"Click Counting":{
          "Count Clicks":false
        }
       ,"User Defined Attributes":{
          "Translatable":false
         ,"1.":"Manage component"
        }
      }
    ]
  }
 ,{
    "id":"21230749909681782621"
   ,"Identification":{
      "Name":"Category List"
    }
   ,"Source":{
      "Type":"SQL Query"
     ,"SQL Query":"SELECT LEVEL,\r\n        category_name label,\r\n        \u0027f?p=\u0026APP_ID.:2:\u0026SESSION.:::2:P2_CATEG_ID:\u0027 || \"CATEGORY_ID\"  target,\r\n       \u0027no\u0027 is_current,\r\n       null as image_value, \r\n       null as image_attr_value, \r\n       null as image_alt_value,                   \r\n      category_parent             \r\n             FROM categories                 \r\n       START WITH category_parent IS NULL\r\n       CONNECT BY PRIOR category_id = category_parent\r\nORDER SIBLINGS BY category_id\r\n\r\n\r\n\r\n\r\n\r\n\r\n\r\n\r\n\r\n\r\n\r\n\r\n\r\n\r\n\r\n\r\n"
    }
   ,"Entries":[
      {
        "id":"24536467126825578202"
       ,"Label":{
          "Label":"Product List"
        }
       ,"Icon":{
          "Image\/Icon CSS Classes":"fa-table"
        }
       ,"Layout":{
          "Sequence":10
        }
       ,"Is Current":{
          "Type":"Pages"
         ,"Pages":[
            "3"
          ]
        }
       ,"Link":{
          "Target":{
            "url":"f?p=\u0026APP_ID.:3:\u0026APP_SESSION.::\u0026DEBUG.:::"
           ,"Page":"3"
          }
        }
       ,"Click Counting":{
          "Count Clicks":false
        }
       ,"User Defined Attributes":{
          "Translatable":false
        }
      }
     ,{
        "id":"28048505102135569209"
       ,"Label":{
          "Label":"dynamic_action"
        }
       ,"Icon":{
          "Image\/Icon CSS Classes":"fa-table"
        }
       ,"Layout":{
          "Sequence":20
        }
       ,"Is Current":{
          "Type":"Pages"
         ,"Pages":[
            "8"
          ]
        }
       ,"Link":{
          "Target":{
            "url":"f?p=\u0026APP_ID.:8:\u0026APP_SESSION.::\u0026DEBUG.:::"
           ,"Page":"8"
          }
        }
       ,"Click Counting":{
          "Count Clicks":false
        }
       ,"User Defined Attributes":{
          "Translatable":false
        }
      }
     ,{
        "id":"29468440307881824636"
       ,"Label":{
          "Label":"Add Product"
        }
       ,"Icon":{
          "Image\/Icon CSS Classes":"fa-magic"
        }
       ,"Layout":{
          "Sequence":40
        }
       ,"Is Current":{
          "Type":"Pages"
         ,"Pages":[
            "40"
          ]
        }
       ,"Link":{
          "Target":{
            "url":"f?p=\u0026APP_ID.:40:\u0026APP_SESSION.::\u0026DEBUG.:::"
           ,"Page":"40"
          }
        }
       ,"Click Counting":{
          "Count Clicks":false
        }
       ,"User Defined Attributes":{
          "Translatable":false
        }
      }
     ,{
        "id":"31837226658582129529"
       ,"Label":{
          "Label":"Whishlist"
        }
       ,"Icon":{
          "Image\/Icon CSS Classes":"fa-table"
        }
       ,"Layout":{
          "Sequence":90
        }
       ,"Is Current":{
          "Type":"Pages"
         ,"Pages":[
            "31"
          ]
        }
       ,"Link":{
          "Target":{
            "url":"f?p=\u0026APP_ID.:31:\u0026APP_SESSION.::\u0026DEBUG.:::"
           ,"Page":"31"
          }
        }
       ,"Click Counting":{
          "Count Clicks":false
        }
       ,"User Defined Attributes":{
          "Translatable":false
        }
      }
     ,{
        "id":"33831359882228412202"
       ,"Label":{
          "Label":"orders"
        }
       ,"Icon":{
          "Image\/Icon CSS Classes":"fa-table"
        }
       ,"Layout":{
          "Sequence":110
        }
       ,"Is Current":{
          "Type":"Pages"
         ,"Pages":[
            "13"
          ]
        }
       ,"Link":{
          "Target":{
            "url":"f?p=\u0026APP_ID.:13:\u0026APP_SESSION.::\u0026DEBUG.:::"
           ,"Page":"13"
          }
        }
       ,"Click Counting":{
          "Count Clicks":false
        }
       ,"User Defined Attributes":{
          "Translatable":false
        }
      }
     ,{
        "id":"33838191538371159656"
       ,"Label":{
          "Label":"Edit Product"
        }
       ,"Icon":{
          "Image\/Icon CSS Classes":"fa-magic"
        }
       ,"Layout":{
          "Sequence":120
        }
       ,"Is Current":{
          "Type":"Pages"
         ,"Pages":[
            "60"
          ]
        }
       ,"Link":{
          "Target":{
            "url":"f?p=\u0026APP_ID.:60:\u0026APP_SESSION.::\u0026DEBUG.:::"
           ,"Page":"60"
          }
        }
       ,"Click Counting":{
          "Count Clicks":false
        }
       ,"User Defined Attributes":{
          "Translatable":false
        }
      }
    ]
  }
 ,{
    "id":"22271017539807323125"
   ,"Identification":{
      "Name":"Nav Bar"
    }
   ,"Source":{
      "Type":"Static Values"
    }
   ,"Entries":[
      {
        "id":"22271017755574323125"
       ,"Label":{
          "Label":"Fashion"
        }
       ,"Layout":{
          "Sequence":10
        }
       ,"Is Current":{
          "Type":"Target Page"
        }
       ,"User Defined Attributes":{
          "Translatable":false
        }
      }
    ]
  }
 ,{
    "id":"28548107138450930501"
   ,"Identification":{
      "Name":"test"
    }
   ,"Source":{
      "Type":"Static Values"
    }
   ,"Entries":[
      {
        "id":"28548108564489930503"
       ,"Label":{
          "Label":"Step 2"
        }
       ,"Layout":{
          "Sequence":10
        }
       ,"Is Current":{
          "Type":"Target Page"
        }
       ,"Link":{
          "Target":{
            "url":"f?p=\u0026APP_ID.:40:\u0026APP_SESSION.::\u0026DEBUG.:::"
           ,"Page":"40"
          }
        }
       ,"Click Counting":{
          "Count Clicks":false
        }
       ,"User Defined Attributes":{
          "Translatable":false
        }
      }
    ]
  }
 ,{
    "id":"28563360503014778616"
   ,"Identification":{
      "Name":"Create New Product"
    }
   ,"Source":{
      "Type":"Static Values"
    }
   ,"Entries":[
      {
        "id":"28563361930700778618"
       ,"Label":{
          "Label":"Add New Product"
        }
       ,"Layout":{
          "Sequence":10
        }
       ,"Is Current":{
          "Type":"Target Page"
        }
       ,"Link":{
          "Target":{
            "url":"f?p=\u0026APP_ID.:40:\u0026APP_SESSION.::\u0026DEBUG.:::"
           ,"Page":"40"
          }
        }
       ,"Click Counting":{
          "Count Clicks":false
        }
       ,"User Defined Attributes":{
          "Translatable":false
        }
      }
    ]
  }
 ,{
    "id":"29468439894855824633"
   ,"Identification":{
      "Name":"Add Product"
    }
   ,"Source":{
      "Type":"Static Values"
    }
   ,"Entries":[
      {
        "id":"29468441228180824636"
       ,"Label":{
          "Label":"Add Product Information"
        }
       ,"Layout":{
          "Sequence":10
        }
       ,"Is Current":{
          "Type":"Target Page"
        }
       ,"Link":{
          "Target":{
            "url":"f?p=\u0026APP_ID.:40:\u0026APP_SESSION.::\u0026DEBUG.:::"
           ,"Page":"40"
          }
        }
       ,"Click Counting":{
          "Count Clicks":false
        }
       ,"User Defined Attributes":{
          "Translatable":false
        }
      }
     ,{
        "id":"29468445595773824639"
       ,"Label":{
          "Label":"Add Product Variant"
        }
       ,"Layout":{
          "Sequence":20
        }
       ,"Is Current":{
          "Type":"Target Page"
        }
       ,"Link":{
          "Target":{
            "url":"f?p=\u0026APP_ID.:41:\u0026APP_SESSION.::\u0026DEBUG.:::"
           ,"Page":"41"
          }
        }
       ,"Click Counting":{
          "Count Clicks":false
        }
       ,"User Defined Attributes":{
          "Translatable":false
        }
      }
     ,{
        "id":"29468450506834824642"
       ,"Label":{
          "Label":"Add Product Images"
        }
       ,"Layout":{
          "Sequence":30
        }
       ,"Is Current":{
          "Type":"Target Page"
        }
       ,"Link":{
          "Target":{
            "url":"f?p=\u0026APP_ID.:42:\u0026APP_SESSION.::\u0026DEBUG.:::"
           ,"Page":"42"
          }
        }
       ,"Click Counting":{
          "Count Clicks":false
        }
       ,"User Defined Attributes":{
          "Translatable":false
        }
      }
    ]
  }
 ,{
    "id":"30346880219882947709"
   ,"Identification":{
      "Name":"Product Update"
    }
   ,"Source":{
      "Type":"Static Values"
    }
  }
 ,{
    "id":"30355556404270515879"
   ,"Identification":{
      "Name":"Update Product"
    }
   ,"Source":{
      "Type":"Static Values"
    }
   ,"Entries":[
      {
        "id":"30355557804710515882"
       ,"Label":{
          "Label":"Edit General Info"
        }
       ,"Layout":{
          "Sequence":10
        }
       ,"Is Current":{
          "Type":"Target Page"
        }
       ,"Link":{
          "Target":{
            "url":"f?p=\u0026APP_ID.:43:\u0026APP_SESSION.::\u0026DEBUG.:::"
           ,"Page":"43"
          }
        }
       ,"Click Counting":{
          "Count Clicks":false
        }
       ,"User Defined Attributes":{
          "Translatable":false
        }
      }
     ,{
        "id":"30355562131054515885"
       ,"Label":{
          "Label":"Edit Product Variants"
        }
       ,"Layout":{
          "Sequence":20
        }
       ,"Is Current":{
          "Type":"Target Page"
        }
       ,"Link":{
          "Target":{
            "url":"f?p=\u0026APP_ID.:44:\u0026APP_SESSION.::\u0026DEBUG.:::"
           ,"Page":"44"
          }
        }
       ,"Click Counting":{
          "Count Clicks":false
        }
       ,"User Defined Attributes":{
          "Translatable":false
        }
      }
     ,{
        "id":"30355567342489515887"
       ,"Label":{
          "Label":"Edit Product Images"
        }
       ,"Layout":{
          "Sequence":30
        }
       ,"Is Current":{
          "Type":"Target Page"
        }
       ,"Link":{
          "Target":{
            "url":"f?p=\u0026APP_ID.:45:\u0026APP_SESSION.::\u0026DEBUG.:::"
           ,"Page":"45"
          }
        }
       ,"Click Counting":{
          "Count Clicks":false
        }
       ,"User Defined Attributes":{
          "Translatable":false
        }
      }
    ]
  }
 ,{
    "id":"33832583328507435964"
   ,"Identification":{
      "Name":"Edit Product"
    }
   ,"Source":{
      "Type":"Static Values"
    }
   ,"Entries":[
      {
        "id":"33832584715632435966"
       ,"Label":{
          "Label":"Edit General Info"
        }
       ,"Layout":{
          "Sequence":10
        }
       ,"Is Current":{
          "Type":"Target Page"
        }
       ,"Link":{
          "Target":{
            "url":"f?p=\u0026APP_ID.:50:\u0026APP_SESSION.::\u0026DEBUG.:::"
           ,"Page":"50"
          }
        }
       ,"Click Counting":{
          "Count Clicks":false
        }
       ,"User Defined Attributes":{
          "Translatable":false
        }
      }
     ,{
        "id":"33832589014656435969"
       ,"Label":{
          "Label":"Edit Product Variants"
        }
       ,"Layout":{
          "Sequence":20
        }
       ,"Is Current":{
          "Type":"Target Page"
        }
       ,"Link":{
          "Target":{
            "url":"f?p=\u0026APP_ID.:51:\u0026APP_SESSION.::\u0026DEBUG.:::"
           ,"Page":"51"
          }
        }
       ,"Click Counting":{
          "Count Clicks":false
        }
       ,"User Defined Attributes":{
          "Translatable":false
        }
      }
     ,{
        "id":"33832594096665435972"
       ,"Label":{
          "Label":"Add New Images"
        }
       ,"Layout":{
          "Sequence":30
        }
       ,"Is Current":{
          "Type":"Target Page"
        }
       ,"Link":{
          "Target":{
            "url":"f?p=\u0026APP_ID.:52:\u0026APP_SESSION.::\u0026DEBUG.:::"
           ,"Page":"52"
          }
        }
       ,"Click Counting":{
          "Count Clicks":false
        }
       ,"User Defined Attributes":{
          "Translatable":false
        }
      }
     ,{
        "id":"33832599070112435975"
       ,"Label":{
          "Label":"Edit Product Images"
        }
       ,"Layout":{
          "Sequence":40
        }
       ,"Is Current":{
          "Type":"Target Page"
        }
       ,"Link":{
          "Target":{
            "url":"f?p=\u0026APP_ID.:53:\u0026APP_SESSION.::\u0026DEBUG.:::"
           ,"Page":"53"
          }
        }
       ,"Click Counting":{
          "Count Clicks":false
        }
       ,"User Defined Attributes":{
          "Translatable":false
        }
      }
    ]
  }
 ,{
    "id":"33838191074647159655"
   ,"Identification":{
      "Name":"Edit Product"
    }
   ,"Source":{
      "Type":"Static Values"
    }
   ,"Entries":[
      {
        "id":"33838192432699159656"
       ,"Label":{
          "Label":"Edit Product Info"
        }
       ,"Layout":{
          "Sequence":10
        }
       ,"Is Current":{
          "Type":"Target Page"
        }
       ,"Link":{
          "Target":{
            "url":"f?p=\u0026APP_ID.:60:\u0026APP_SESSION.::\u0026DEBUG.:::"
           ,"Page":"60"
          }
        }
       ,"Click Counting":{
          "Count Clicks":false
        }
       ,"User Defined Attributes":{
          "Translatable":false
        }
      }
     ,{
        "id":"33838196715794159659"
       ,"Label":{
          "Label":"Edit Product Variants"
        }
       ,"Layout":{
          "Sequence":20
        }
       ,"Is Current":{
          "Type":"Target Page"
        }
       ,"Link":{
          "Target":{
            "url":"f?p=\u0026APP_ID.:61:\u0026APP_SESSION.::\u0026DEBUG.:::"
           ,"Page":"61"
          }
        }
       ,"Click Counting":{
          "Count Clicks":false
        }
       ,"User Defined Attributes":{
          "Translatable":false
        }
      }
     ,{
        "id":"33838601780965159663"
       ,"Label":{
          "Label":"Add New Images"
        }
       ,"Layout":{
          "Sequence":30
        }
       ,"Is Current":{
          "Type":"Target Page"
        }
       ,"Link":{
          "Target":{
            "url":"f?p=\u0026APP_ID.:62:\u0026APP_SESSION.::\u0026DEBUG.:::"
           ,"Page":"62"
          }
        }
       ,"Click Counting":{
          "Count Clicks":false
        }
       ,"User Defined Attributes":{
          "Translatable":false
        }
      }
     ,{
        "id":"33838606738900159666"
       ,"Label":{
          "Label":"Edit Product Images"
        }
       ,"Layout":{
          "Sequence":40
        }
       ,"Is Current":{
          "Type":"Target Page"
        }
       ,"Link":{
          "Target":{
            "url":"f?p=\u0026APP_ID.:63:\u0026APP_SESSION.::\u0026DEBUG.:::"
           ,"Page":"63"
          }
        }
       ,"Click Counting":{
          "Count Clicks":false
        }
       ,"User Defined Attributes":{
          "Translatable":false
        }
      }
    ]
  }
 ,{
    "id":"38784043417088031374"
   ,"Identification":{
      "Name":"Seller Dashboard List"
    }
   ,"Source":{
      "Type":"Static Values"
    }
   ,"Entries":[
      {
        "id":"38784043643811031375"
       ,"Label":{
          "Label":"Overview"
        }
       ,"Icon":{
          "Image\/Icon CSS Classes":"fa-compass"
        }
       ,"Layout":{
          "Sequence":10
        }
       ,"Is Current":{
          "Type":"Target Page"
        }
       ,"Link":{
          "Target":{
            "url":"f?p=\u0026APP_ID.:70:\u0026SESSION.::\u0026DEBUG.:70:::"
           ,"Page":"70"
           ,"Clear Cache":"70"
          }
        }
       ,"Click Counting":{
          "Count Clicks":false
        }
       ,"User Defined Attributes":{
          "Translatable":false
        }
      }
     ,{
        "id":"38796914250838316018"
       ,"Label":{
          "Label":"Statistics"
        }
       ,"Icon":{
          "Image\/Icon CSS Classes":"fa-bar-chart-horizontal"
        }
       ,"Layout":{
          "Sequence":20
        }
       ,"Is Current":{
          "Type":"Target Page"
        }
       ,"Link":{
          "Target":{
            "url":"f?p=\u0026APP_ID.:7:\u0026SESSION.::\u0026DEBUG.:7:::"
           ,"Page":"7"
           ,"Clear Cache":"7"
          }
        }
       ,"Click Counting":{
          "Count Clicks":false
        }
       ,"User Defined Attributes":{
          "Translatable":false
        }
      }
     ,{
        "id":"38798911901702348005"
       ,"Label":{
          "Label":"Products"
        }
       ,"Icon":{
          "Image\/Icon CSS Classes":"fa-package"
        }
       ,"Layout":{
          "Sequence":40
        }
       ,"Is Current":{
          "Type":"Target Page"
        }
       ,"Link":{
          "Target":{
            "url":"f?p=\u0026APP_ID.:72:\u0026SESSION.::\u0026DEBUG.::::"
           ,"Page":"72"
          }
        }
       ,"Click Counting":{
          "Count Clicks":false
        }
       ,"User Defined Attributes":{
          "Translatable":false
        }
      }
     ,{
        "id":"38800848600410715094"
       ,"Label":{
          "Label":"Messages"
        }
       ,"Icon":{
          "Image\/Icon CSS Classes":"fa-users-chat"
        }
       ,"Layout":{
          "Sequence":60
        }
       ,"Is Current":{
          "Type":"Target Page"
        }
       ,"Link":{
          "Target":{
            "url":"f?p=\u0026APP_ID.:76:\u0026SESSION.::\u0026DEBUG.::::"
           ,"Page":"76"
          }
        }
       ,"Click Counting":{
          "Count Clicks":false
        }
       ,"User Defined Attributes":{
          "Translatable":false
        }
      }
     ,{
        "id":"38801901438393449769"
       ,"Label":{
          "Label":"Orders"
        }
       ,"Icon":{
          "Image\/Icon CSS Classes":"fa-shopping-bag"
        }
       ,"Layout":{
          "Sequence":70
        }
       ,"Is Current":{
          "Type":"Target Page"
        }
       ,"Link":{
          "Target":{
            "url":"f?p=\u0026APP_ID.:73:\u0026SESSION.::\u0026DEBUG.::::"
           ,"Page":"73"
          }
        }
       ,"Click Counting":{
          "Count Clicks":false
        }
       ,"User Defined Attributes":{
          "Translatable":false
        }
      }
     ,{
        "id":"38802151408744741001"
       ,"Label":{
          "Label":"Invoices"
        }
       ,"Icon":{
          "Image\/Icon CSS Classes":"fa-money"
        }
       ,"Layout":{
          "Sequence":80
        }
       ,"Is Current":{
          "Type":"Target Page"
        }
       ,"Link":{
          "Target":{
            "url":"f?p=\u0026APP_ID.:74:\u0026SESSION.::\u0026DEBUG.::::"
           ,"Page":"74"
          }
        }
       ,"Click Counting":{
          "Count Clicks":false
        }
       ,"User Defined Attributes":{
          "Translatable":false
        }
      }
     ,{
        "id":"40026688716037399846"
       ,"Label":{
          "Label":"Customers"
        }
       ,"Icon":{
          "Image\/Icon CSS Classes":"fa-users-alt"
        }
       ,"Layout":{
          "Sequence":50
        }
       ,"Is Current":{
          "Type":"Target Page"
        }
       ,"Link":{
          "Target":{
            "url":"f?p=\u0026APP_ID.:75:\u0026SESSION.::\u0026DEBUG.::::"
           ,"Page":"75"
          }
        }
       ,"Click Counting":{
          "Count Clicks":false
        }
       ,"User Defined Attributes":{
          "Translatable":false
        }
      }
     ,{
        "id":"41069857335266876794"
       ,"Label":{
          "Label":"Stores"
        }
       ,"Icon":{
          "Image\/Icon CSS Classes":"fa-home"
        }
       ,"Layout":{
          "Sequence":30
        }
       ,"Is Current":{
          "Type":"Target Page"
        }
       ,"Link":{
          "Target":{
            "url":"f?p=\u0026APP_ID.:71:\u0026SESSION.::\u0026DEBUG.::::"
           ,"Page":"71"
          }
        }
       ,"Click Counting":{
          "Count Clicks":false
        }
       ,"User Defined Attributes":{
          "Translatable":false
        }
      }
    ]
  }
 ,{
    "id":"42257066210216622482"
   ,"Identification":{
      "Name":"User Settings"
    }
   ,"Source":{
      "Type":"Static Values"
    }
   ,"Configuration":{
      "Build Option":"Feature: User Settings (42257062673926622478)"
    }
   ,"Entries":[
      {
        "id":"42257066659047622482"
       ,"Label":{
          "Label":"Push Notifications"
        }
       ,"Icon":{
          "Image\/Icon CSS Classes":"fa-bell-o"
        }
       ,"Layout":{
          "Sequence":10
        }
       ,"Is Current":{
          "Type":"Target Page"
        }
       ,"Link":{
          "Target":{
            "url":"f?p=\u0026APP_ID.:20010:\u0026APP_SESSION.::\u0026DEBUG.:::"
           ,"Page":"20010"
          }
        }
       ,"Click Counting":{
          "Count Clicks":false
        }
       ,"User Defined Attributes":{
          "Translatable":false
         ,"1.":"Configure whether you want to receive push notifications on this device."
         ,"2.":"\u003Cspan class=\"a-pwaPush--state\"\u003E\u003C\/span\u003E"
        }
       ,"Configuration":{
          "Build Option":"Feature: Push Notifications (42257062302502622478)"
        }
      }
    ]
  }
]
