[
  {
    "id":"19472016617589504827"
   ,"Identification":{
      "Name":"CUSTOMER_TYPE.CUS_TYPE_NAME"
    }
   ,"Source":{
      "Location":"Local Database"
     ,"Type":"Table \/ View"
     ,"Table Owner":"Parsing Schema"
     ,"Table Name":"CUSTOMER_TYPE"
    }
   ,"Column Mapping":{
      "Return":"CUS_TYPE_ID"
     ,"Display":"CUS_TYPE_NAME"
     ,"Default Sort":"CUS_TYPE_NAME"
     ,"Sort Direction":"Ascending (Nulls Last)"
    }
  }
 ,{
    "id":"19472047194938505562"
   ,"Identification":{
      "Name":"ORDERS.ORDER_STATUS"
    }
   ,"Source":{
      "Location":"Local Database"
     ,"Type":"Table \/ View"
     ,"Table Owner":"Parsing Schema"
     ,"Table Name":"ORDERS"
    }
   ,"Column Mapping":{
      "Return":"ORDER_ID"
     ,"Display":"ORDER_STATUS"
     ,"Default Sort":"ORDER_STATUS"
     ,"Sort Direction":"Ascending (Nulls Last)"
    }
  }
 ,{
    "id":"19472064154460505961"
   ,"Identification":{
      "Name":"BUYER.BUYER_FIRSTNAME"
    }
   ,"Source":{
      "Location":"Local Database"
     ,"Type":"Table \/ View"
     ,"Table Owner":"Parsing Schema"
     ,"Table Name":"BUYER"
    }
   ,"Column Mapping":{
      "Return":"BUYER_ID"
     ,"Display":"BUYER_FIRSTNAME"
     ,"Default Sort":"BUYER_FIRSTNAME"
     ,"Sort Direction":"Ascending (Nulls Last)"
    }
  }
 ,{
    "id":"19472065294910505962"
   ,"Identification":{
      "Name":"STORES.STORE_NAME"
    }
   ,"Source":{
      "Location":"Local Database"
     ,"Type":"Table \/ View"
     ,"Table Owner":"Parsing Schema"
     ,"Table Name":"STORES"
    }
   ,"Column Mapping":{
      "Return":"STORE_ID"
     ,"Display":"STORE_NAME"
     ,"Default Sort":"STORE_NAME"
     ,"Sort Direction":"Ascending (Nulls Last)"
    }
  }
 ,{
    "id":"19472084542610506334"
   ,"Identification":{
      "Name":"CATEGORIES.CATEGORY_NAME"
    }
   ,"Source":{
      "Location":"Local Database"
     ,"Type":"Table \/ View"
     ,"Table Owner":"Parsing Schema"
     ,"Table Name":"CATEGORIES"
    }
   ,"Column Mapping":{
      "Return":"CATEGORY_ID"
     ,"Display":"CATEGORY_NAME"
     ,"Default Sort":"CATEGORY_NAME"
     ,"Sort Direction":"Ascending (Nulls Last)"
    }
  }
 ,{
    "id":"19472125827760507099"
   ,"Identification":{
      "Name":"SELLER.SELLER_FIRSTNAME"
    }
   ,"Source":{
      "Location":"Local Database"
     ,"Type":"Table \/ View"
     ,"Table Owner":"Parsing Schema"
     ,"Table Name":"SELLER"
    }
   ,"Column Mapping":{
      "Return":"SELLER_ID"
     ,"Display":"SELLER_FIRSTNAME"
     ,"Default Sort":"SELLER_FIRSTNAME"
     ,"Sort Direction":"Ascending (Nulls Last)"
    }
  }
 ,{
    "id":"19482250181050507236"
   ,"Identification":{
      "Name":"ACCESS_ROLES"
    }
   ,"Source":{
      "Location":"Local Database"
     ,"Type":"SQL Query"
     ,"SQL Query":"select role_name d, role_id r\nfrom APEX_APPL_ACL_ROLES where application_id = :APP_ID \norder by 1"
    }
   ,"Column Mapping":{
      "Return":"R"
     ,"Display":"D"
     ,"Default Sort":"Use Order By from Query"
    }
  }
 ,{
    "id":"19482257601941507242"
   ,"Identification":{
      "Name":"EMAIL_USERNAME_FORMAT"
    }
   ,"Source":{
      "Location":"Static Values"
    }
   ,"Entries":[
      {
        "id":"19482257941738507242"
       ,"Entry":{
          "Sequence":1
         ,"Display":"Email Addresses"
         ,"Return":"EMAIL"
        }
      }
    ]
  }
 ,{
    "id":"21029689886442010569"
   ,"Identification":{
      "Name":"CUSTOMER.FIRSTNAME"
    }
   ,"Source":{
      "Location":"Local Database"
     ,"Type":"Table \/ View"
     ,"Table Owner":"Parsing Schema"
     ,"Table Name":"CUSTOMER"
    }
   ,"Column Mapping":{
      "Return":"CUSTOMER_ID"
     ,"Display":"FIRSTNAME"
     ,"Default Sort":"FIRSTNAME"
     ,"Sort Direction":"Ascending (Nulls Last)"
    }
  }
 ,{
    "id":"23091202808710298239"
   ,"Identification":{
      "Name":"CITIES.CITY_NAME"
    }
   ,"Source":{
      "Location":"Local Database"
     ,"Type":"Table \/ View"
     ,"Table Owner":"Parsing Schema"
     ,"Table Name":"CITIES"
    }
   ,"Column Mapping":{
      "Return":"CITY_ID"
     ,"Display":"CITY_NAME"
     ,"Default Sort":"CITY_NAME"
     ,"Sort Direction":"Ascending (Nulls Last)"
    }
  }
 ,{
    "id":"28048506862794569310"
   ,"Identification":{
      "Name":"EMP.ENAME"
    }
   ,"Source":{
      "Location":"Local Database"
     ,"Type":"Table \/ View"
     ,"Table Owner":"Parsing Schema"
     ,"Table Name":"EMP"
    }
   ,"Column Mapping":{
      "Return":"EMPNO"
     ,"Display":"ENAME"
     ,"Default Sort":"ENAME"
     ,"Sort Direction":"Ascending (Nulls Last)"
    }
  }
 ,{
    "id":"28048507085396569310"
   ,"Identification":{
      "Name":"DEPT.DNAME"
    }
   ,"Source":{
      "Location":"Local Database"
     ,"Type":"Table \/ View"
     ,"Table Owner":"Parsing Schema"
     ,"Table Name":"DEPT"
    }
   ,"Column Mapping":{
      "Return":"DEPTNO"
     ,"Display":"DNAME"
     ,"Default Sort":"DNAME"
     ,"Sort Direction":"Ascending (Nulls Last)"
    }
  }
 ,{
    "id":"30817193099674109057"
   ,"Identification":{
      "Name":"PRODUCT.PRODUCT_NAME"
    }
   ,"Source":{
      "Location":"Local Database"
     ,"Type":"Table \/ View"
     ,"Table Owner":"Parsing Schema"
     ,"Table Name":"PRODUCT"
    }
   ,"Column Mapping":{
      "Return":"PRODUCT_ID"
     ,"Display":"PRODUCT_NAME"
     ,"Default Sort":"PRODUCT_NAME"
     ,"Sort Direction":"Ascending (Nulls Last)"
    }
  }
]
