[
  {
    "id":"19471884022003504306"
   ,"Identification":{
      "Name":"Avatar"
    }
  }
 ,{
    "id":"19471892935874504312"
   ,"Identification":{
      "Name":"Badge"
    }
  }
 ,{
    "id":"19471898803594504315"
   ,"Identification":{
      "Name":"Button"
    }
  }
 ,{
    "id":"19471901549841504316"
   ,"Identification":{
      "Name":"Comments"
    }
  }
 ,{
    "id":"19471911543287504322"
   ,"Identification":{
      "Name":"Content Row"
    }
  }
 ,{
    "id":"19471933972006504333"
   ,"Identification":{
      "Name":"Media List"
    }
  }
 ,{
    "id":"19471950668005504342"
   ,"Identification":{
      "Name":"Timeline"
    }
  }
]
