[
  {
    "id":"42453370874989447827"
   ,"Identification":{
      "Name":"Global Search"
    }
   ,"Source":{
      "Search Type":"Simple (APEX Data Source)"
     ,"Location":"Local Database"
     ,"Type":"SQL Query"
     ,"SQL Query":"SELECT  \r\n    STORE_NAME\r\nFROM \r\n    STORES\r\nUNION ALL\r\n    SELECT PRODUCT_NAME\r\n    FROM PRODUCT"
     ,"Searchable Columns":"STORE_NAME"
    }
   ,"Column Mapping":{
      "Primary Key 1 Column Name":"STORE_NAME"
     ,"Title Column Name":"STORE_NAME"
    }
   ,"Icon and Badge":{
      "Icon Source":"Initials"
    }
   ,"Advanced":{
      "Static ID":"global_search"
    }
  }
]
