{
  "id":"72"
 ,"Identification":{
    "Name":"Seller Dashboard Products"
   ,"Alias":"SELLER-DASHBOARD-PRODUCTS"
   ,"Title":"Seller Dashboard Products"
  }
 ,"Appearance":{
    "Page Mode":"Normal"
   ,"Page Template":"Left Side Column (19471509145742504218)"
   ,"Template Options":[
      "#DEFAULT#"
    ]
  }
 ,"Navigation Menu":{
    "Override User Interface Level":false
  }
 ,"Navigation":{
    "Cursor Focus":"Do not focus cursor"
   ,"Warn on Unsaved Changes":true
  }
 ,"CSS":{
    "File URLs":[
      "#APP_FILES#Styling\/main_style#MIN#.css"
    ]
   ,"Inline":".overview {\n    border-left: 10px solid var(--fouth-color);\n    border-radius: 10px;\n    padding-left: 10px;\n    text-align: center;\n}\n\n\n.overview-title {\n    color: var(--fouth-color);\n    font-family: var(--secondary-header-font);\n    border-bottom: 1px solid rgba(211, 211, 211, 0.5);\n    padding: 2px;\n    text-align: center;\n    \n}\n\n.overview-data {\n    font-family: var(--regular-text-font );\n}\n\n.overview-data-prod \u003E span {\n    font-size: xx-small;\n    opacity: 0.6;\n}\n\n.overview-data-prod {\n    font-family: var(--regular-text-font );\n    display: flex;\n    flex-direction: column;\n}\n\n.t-Report-colHead {\n    font-family: var(--secondary-header-font);\n}\n\n.t-Report-cell {\n    font-family: var(--regular-text-font);\n}\n\n.t-Report-cell \u003E img{\n    width: 100px !important;\n    height: 100px !important;\n    object-fit: contain;\n    border-radius: 12px;\n}\n\n.delete-prod {\n    color: var(--danger-color);\n}\n\n.edit-prod {\n    color: var(--yellow-color);\n}"
  }
 ,"Security":{
    "Authentication":"Page Requires Authentication"
   ,"Deep Linking":"Application Default"
   ,"Page Access Protection":"Arguments Must Have Checksum"
   ,"Form Auto Complete":"Off"
   ,"Browser Cache":"Application Default"
  }
 ,"Session Management":{
    "Rejoin Sessions":"Application Default"
  }
 ,"Advanced":{
    "Enable duplicate page submissions":"Yes - Enable page to be re-posted"
   ,"Reload on Submit":"Only for Success"
  }
 ,"Server Cache":{
    "Caching":"Disabled"
  }
 ,"Regions":[
    {
      "id":"38242827239696699949"
     ,"Identification":{
        "Title":"Seller Dashboard Navigation"
       ,"Type":"List"
      }
     ,"Source":{
        "List":"Seller Dashboard List (38784043417088031374)"
      }
     ,"Layout":{
        "Sequence":10
       ,"Parent Region":"No Parent"
       ,"Position":"REGION_POSITION_02"
       ,"Start New Layout":false
       ,"Start New Row":true
       ,"Column":"Automatic"
       ,"New Column":true
       ,"Column Span":"Automatic"
      }
     ,"Appearance":{
        "Template":"Standard (19471808805460504264)"
       ,"Template Options":[
          "#DEFAULT#"
         ,"t-Region--removeHeader js-removeLandmark"
         ,"t-Region--noUI"
         ,"t-Region--scrollBody"
        ]
       ,"CSS Classes":[
          "dashboard-side-menu"
        ]
       ,"Render Components":"Above Content"
      }
     ,"Accessibility":{
        "Use Landmark":true
       ,"Landmark Type":"Template Default"
      }
     ,"Advanced":{
        "Region Display Selector":false
       ,"Exclude Title from Translation":false
      }
     ,"Server Cache":{
        "Caching":"Disabled"
      }
     ,"Customization":{
        "Customizable":"Not Customizable By End Users"
      }
     ,"Attributes":{
        "Appearance":{
          "List Template":"Links List (19471863408174504294)"
         ,"Template Options":[
            "#DEFAULT#"
           ,"t-LinksList--showArrow"
           ,"t-LinksList--nowrap"
           ,"t-LinksList--actions"
           ,"t-LinksList--showTopIcons"
          ]
         ,"CSS Classes":[
            "dashboard-side-menu-list"
          ]
        }
      }
    }
   ,{
      "id":"39512635438552030922"
     ,"Identification":{
        "Title":"Products Summary"
       ,"Type":"Static Content"
      }
     ,"Layout":{
        "Sequence":10
       ,"Parent Region":"No Parent"
       ,"Position":"BODY"
       ,"Start New Layout":false
       ,"Start New Row":true
       ,"Column":"Automatic"
       ,"New Column":true
       ,"Column Span":"Automatic"
      }
     ,"Appearance":{
        "Template":"Standard (19471808805460504264)"
       ,"Template Options":[
          "#DEFAULT#"
         ,"t-Region--stacked"
         ,"t-Region--scrollBody"
        ]
       ,"Render Components":"Above Content"
      }
     ,"Accessibility":{
        "Use Landmark":true
       ,"Landmark Type":"Template Default"
      }
     ,"Advanced":{
        "Region Display Selector":false
       ,"Exclude Title from Translation":false
      }
     ,"Server Cache":{
        "Caching":"Disabled"
      }
     ,"Customization":{
        "Customizable":"Not Customizable By End Users"
      }
     ,"Attributes":{
        "Settings":{
          "Output As":"HTML"
         ,"Expand Shortcuts":false
        }
      }
    }
   ,{
      "id":"39512635504377030923"
     ,"Identification":{
        "Title":"Most Expensive Product"
       ,"Type":"Dynamic Content"
      }
     ,"Source":{
        "Language":"PL\/SQL"
       ,"PL\/SQL Function Body returning a CLOB":"declare \n    current_product_name product.product_name%TYPE;\n    current_product_price product.unit_price%TYPE;\n    most_expensive_product_name product.product_name%TYPE;\n    most_expensive_product_price product.unit_price%TYPE := 0;\n\n    cursor product_cursor is\n        select product_name, new_price(product_id) \n            into most_expensive_product_name, most_expensive_product_price\n            from product p, stores s\n            where p.store_id = s.store_id\n            and s.customer_id = to_number(:USER_ID);\nbegin\n\n    open product_cursor;\n    loop\n        fetch product_cursor into current_product_name, current_product_price;\n        exit when product_cursor%notfound; \n\n        if current_product_price \u003E most_expensive_product_price then \n            most_expensive_product_name := current_product_name;\n            most_expensive_product_price := current_product_price;\n        end if;\n    end loop;\n    close product_cursor;\n\n    return \n        \u0027\u003Cdiv class=\"overview\"\u003E\n        \u003Ch3 class=\"overview-title\"\u003E Most Expensive Product \u003C\/h3\u003E\n        \u003Ch4 class=\"overview-data-prod\"\u003E\u0027 || most_expensive_product_name || \u0027 \u003Cspan\u003E Price \u0027 || most_expensive_product_price || \u0027 TND \u003C\/span\u003E\n        \u003C\/h4\u003E\n        \u003C\/div\u003E \u0027;\nend;"
      }
     ,"Layout":{
        "Sequence":10
       ,"Parent Region":"Products Summary (39512635438552030922)"
       ,"Position":"SUB_REGIONS"
       ,"Start New Layout":false
       ,"Start New Row":true
       ,"Column":"Automatic"
       ,"New Column":true
       ,"Column Span":"4"
      }
     ,"Appearance":{
        "Template":"Standard (19471808805460504264)"
       ,"Template Options":[
          "#DEFAULT#"
         ,"t-Region--removeHeader js-removeLandmark"
         ,"t-Region--stacked"
         ,"t-Region--scrollBody"
        ]
       ,"Render Components":"Above Content"
      }
     ,"Accessibility":{
        "Use Landmark":true
       ,"Landmark Type":"Template Default"
      }
     ,"Advanced":{
        "Static ID":"overview-item-1"
       ,"Region Display Selector":false
       ,"Exclude Title from Translation":false
      }
     ,"Server Cache":{
        "Caching":"Disabled"
      }
     ,"Customization":{
        "Customizable":"Not Customizable By End Users"
      }
     ,"Attributes":{
        "Performance":{
          "Lazy Loading":false
        }
      }
    }
   ,{
      "id":"39512635757715030925"
     ,"Identification":{
        "Title":"Product By Category"
       ,"Type":"Chart"
      }
     ,"Layout":{
        "Sequence":20
       ,"Parent Region":"No Parent"
       ,"Position":"BODY"
       ,"Start New Layout":false
       ,"Start New Row":true
       ,"Column":"Automatic"
       ,"New Column":true
       ,"Column Span":"4"
      }
     ,"Appearance":{
        "Template":"Standard (19471808805460504264)"
       ,"Template Options":[
          "#DEFAULT#"
         ,"t-Region--stacked"
         ,"t-Region--scrollBody"
         ,"margin-top-md"
         ,"margin-bottom-md"
        ]
       ,"Render Components":"Above Content"
      }
     ,"Accessibility":{
        "Use Landmark":true
       ,"Landmark Type":"Template Default"
      }
     ,"Advanced":{
        "Static ID":"chart-1"
       ,"Region Display Selector":false
       ,"Exclude Title from Translation":false
      }
     ,"Security":{
        "Escape special characters":true
      }
     ,"Server Cache":{
        "Caching":"Disabled"
      }
     ,"Customization":{
        "Customizable":"Not Customizable By End Users"
      }
     ,"Attributes":{
        "id":"39512635836395030926"
       ,"Chart":{
          "Type":"Pie"
        }
       ,"Layout":{
          "Height":400
        }
       ,"Data Cursor":{
          "Cursor":"Automatic"
         ,"Behavior":"Automatic"
         ,"Dim On Hover":true
        }
       ,"Settings":{
          "Pie Selection Effect":"Highlight"
        }
       ,"Value":{
          "Pie Chart Other Threshold":0
         ,"Format":"Decimal"
         ,"Decimal Places":0
         ,"Format Scaling":"None"
        }
       ,"Animation":{
          "On Display":"Automatic"
         ,"On Data Change":"Automatic"
        }
       ,"Tooltip":{
          "Show":true
         ,"Show Series Name":false
         ,"Show Value":true
        }
       ,"Legend":{
          "Show":true
         ,"Position":"Automatic"
         ,"Hide and Show Behavior":"Rescale"
         ,"Font Family":"Courier New"
         ,"Font Style":"Italic"
         ,"Font Size":"10"
         ,"Font Color":"#3a3632"
        }
       ,"Advanced":{
          "Initialization JavaScript Function":"function modifyOptions(options) {\n    const colors = [\"#3A3632\", \"#FFB929\", \"#497620\", \"#F0E68C\", \"#00bcd4\" , \"#8e24aa\", \"#795548\", \"#C33522\"];\n    options.dataFilter = function (data) {\n        for (var i = 0; i \u003C data.series.length; i++) {\n        data.series[i].color = colors[i]\n        }\n\n        return data;\n    };\n\n    return options;\n}\n"
        }
       ,"Series":[
          {
            "id":"39512635939108030927"
           ,"Identification":{
              "Name":"Series 1"
            }
           ,"Execution":{
              "Sequence":10
            }
           ,"Source":{
              "Location":"Local Database"
             ,"Type":"SQL Query"
             ,"SQL Query":"SELECT category_name, count(product_id)\nFROM categories c, product p, stores s\nWHERE c.category_id = p.category_id\nAND p.store_id = s.store_id\nAND s.customer_id = to_number(:USER_ID)\nGROUP BY category_name"
            }
           ,"Column Mapping":{
              "Label":"CATEGORY_NAME"
             ,"Value":"COUNT(PRODUCT_ID)"
            }
           ,"Label":{
              "Show":true
             ,"Position":"Outside Slice"
             ,"Display As":"Percentage ( Value )"
             ,"Font Family":"Courier New"
             ,"Font Style":"Italic"
             ,"Font Size":"10"
             ,"Font Color":"#3a3632"
            }
          }
        ]
      }
    }
   ,{
      "id":"39512637606792030944"
     ,"Identification":{
        "Title":"My Products"
       ,"Type":"Classic Report"
      }
     ,"Source":{
        "Location":"Local Database"
       ,"Type":"SQL Query"
       ,"SQL Query":"SELECT  P.PRODUCT_ID,\n        PRODUCT_NAME,\n        PRODUCT_DESCRIPTION,\n        NEW_PRICE(P.PRODUCT_ID) || \u0027 TND\u0027 PRICE,\n        P.DISCOUNT || \u0027%\u0027 DISCOUNT,\n        S.STORE_NAME,\n        C.CATEGORY_NAME, \n        SYS.DBMS_LOB.GETLENGTH(IMAGE) IMAGE, \n        GET_STOCK (P.PRODUCT_ID) STOCK,\n        \u0027Edit Product\u0027 ,\n        \u0027Remove Product\u0027 Del \nFROM PRODUCT P, PRODUCT_IMAGES D, STORES S, CATEGORIES C \n WHERE  P.PRODUCT_ID = D.PRODUCT_ID\n    AND P.CATEGORY_ID = C.CATEGORY_ID\n    AND P.STORE_ID = S.STORE_ID\n    AND S.CUSTOMER_ID = to_number(:USER_ID)"
      }
     ,"Layout":{
        "Sequence":50
       ,"Parent Region":"No Parent"
       ,"Position":"BODY"
       ,"Start New Layout":false
       ,"Start New Row":true
       ,"Row CSS Classes":[
          "products-row"
        ]
       ,"Column":"Automatic"
       ,"New Column":true
       ,"Column Span":"Automatic"
      }
     ,"Appearance":{
        "Template":"Standard (19471808805460504264)"
       ,"Template Options":[
          "#DEFAULT#"
         ,"t-Region--scrollBody"
        ]
       ,"CSS Classes":[
          "my-products-report"
        ]
       ,"Render Components":"Above Content"
      }
     ,"Accessibility":{
        "Use Landmark":true
       ,"Landmark Type":"Template Default"
      }
     ,"Advanced":{
        "Static ID":"prod-list"
       ,"Region Display Selector":false
       ,"Exclude Title from Translation":false
      }
     ,"Server Cache":{
        "Caching":"Disabled"
      }
     ,"Customization":{
        "Customizable":"Not Customizable By End Users"
      }
     ,"Attributes":{
        "Layout":{
          "Number of Rows Type":"Static Value"
         ,"Number of Rows":15
        }
       ,"Appearance":{
          "Template Type":"Theme"
         ,"Template":"Standard (19471847069031504283)"
         ,"Template Options":[
            "#DEFAULT#"
           ,"t-Report--stretch"
           ,"t-Report--altRowsDefault"
           ,"t-Report--rowHighlight"
           ,"t-Report--inline"
           ,"t-Report--hideNoPagination"
          ]
        }
       ,"Pagination":{
          "Type":"Row Ranges X to Y (with next and previous links)"
         ,"Display Position":"Bottom - Right"
         ,"Partial Page Refresh":true
        }
       ,"Performance":{
          "Lazy Loading":true
        }
       ,"Messages":{
          "When No Data Found":"No Products Yet ! "
        }
       ,"Break Formatting":{
          "Break Columns":"No Break"
        }
       ,"Advanced":{
          "Strip HTML":false
         ,"Sort Nulls":"Last"
        }
       ,"Heading":{
          "Type":"Custom Headings"
        }
       ,"Download":{
          "CSV Export Enabled":false
        }
       ,"Printing":{
          "Enabled":false
        }
      }
     ,"Columns":[
        {
          "id":"40021823791946182107"
         ,"Identification":{
            "Column Name":"PRODUCT_ID"
           ,"Type":"Hidden Column"
          }
         ,"Layout":{
            "Sequence":10
          }
         ,"UI Defaults Reference":{
            "Table Owner":"Parsing Schema"
          }
         ,"Security":{
            "Escape special characters":true
          }
        }
       ,{
          "id":"40021823896465182108"
         ,"Identification":{
            "Column Name":"PRODUCT_NAME"
           ,"Type":"Plain Text"
          }
         ,"Heading":{
            "Heading":"Product Name"
           ,"Alignment":"center"
          }
         ,"Layout":{
            "Sequence":30
           ,"Column Alignment":"center"
          }
         ,"Accessibility":{
            "Value Identifies Row":false
          }
         ,"Sorting":{
            "Sortable":true
          }
         ,"Export \/ Printing":{
            "Include In Export \/ Print":true
          }
         ,"Advanced":{
            "Compute Sum":false
          }
         ,"UI Defaults Reference":{
            "Table Owner":"Parsing Schema"
          }
         ,"Security":{
            "Escape special characters":true
          }
        }
       ,{
          "id":"40021823959074182109"
         ,"Identification":{
            "Column Name":"PRICE"
           ,"Type":"Plain Text"
          }
         ,"Heading":{
            "Heading":"Unit Price"
           ,"Alignment":"center"
          }
         ,"Layout":{
            "Sequence":50
           ,"Column Alignment":"center"
          }
         ,"Accessibility":{
            "Value Identifies Row":false
          }
         ,"Sorting":{
            "Sortable":true
          }
         ,"Export \/ Printing":{
            "Include In Export \/ Print":true
          }
         ,"Advanced":{
            "Compute Sum":false
          }
         ,"UI Defaults Reference":{
            "Table Owner":"Parsing Schema"
          }
         ,"Security":{
            "Escape special characters":true
          }
        }
       ,{
          "id":"40021824027994182110"
         ,"Identification":{
            "Column Name":"DISCOUNT"
           ,"Type":"Plain Text"
          }
         ,"Heading":{
            "Heading":"Discount"
           ,"Alignment":"center"
          }
         ,"Layout":{
            "Sequence":60
           ,"Column Alignment":"center"
          }
         ,"Accessibility":{
            "Value Identifies Row":false
          }
         ,"Sorting":{
            "Sortable":true
          }
         ,"Export \/ Printing":{
            "Include In Export \/ Print":true
          }
         ,"Advanced":{
            "Compute Sum":false
          }
         ,"UI Defaults Reference":{
            "Table Owner":"Parsing Schema"
          }
         ,"Security":{
            "Escape special characters":true
          }
        }
       ,{
          "id":"40021824164169182111"
         ,"Identification":{
            "Column Name":"STORE_NAME"
           ,"Type":"Plain Text"
          }
         ,"Heading":{
            "Heading":"Store Name"
           ,"Alignment":"center"
          }
         ,"Layout":{
            "Sequence":70
           ,"Column Alignment":"center"
          }
         ,"Accessibility":{
            "Value Identifies Row":false
          }
         ,"Sorting":{
            "Sortable":true
          }
         ,"Export \/ Printing":{
            "Include In Export \/ Print":true
          }
         ,"Advanced":{
            "Compute Sum":false
          }
         ,"UI Defaults Reference":{
            "Table Owner":"Parsing Schema"
          }
         ,"Security":{
            "Escape special characters":true
          }
        }
       ,{
          "id":"40021824299742182112"
         ,"Identification":{
            "Column Name":"CATEGORY_NAME"
           ,"Type":"Plain Text"
          }
         ,"Heading":{
            "Heading":"Category Name"
           ,"Alignment":"center"
          }
         ,"Layout":{
            "Sequence":80
           ,"Column Alignment":"center"
          }
         ,"Accessibility":{
            "Value Identifies Row":false
          }
         ,"Sorting":{
            "Sortable":true
          }
         ,"Export \/ Printing":{
            "Include In Export \/ Print":true
          }
         ,"Advanced":{
            "Compute Sum":false
          }
         ,"UI Defaults Reference":{
            "Table Owner":"Parsing Schema"
          }
         ,"Security":{
            "Escape special characters":true
          }
        }
       ,{
          "id":"40021824367087182113"
         ,"Identification":{
            "Column Name":"IMAGE"
           ,"Type":"Display Image"
          }
         ,"Heading":{
            "Heading":"Product Image"
           ,"Alignment":"center"
          }
         ,"Layout":{
            "Sequence":20
           ,"Column Alignment":"center"
          }
         ,"Accessibility":{
            "Value Identifies Row":false
          }
         ,"BLOB Attributes":{
            "Table Owner":"Parsing Schema"
           ,"Table Name":"PRODUCT_IMAGES"
           ,"BLOB Column":"IMAGE"
           ,"Primary Key Column 1":"PRODUCT_ID"
          }
         ,"Sorting":{
            "Sortable":false
          }
         ,"Export \/ Printing":{
            "Include In Export \/ Print":false
          }
         ,"Advanced":{
            "Compute Sum":false
          }
         ,"UI Defaults Reference":{
            "Table Owner":"Parsing Schema"
          }
        }
       ,{
          "id":"40021824402108182114"
         ,"Identification":{
            "Column Name":"STOCK"
           ,"Type":"Plain Text"
          }
         ,"Heading":{
            "Heading":"Stock"
           ,"Alignment":"center"
          }
         ,"Layout":{
            "Sequence":90
           ,"Column Alignment":"center"
          }
         ,"Accessibility":{
            "Value Identifies Row":false
          }
         ,"Sorting":{
            "Sortable":true
          }
         ,"Export \/ Printing":{
            "Include In Export \/ Print":true
          }
         ,"Advanced":{
            "Compute Sum":false
          }
         ,"UI Defaults Reference":{
            "Table Owner":"Parsing Schema"
          }
         ,"Security":{
            "Escape special characters":true
          }
        }
       ,{
          "id":"40021824569620182115"
         ,"Identification":{
            "Column Name":"DEL"
           ,"Type":"Link"
          }
         ,"Heading":{
            "Heading":"Remove Product"
           ,"Alignment":"center"
          }
         ,"Layout":{
            "Sequence":110
           ,"Column Alignment":"center"
          }
         ,"Accessibility":{
            "Value Identifies Row":false
          }
         ,"Link":{
            "Target":"javascript:void(null)"
           ,"Link Text":"\u003Cspan class=\"t-Icon fa fa-trash delete-prod\" aria-hidden=\"true\"\u003E\u003C\/span\u003E"
           ,"Link Attributes":"data-id=#PRODUCT_ID#"
          }
         ,"Sorting":{
            "Sortable":false
          }
         ,"Export \/ Printing":{
            "Include In Export \/ Print":false
          }
         ,"Advanced":{
            "Compute Sum":false
          }
         ,"UI Defaults Reference":{
            "Table Owner":"Parsing Schema"
          }
         ,"Security":{
            "Escape special characters":true
          }
        }
       ,{
          "id":"40021824768979182117"
         ,"Identification":{
            "Column Name":"\u0027EDITPRODUCT\u0027"
           ,"Type":"Link"
          }
         ,"Heading":{
            "Heading":"Edit Product"
           ,"Alignment":"center"
          }
         ,"Layout":{
            "Sequence":100
           ,"Column Alignment":"center"
          }
         ,"Accessibility":{
            "Value Identifies Row":false
          }
         ,"Link":{
            "Target":{
              "url":"f?p=\u0026APP_ID.:60:\u0026SESSION.::\u0026DEBUG.:60:P60_PRODUCT_ID:#PRODUCT_ID#"
             ,"Page":"60"
             ,"Clear Cache":"60"
             ,"Values":{
                "P60_PRODUCT_ID":"#PRODUCT_ID#"
              }
            }
           ,"Link Text":"\u003Cimg src=\"#IMAGE_PREFIX#app_ui\/img\/icons\/apex-edit-pencil.png\" class=\"apex-edit-pencil\" alt=\"\"\u003E"
          }
         ,"Sorting":{
            "Sortable":true
          }
         ,"Export \/ Printing":{
            "Include In Export \/ Print":true
          }
         ,"Advanced":{
            "Compute Sum":false
          }
         ,"UI Defaults Reference":{
            "Table Owner":"Parsing Schema"
          }
         ,"Security":{
            "Escape special characters":true
          }
        }
       ,{
          "id":"40021824807121182118"
         ,"Identification":{
            "Column Name":"PRODUCT_DESCRIPTION"
           ,"Type":"Plain Text"
          }
         ,"Heading":{
            "Heading":"Product Description"
           ,"Alignment":"center"
          }
         ,"Layout":{
            "Sequence":40
           ,"Column Alignment":"center"
          }
         ,"Accessibility":{
            "Value Identifies Row":false
          }
         ,"Sorting":{
            "Sortable":true
          }
         ,"Export \/ Printing":{
            "Include In Export \/ Print":true
          }
         ,"Advanced":{
            "Compute Sum":false
          }
         ,"UI Defaults Reference":{
            "Table Owner":"Parsing Schema"
          }
         ,"Security":{
            "Escape special characters":true
          }
        }
      ]
    }
   ,{
      "id":"40021824910701182119"
     ,"Identification":{
        "Title":"Discount Analysis"
       ,"Type":"Chart"
      }
     ,"Layout":{
        "Sequence":30
       ,"Parent Region":"No Parent"
       ,"Position":"BODY"
       ,"Start New Layout":false
       ,"Start New Row":false
       ,"Column":"Automatic"
       ,"New Column":true
       ,"Column Span":"4"
      }
     ,"Appearance":{
        "Template":"Standard (19471808805460504264)"
       ,"Template Options":[
          "#DEFAULT#"
         ,"t-Region--stacked"
         ,"t-Region--scrollBody"
         ,"margin-top-md"
         ,"margin-bottom-md"
        ]
       ,"Render Components":"Above Content"
      }
     ,"Accessibility":{
        "Use Landmark":true
       ,"Landmark Type":"Template Default"
      }
     ,"Advanced":{
        "Static ID":"chart-2"
       ,"Region Display Selector":false
       ,"Exclude Title from Translation":false
      }
     ,"Security":{
        "Escape special characters":true
      }
     ,"Server Cache":{
        "Caching":"Disabled"
      }
     ,"Customization":{
        "Customizable":"Not Customizable By End Users"
      }
     ,"Attributes":{
        "id":"40021825081711182120"
       ,"Chart":{
          "Type":"Pie"
        }
       ,"Layout":{
          "Height":400
        }
       ,"Data Cursor":{
          "Cursor":"Automatic"
         ,"Behavior":"Automatic"
         ,"Dim On Hover":true
        }
       ,"Settings":{
          "Pie Selection Effect":"Highlight And Explode"
        }
       ,"Value":{
          "Pie Chart Other Threshold":0
         ,"Format":"Decimal"
         ,"Decimal Places":0
         ,"Format Scaling":"None"
        }
       ,"Animation":{
          "On Display":"Automatic"
         ,"On Data Change":"Automatic"
        }
       ,"Tooltip":{
          "Show":true
         ,"Show Series Name":false
         ,"Show Value":true
        }
       ,"Legend":{
          "Show":true
         ,"Position":"Automatic"
         ,"Hide and Show Behavior":"Rescale"
         ,"Font Family":"Courier New"
         ,"Font Style":"Italic"
         ,"Font Size":"10"
         ,"Font Color":"#3a3632"
        }
       ,"Advanced":{
          "Initialization JavaScript Function":"function modifyOptions(options) {\n    const colors = [\"#3A3632\", \"#FFB929\", \"#497620\", \"#F0E68C\", \"#00bcd4\" , \"#8e24aa\", \"#795548\", \"#C33522\"];\n    options.dataFilter = function (data) {\n        for (var i = 0; i \u003C data.series.length; i++) {\n        data.series[i].color = colors[i]\n        }\n\n        return data;\n    };\n\n    return options;\n}\n"
        }
       ,"Series":[
          {
            "id":"40021825125573182121"
           ,"Identification":{
              "Name":"Series 1"
            }
           ,"Execution":{
              "Sequence":10
            }
           ,"Source":{
              "Location":"Local Database"
             ,"Type":"SQL Query"
             ,"SQL Query":"SELECT  discount || \u0027%\u0027, count(product_id)\nFROM    stores s, product p\nWHERE   s.store_id = p.store_id\nAND     s.customer_id = to_number(:USER_ID)\nGROUP BY discount"
            }
           ,"Column Mapping":{
              "Label":"DISCOUNT||\u0027%\u0027"
             ,"Value":"COUNT(PRODUCT_ID)"
             ,"Custom Tooltip":"COUNT(PRODUCT_ID)"
            }
           ,"Label":{
              "Show":true
             ,"Position":"Outside Slice"
             ,"Display As":"Percentage ( Value )"
             ,"Font Family":"Courier New"
             ,"Font Style":"Italic"
             ,"Font Size":"10"
             ,"Font Color":"#3a3632"
            }
          }
        ]
      }
    }
   ,{
      "id":"40021825408229182124"
     ,"Identification":{
        "Title":"Product Stock Status Distribution"
       ,"Type":"Chart"
      }
     ,"Layout":{
        "Sequence":40
       ,"Parent Region":"No Parent"
       ,"Position":"BODY"
       ,"Start New Layout":false
       ,"Start New Row":false
       ,"Column":"Automatic"
       ,"New Column":true
       ,"Column Span":"Automatic"
      }
     ,"Appearance":{
        "Template":"Standard (19471808805460504264)"
       ,"Template Options":[
          "#DEFAULT#"
         ,"t-Region--stacked"
         ,"t-Region--scrollBody"
         ,"margin-top-md"
         ,"margin-bottom-md"
        ]
       ,"Render Components":"Above Content"
      }
     ,"Accessibility":{
        "Use Landmark":true
       ,"Landmark Type":"Template Default"
      }
     ,"Advanced":{
        "Static ID":"chart-3"
       ,"Region Display Selector":false
       ,"Exclude Title from Translation":false
      }
     ,"Security":{
        "Escape special characters":true
      }
     ,"Server Cache":{
        "Caching":"Disabled"
      }
     ,"Customization":{
        "Customizable":"Not Customizable By End Users"
      }
     ,"Attributes":{
        "id":"40021825556971182125"
       ,"Chart":{
          "Type":"Donut"
        }
       ,"Layout":{
          "Height":400
        }
       ,"Data Cursor":{
          "Cursor":"Automatic"
         ,"Behavior":"Automatic"
         ,"Dim On Hover":true
        }
       ,"Settings":{
          "Pie Selection Effect":"Highlight"
        }
       ,"Value":{
          "Pie Chart Other Threshold":0
         ,"Format":"Decimal"
         ,"Decimal Places":0
         ,"Format Scaling":"None"
        }
       ,"Animation":{
          "On Display":"Automatic"
         ,"On Data Change":"Automatic"
        }
       ,"Tooltip":{
          "Show":true
         ,"Show Series Name":true
         ,"Show Value":true
        }
       ,"Legend":{
          "Show":true
         ,"Position":"Automatic"
         ,"Hide and Show Behavior":"Rescale"
         ,"Font Family":"Courier New"
         ,"Font Style":"Italic"
         ,"Font Size":"10"
         ,"Font Color":"#3a3632"
        }
       ,"Advanced":{
          "Initialization JavaScript Function":"function modifyOptions(options) {\n    const colors = [\"#FFB929\", \"#3A3632\", \"#497620\", \"#F0E68C\", \"#00bcd4\" , \"#8e24aa\", \"#795548\", \"#C33522\"];\n    options.dataFilter = function (data) {\n        for (var i = 0; i \u003C data.series.length; i++) {\n        data.series[i].color = colors[i]\n        }\n\n        return data;\n    };\n\n    return options;\n}\n"
        }
       ,"Series":[
          {
            "id":"40021825635624182126"
           ,"Identification":{
              "Name":"Series 1"
            }
           ,"Execution":{
              "Sequence":10
            }
           ,"Source":{
              "Location":"Local Database"
             ,"Type":"SQL Query"
             ,"SQL Query":"SELECT \n    CASE WHEN GET_STOCK(product_id) = \u0027In Stock\u0027 THEN \u0027In Stock\u0027 ELSE \u0027Out of Stock\u0027 END AS stock_status,\n    COUNT(*) AS product_count\nFROM variant_stock\nGROUP BY CASE WHEN GET_STOCK(product_id) = \u0027In Stock\u0027 THEN \u0027In Stock\u0027 ELSE \u0027Out of Stock\u0027 END;\n\n"
            }
           ,"Column Mapping":{
              "Label":"STOCK_STATUS"
             ,"Value":"PRODUCT_COUNT"
            }
           ,"Label":{
              "Show":true
             ,"Position":"Outside Slice"
             ,"Display As":"Label - Percentage ( Value )"
             ,"Font Family":"Courier New"
             ,"Font Style":"Italic"
             ,"Font Size":"10"
             ,"Font Color":"#3a3632"
            }
          }
        ]
      }
    }
  ]
 ,"Page Items":[
    {
      "id":"40021825950811182129"
     ,"Identification":{
        "Name":"P72_FILTER"
       ,"Type":"Hidden"
      }
     ,"Settings":{
        "Value Protected":false
      }
     ,"Layout":{
        "Sequence":60
       ,"Region":"No Parent"
       ,"Position":"BODY"
      }
     ,"Advanced":{
        "Warn on Unsaved Changes":"Page Default"
      }
     ,"Source":{
        "Type":"Null"
       ,"Used":"Only when current value in session state is null"
      }
     ,"Session State":{
        "Data Type":"VARCHAR2"
       ,"Storage":"Per Session (Persistent)"
      }
     ,"Security":{
        "Session State Protection":"Unrestricted"
       ,"Store value encrypted in session state":true
       ,"Restricted Characters":"All characters can be saved."
      }
    }
   ,{
      "id":"41154316597474227814"
     ,"Identification":{
        "Name":"P72_PROD_TO_DELETE"
       ,"Type":"Hidden"
      }
     ,"Settings":{
        "Value Protected":false
      }
     ,"Layout":{
        "Sequence":70
       ,"Region":"No Parent"
       ,"Position":"BODY"
      }
     ,"Advanced":{
        "Warn on Unsaved Changes":"Page Default"
      }
     ,"Source":{
        "Type":"Null"
       ,"Used":"Only when current value in session state is null"
      }
     ,"Session State":{
        "Data Type":"VARCHAR2"
       ,"Storage":"Per Session (Persistent)"
      }
     ,"Security":{
        "Session State Protection":"Unrestricted"
       ,"Store value encrypted in session state":true
       ,"Restricted Characters":"All characters can be saved."
      }
    }
  ]
 ,"Dynamic Actions":[
    {
      "id":"41154316280268227811"
     ,"Identification":{
        "Name":"Delete Product"
      }
     ,"Execution":{
        "Sequence":10
      }
     ,"When":{
        "Event":"EVENT.EVENT.BROWSER.CLICK"
       ,"Selection Type":"jQuery Selector"
       ,"jQuery Selector":".delete-prod"
      }
     ,"Execution":{
        "Event Scope":"Dynamic"
       ,"Type":"Immediate"
      }
     ,"Actions":[
        {
          "id":"41154316324496227812"
         ,"Identification":{
            "Action":"Confirm"
          }
         ,"Settings":{
            "Title":"Delete Product"
           ,"Message":"Are You sure you want to delete this product ? \nthis action is irreversible !!"
           ,"Style":"Danger"
           ,"Icon":"fa-remove"
           ,"CSS Classes":"delete-confirm"
           ,"Confirm Label":"Delete product "
           ,"Cancel Label":"Cancel"
          }
         ,"Execution":{
            "Sequence":10
           ,"Event":"Delete Product (41154316280268227811)"
           ,"Fire When Event Result Is":"True"
           ,"Fire on Initialization":false
          }
        }
       ,{
          "id":"41154316637438227815"
         ,"Identification":{
            "Action":"Execute Server-side Code"
          }
         ,"Settings":{
            "Language":"PE.PROPERTY.SOURCE_SNIPPET_LANG.LOV.PLSQL.D"
           ,"PL\/SQL Code":"DELETE FROM product\nWHERE product_id = :P72_PROD_TO_DELETE;"
           ,"Items to Submit":[
              "P72_PROD_TO_DELETE"
            ]
          }
         ,"Execution":{
            "Sequence":30
           ,"Event":"Delete Product (41154316280268227811)"
           ,"Fire When Event Result Is":"True"
           ,"Fire on Initialization":false
           ,"Stop Execution On Error":true
           ,"Wait For Result":true
          }
        }
       ,{
          "id":"41154316748683227816"
         ,"Identification":{
            "Action":"Set Value"
          }
         ,"Settings":{
            "Set Type":"JavaScript Expression"
           ,"JavaScript Expression":"$(this.triggeringElement).parent().data(\u0027id\u0027);"
           ,"Suppress Change Event":false
          }
         ,"Affected Elements":{
            "Selection Type":"Item(s)"
           ,"Item(s)":[
              "P72_PROD_TO_DELETE"
            ]
          }
         ,"Execution":{
            "Sequence":20
           ,"Event":"Delete Product (41154316280268227811)"
           ,"Fire When Event Result Is":"True"
           ,"Fire on Initialization":true
           ,"Stop Execution On Error":true
           ,"Wait For Result":true
          }
        }
       ,{
          "id":"41154316949474227818"
         ,"Identification":{
            "Action":"Execute JavaScript Code"
          }
         ,"Settings":{
            "Code":"apex.region(\u0027overview-item-1\u0027).refresh();\napex.region(\u0027chart-1\u0027).refresh();\napex.region(\u0027chart-2\u0027).refresh();\napex.region(\u0027chart-3\u0027).refresh();\napex.region(\u0027prod-list\u0027).refresh();"
          }
         ,"Execution":{
            "Sequence":50
           ,"Event":"Delete Product (41154316280268227811)"
           ,"Fire When Event Result Is":"True"
           ,"Fire on Initialization":false
          }
        }
      ]
    }
   ,{
      "id":"42374009139290189338"
     ,"Identification":{
        "Name":"Refresh page"
      }
     ,"Execution":{
        "Sequence":20
      }
     ,"When":{
        "Event":"EVENT.EVENT.FAMEWORK.APEXAFTERCLOSEDIALOG"
       ,"Selection Type":"Region"
       ,"Region":"My Products (39512637606792030944)"
      }
     ,"Execution":{
        "Event Scope":"Static"
       ,"Type":"Immediate"
      }
     ,"Actions":[
        {
          "id":"42374009206140189339"
         ,"Identification":{
            "Action":"Refresh"
          }
         ,"Affected Elements":{
            "Selection Type":"Region"
           ,"Region":"My Products (39512637606792030944)"
          }
         ,"Execution":{
            "Sequence":10
           ,"Event":"Refresh page (42374009139290189338)"
           ,"Fire When Event Result Is":"True"
           ,"Fire on Initialization":false
          }
        }
      ]
    }
  ]
}
