{
  "id":"70"
 ,"Identification":{
    "Name":"Seller Dashboard"
   ,"Alias":"SELLER-DASHBOARD"
   ,"Title":"Seller Dashboard"
  }
 ,"Appearance":{
    "Page Mode":"Normal"
   ,"Page Template":"Left Side Column (19471509145742504218)"
   ,"Template Options":[
      "#DEFAULT#"
    ]
  }
 ,"Navigation Menu":{
    "Override User Interface Level":false
  }
 ,"Navigation":{
    "Cursor Focus":"Do not focus cursor"
   ,"Warn on Unsaved Changes":true
  }
 ,"CSS":{
    "File URLs":[
      "#APP_FILES#Styling\/main_style#MIN#.css"
    ]
   ,"Inline":".overall-summary-region-container {\n    padding: 20px;\n}\n\n.overall-summary-region-row{\n    padding: 0 0 50px;\n}\n\n.overall-summary-region {\n    margin: 0 10px 10px 10px;\n    min-height: 100%;\n    box-shadow: -1px 33px 35px -13px rgba(207,193,193,0.59);\n    -webkit-box-shadow: -1px 33px 35px -13px rgba(207,193,193,0.59);\n    -moz-box-shadow: -1px 33px 35px -13px rgba(207,193,193,0.59);\n    border-radius: 10px !important;\n    transition: all 300ms;\n}\n\n.overall-summary-region:hover {\n    transform: scale(1.05);\n    box-shadow: -1px 33px 35px -20px rgba(207,193,193,0.99);\n    -webkit-box-shadow: -1px 33px 35px -20px rgba(207,193,193,0.99);\n    -moz-box-shadow: -1px 33px 35px -20px rgba(207,193,193,0.99);\n}\n\n.overview {\n    border-left: 10px solid var(--fouth-color);\n    border-radius: 10px;\n    padding-left: 10px;\n    text-align: center;\n}\n\n\n.overview-title {\n    display: flex;\n    align-items: center;\n    color: var(--fouth-color);\n    font-family: var(--secondary-header-font);\n    border-bottom: 1px solid rgba(211, 211, 211, 0.5);\n    padding: 2px;\n}\n\n.overview-title \u003E span {\n    margin-right: 5px;\n}\n\n.overview-data {\n    font-family: var(--regular-text-font );\n}\n\n.overview-data-prod \u003E span {\n    font-size: xx-small;\n    opacity: 0.6;\n}\n\n.overview-data-prod {\n    font-family: var(--regular-text-font );\n    display: flex;\n    flex-direction: column;\n}\n\n.recent-orders {\n    font-family: var(--regular-text-font );\n}\n\n.a-IRR-table tr:hover :not([Headers ~= C39275504417024429135]){\n    background-color:var(--first-color);\n    color: var(--fist-color) !important;\n}\n\n[Headers ~= C39275504417024429135]{\n    background-color: #3A3632;\n    border-radius: 5px;\n    text-align: center;\n}\n\n[Headers ~= C39275504417024429135] a {\n    color:white;\n}"
  }
 ,"Security":{
    "Authentication":"Page Requires Authentication"
   ,"Deep Linking":"Application Default"
   ,"Page Access Protection":"Arguments Must Have Checksum"
   ,"Form Auto Complete":"Off"
   ,"Browser Cache":"Application Default"
  }
 ,"Session Management":{
    "Rejoin Sessions":"Application Default"
  }
 ,"Advanced":{
    "Enable duplicate page submissions":"Yes - Enable page to be re-posted"
   ,"Reload on Submit":"Only for Success"
  }
 ,"Server Cache":{
    "Caching":"Disabled"
  }
 ,"Regions":[
    {
      "id":"38242826924679699946"
     ,"Identification":{
        "Title":"Seller Dashboard Navigation"
       ,"Type":"List"
      }
     ,"Source":{
        "List":"Seller Dashboard List (38784043417088031374)"
      }
     ,"Layout":{
        "Sequence":10
       ,"Parent Region":"No Parent"
       ,"Position":"REGION_POSITION_02"
       ,"Start New Layout":false
       ,"Start New Row":true
       ,"Column":"Automatic"
       ,"New Column":true
       ,"Column Span":"Automatic"
      }
     ,"Appearance":{
        "Template":"Standard (19471808805460504264)"
       ,"Template Options":[
          "#DEFAULT#"
         ,"t-Region--removeHeader js-removeLandmark"
         ,"t-Region--noUI"
         ,"t-Region--scrollBody"
        ]
       ,"CSS Classes":[
          "dashboard-side-menu"
        ]
       ,"Render Components":"Above Content"
      }
     ,"Accessibility":{
        "Use Landmark":true
       ,"Landmark Type":"Template Default"
      }
     ,"Advanced":{
        "Region Display Selector":false
       ,"Exclude Title from Translation":false
      }
     ,"Server Cache":{
        "Caching":"Disabled"
      }
     ,"Customization":{
        "Customizable":"Not Customizable By End Users"
      }
     ,"Attributes":{
        "Appearance":{
          "List Template":"Links List (19471863408174504294)"
         ,"Template Options":[
            "#DEFAULT#"
           ,"t-LinksList--showBadge"
           ,"t-LinksList--showArrow"
           ,"t-LinksList--nowrap"
           ,"t-LinksList--actions"
           ,"t-LinksList--showIcons"
          ]
         ,"CSS Classes":[
            "dashboard-side-menu-list"
          ]
        }
      }
    }
   ,{
      "id":"38793501474644233505"
     ,"Identification":{
        "Title":"Overall Summary"
       ,"Type":"Static Content"
      }
     ,"Layout":{
        "Sequence":10
       ,"Parent Region":"No Parent"
       ,"Position":"REGION_POSITION_08"
       ,"Start New Layout":false
       ,"Start New Row":true
       ,"Column":"Automatic"
       ,"New Column":true
       ,"Column Span":"Automatic"
      }
     ,"Appearance":{
        "Template":"Standard (19471808805460504264)"
       ,"Template Options":[
          "#DEFAULT#"
         ,"t-Region--removeHeader js-removeLandmark"
         ,"t-Region--noUI"
         ,"t-Region--scrollBody"
        ]
       ,"CSS Classes":[
          "overall-summary-region-container"
        ]
       ,"Render Components":"Above Content"
      }
     ,"Accessibility":{
        "Use Landmark":true
       ,"Landmark Type":"Template Default"
      }
     ,"Advanced":{
        "Region Display Selector":false
       ,"Exclude Title from Translation":false
      }
     ,"Server Cache":{
        "Caching":"Disabled"
      }
     ,"Customization":{
        "Customizable":"Not Customizable By End Users"
      }
     ,"Attributes":{
        "Settings":{
          "Output As":"HTML"
         ,"Expand Shortcuts":false
        }
      }
    }
   ,{
      "id":"38793501650007233507"
     ,"Identification":{
        "Title":"Total customers"
       ,"Type":"Dynamic Content"
      }
     ,"Source":{
        "Language":"PL\/SQL"
       ,"PL\/SQL Function Body returning a CLOB":"declare \n    l_customer_count number;\nbegin\n    select  count(DISTINCT o.customer_id)\n    into    l_customer_count\n    from    orders o, order_items oi, product p, stores s\n    where   o.order_id = oi.order_id\n    and     oi.product_id = p.product_id\n    and     p.store_id = s.store_id\n    and     s.customer_id = to_number(:USER_ID) ;\n\n    return \n        \u0027\u003Cdiv class=\"overview\"\u003E\n            \u003Ch3 class=\"overview-title\"\u003E \u003Cspan aria-hidden=\"true\" class=\"fa fa-users fa-2x\"\u003E\u003C\/span\u003E Total Customers \u003C\/h3\u003E\n            \u003Ch4 class=\"overview-data\"\u003E\u0027 || l_customer_count || \u0027 Customer(s)\n            \u003C\/h4\u003E\n            \u003C\/div\u003E \u0027;\nend;"
      }
     ,"Layout":{
        "Sequence":10
       ,"Parent Region":"Overall Summary (38793501474644233505)"
       ,"Position":"SUB_REGIONS"
       ,"Start New Layout":false
       ,"Start New Row":true
       ,"Row CSS Classes":[
          "overall-summary-region-row"
        ]
       ,"Column":"1"
       ,"New Column":true
       ,"Column Span":"3"
      }
     ,"Appearance":{
        "Template":"Standard (19471808805460504264)"
       ,"Template Options":[
          "#DEFAULT#"
         ,"t-Region--removeHeader js-removeLandmark"
         ,"t-Region--stacked"
         ,"t-Region--scrollBody"
        ]
       ,"CSS Classes":[
          "overall-summary-region"
        ]
       ,"Render Components":"Above Content"
      }
     ,"Accessibility":{
        "Use Landmark":true
       ,"Landmark Type":"Template Default"
      }
     ,"Advanced":{
        "Region Display Selector":false
       ,"Exclude Title from Translation":false
      }
     ,"Server Cache":{
        "Caching":"Disabled"
      }
     ,"Customization":{
        "Customizable":"Not Customizable By End Users"
      }
     ,"Attributes":{
        "Performance":{
          "Lazy Loading":false
        }
      }
    }
   ,{
      "id":"38793501782387233508"
     ,"Identification":{
        "Title":"Revenue"
       ,"Type":"Dynamic Content"
      }
     ,"Source":{
        "Language":"PL\/SQL"
       ,"PL\/SQL Function Body returning a CLOB":"declare \n    revenue number := 0;\nbegin\n    select  NVL(sum(new_price(oi.product_id) * oi.quantity), 0)\n    into    revenue\n    from    orders o, order_items oi, product p, stores s\n    where   o.order_status = \u0027Confirmed\u0027\n    and     o.order_id = oi.order_id\n    and     oi.product_id = p.product_id\n    and     p.store_id = s.store_id\n    and     s.customer_id = to_number(:USER_ID) ;\n    \n    return \n        \u0027\u003Cdiv class=\"overview\"\u003E\n            \u003Ch3 class=\"overview-title\"\u003E \u003Cspan class=\"fa fa-money fa-2x\" aria-hidden=\"true\"\u003E\u003C\/span\u003E Total Revenue \u003C\/h3\u003E\n            \u003Ch4 class=\"overview-data\"\u003E\u0027 || revenue || \u0027 TND\n            \u003C\/h4\u003E\n            \u003C\/div\u003E \u0027;\nend;"
      }
     ,"Layout":{
        "Sequence":20
       ,"Parent Region":"Overall Summary (38793501474644233505)"
       ,"Position":"SUB_REGIONS"
       ,"Start New Layout":false
       ,"Start New Row":false
       ,"Column":"Automatic"
       ,"New Column":true
       ,"Column Span":"3"
      }
     ,"Appearance":{
        "Template":"Standard (19471808805460504264)"
       ,"Template Options":[
          "#DEFAULT#"
         ,"t-Region--removeHeader js-removeLandmark"
         ,"t-Region--stacked"
         ,"t-Region--scrollBody"
        ]
       ,"CSS Classes":[
          "overall-summary-region"
        ]
       ,"Render Components":"Above Content"
      }
     ,"Accessibility":{
        "Use Landmark":true
       ,"Landmark Type":"Template Default"
      }
     ,"Advanced":{
        "Region Display Selector":false
       ,"Exclude Title from Translation":false
      }
     ,"Server Cache":{
        "Caching":"Disabled"
      }
     ,"Customization":{
        "Customizable":"Not Customizable By End Users"
      }
     ,"Attributes":{
        "Performance":{
          "Lazy Loading":false
        }
      }
    }
   ,{
      "id":"38793501889145233509"
     ,"Identification":{
        "Title":"Total Orders"
       ,"Type":"Dynamic Content"
      }
     ,"Source":{
        "Language":"PL\/SQL"
       ,"PL\/SQL Function Body returning a CLOB":"declare \n    tot_orders number;\nbegin\n    select  count(o.order_id)\n    into    tot_orders\n    from    orders o, order_items oi, product p, stores s\n    where   o.order_id = oi.order_id\n    and     oi.product_id = p.product_id\n    and     p.store_id = s.store_id\n    and     s.customer_id = to_number(:USER_ID) ;\n\n    return \n        \u0027 \u003Cdiv class=\"overview\"\u003E\n        \u003Ch3 class=\"overview-title\"\u003E\u003Cspan class=\"fa fa-shopping-bag fa-2x\" aria-hidden=\"true\"\u003E\u003C\/span\u003E Total Orders\u003C\/h3\u003E\n        \u003Ch4 class=\"overview-data\"\u003E\u0027 || tot_orders || \u0027 Order(s)\n        \u003C\/h4\u003E\n        \u003C\/div\u003E \u0027;\nend;"
      }
     ,"Layout":{
        "Sequence":30
       ,"Parent Region":"Overall Summary (38793501474644233505)"
       ,"Position":"SUB_REGIONS"
       ,"Start New Layout":false
       ,"Start New Row":false
       ,"Column":"Automatic"
       ,"New Column":true
       ,"Column Span":"3"
      }
     ,"Appearance":{
        "Template":"Standard (19471808805460504264)"
       ,"Template Options":[
          "#DEFAULT#"
         ,"t-Region--removeHeader js-removeLandmark"
         ,"t-Region--stacked"
         ,"t-Region--scrollBody"
        ]
       ,"CSS Classes":[
          "overall-summary-region"
        ]
       ,"Render Components":"Above Content"
      }
     ,"Accessibility":{
        "Use Landmark":true
       ,"Landmark Type":"Template Default"
      }
     ,"Advanced":{
        "Region Display Selector":false
       ,"Exclude Title from Translation":false
      }
     ,"Server Cache":{
        "Caching":"Disabled"
      }
     ,"Customization":{
        "Customizable":"Not Customizable By End Users"
      }
     ,"Attributes":{
        "Performance":{
          "Lazy Loading":false
        }
      }
    }
   ,{
      "id":"38793501922129233510"
     ,"Identification":{
        "Title":"Stats Summary"
       ,"Type":"Static Content"
      }
     ,"Layout":{
        "Sequence":30
       ,"Parent Region":"No Parent"
       ,"Position":"BODY"
       ,"Start New Layout":false
       ,"Start New Row":true
       ,"Column":"Automatic"
       ,"New Column":true
       ,"Column Span":"Automatic"
      }
     ,"Appearance":{
        "Template":"Standard (19471808805460504264)"
       ,"Template Options":[
          "#DEFAULT#"
         ,"t-Region--removeHeader js-removeLandmark"
         ,"t-Region--scrollBody"
        ]
       ,"Render Components":"Above Content"
      }
     ,"Accessibility":{
        "Use Landmark":true
       ,"Landmark Type":"Template Default"
      }
     ,"Advanced":{
        "Region Display Selector":false
       ,"Exclude Title from Translation":false
      }
     ,"Server Cache":{
        "Caching":"Disabled"
      }
     ,"Customization":{
        "Customizable":"Not Customizable By End Users"
      }
     ,"Attributes":{
        "Settings":{
          "Output As":"HTML"
         ,"Expand Shortcuts":false
        }
      }
    }
   ,{
      "id":"39275502402576429115"
     ,"Identification":{
        "Title":"Recent Orders "
       ,"Type":"Interactive Report"
      }
     ,"Source":{
        "Location":"Local Database"
       ,"Type":"SQL Query"
       ,"SQL Query":"SELECT\n    DISTINCT o.order_id AS \"Order Number\",\n    to_char(o.order_datetime, \u0027DD-MON-YYYY\u0027) AS \"Date\",\n    o.order_status AS \"ORDER STATUS\",\n    c.firstname || \u0027 \u0027 || c.lastname AS Customer,\n    sum(new_price(oi.product_id) * oi.quantity) || \u0027 TND\u0027 AS \"ORDER PRICE\",\n    \u0027Check Order\u0027\nFROM orders o\nJOIN order_items oi ON o.order_id = oi.order_id\nJOIN customer c ON o.customer_id = c.customer_id\nJOIN product p ON oi.product_id = p.product_id\nJOIN stores s ON p.store_id = s.store_id\nWHERE s.customer_id = TO_NUMBER(:USER_ID)\nGROUP BY o.order_id, to_char(o.order_datetime, \u0027DD-MON-YYYY\u0027), order_status, c.firstname || \u0027 \u0027 || c.lastname\nORDER BY to_char(o.order_datetime, \u0027DD-MON-YYYY\u0027) DESC"
      }
     ,"Layout":{
        "Sequence":30
       ,"Parent Region":"Stats Summary (38793501922129233510)"
       ,"Position":"SUB_REGIONS"
       ,"Start New Layout":false
       ,"Start New Row":true
       ,"Column":"Automatic"
       ,"New Column":true
       ,"Column Span":"Automatic"
       ,"Column CSS Classes":[
          "recent-orders-col"
        ]
      }
     ,"Appearance":{
        "Template":"Standard (19471808805460504264)"
       ,"Template Options":[
          "#DEFAULT#"
         ,"t-Region--stacked"
         ,"t-Region--scrollBody"
        ]
       ,"CSS Classes":[
          "recent-orders"
        ]
       ,"Render Components":"Above Content"
      }
     ,"Accessibility":{
        "Use Landmark":true
       ,"Landmark Type":"Template Default"
      }
     ,"Advanced":{
        "Region Display Selector":false
       ,"Exclude Title from Translation":false
      }
     ,"Server Cache":{
        "Caching":"Disabled"
      }
     ,"Customization":{
        "Customizable":"Not Customizable By End Users"
      }
     ,"Attributes":{
        "id":"39275503810522429129"
       ,"Link":{
          "Link Column":"Exclude Link Column"
        }
       ,"Pagination":{
          "Type":"None"
        }
       ,"Performance":{
          "Lazy Loading":false
         ,"Maximum Rows to Process":5
        }
       ,"Messages":{
          "When No Data Found":"No Orders Yet !"
        }
       ,"Search Bar":{
          "Include Search Bar":true
         ,"Search Field":true
         ,"Finder Drop Down":true
         ,"Reports Select List":true
         ,"Rows Per Page Selector":false
        }
       ,"Actions Menu":{
          "Include Actions Menu":true
         ,"Filter":true
         ,"Select Columns":true
         ,"Rows Per Page":false
         ,"Sort":true
         ,"Control Break":false
         ,"Highlight":true
         ,"Compute":false
         ,"Aggregate":false
         ,"Chart":false
         ,"Group By":false
         ,"Pivot":false
         ,"Flashback":false
         ,"Save Report":false
         ,"Reset":true
         ,"Help":true
         ,"Download":false
        }
       ,"Heading":{
          "Fixed To":"Page"
        }
       ,"Icon View":{
          "Show":false
        }
       ,"Detail View":{
          "Show":false
        }
       ,"Saved Reports":[
          {
            "id":"39280125752411337354"
           ,"Identification":{
              "Name":"Primary Report"
             ,"Alias":"392801258"
            }
          }
        ]
       ,"Columns":[
          {
            "id":"39275503918104429130"
           ,"Identification":{
              "Column Name":"Order Number"
             ,"Type":"Plain Text"
            }
           ,"Heading":{
              "Heading":"Order Number"
             ,"Alignment":"center"
            }
           ,"Single Row View":{
              "Use Column Heading":true
            }
           ,"Layout":{
              "Sequence":10
             ,"Column Alignment":"center"
            }
           ,"Accessibility":{
              "Value Identifies Row":false
            }
           ,"Source":{
              "Primary Key":false
            }
           ,"Column Filter":{
              "Type":"Default Based on Column Type"
            }
           ,"Enable Users To":{
              "Hide":true
             ,"Sort":true
             ,"Filter":true
             ,"Highlight":true
             ,"Control Break":true
             ,"Aggregate":true
             ,"Compute":true
             ,"Chart":true
             ,"Group By":true
             ,"Pivot":true
            }
           ,"Security":{
              "Escape special characters":true
            }
          }
         ,{
            "id":"39275504085878429131"
           ,"Identification":{
              "Column Name":"Date"
             ,"Type":"Plain Text"
            }
           ,"Heading":{
              "Heading":"Order Date"
             ,"Alignment":"center"
            }
           ,"Single Row View":{
              "Use Column Heading":true
            }
           ,"Layout":{
              "Sequence":20
             ,"Column Alignment":"center"
            }
           ,"Accessibility":{
              "Value Identifies Row":false
            }
           ,"Appearance":{
              "Format Mask":"DD-MON-YYYY"
            }
           ,"Source":{
              "Primary Key":false
            }
           ,"Column Filter":{
              "Type":"Default Based on Column Type"
            }
           ,"Enable Users To":{
              "Hide":true
             ,"Sort":true
             ,"Filter":true
             ,"Highlight":true
             ,"Control Break":true
             ,"Aggregate":true
             ,"Compute":true
             ,"Chart":true
             ,"Group By":true
             ,"Pivot":true
            }
           ,"Security":{
              "Escape special characters":true
            }
          }
         ,{
            "id":"39275504184493429132"
           ,"Identification":{
              "Column Name":"ORDER STATUS"
             ,"Type":"Plain Text"
            }
           ,"Heading":{
              "Heading":"Order Status"
             ,"Alignment":"center"
            }
           ,"Single Row View":{
              "Use Column Heading":true
            }
           ,"Layout":{
              "Sequence":30
             ,"Column Alignment":"center"
            }
           ,"Accessibility":{
              "Value Identifies Row":false
            }
           ,"Source":{
              "Primary Key":false
            }
           ,"Column Filter":{
              "Type":"Default Based on Column Type"
            }
           ,"Enable Users To":{
              "Hide":true
             ,"Sort":true
             ,"Filter":true
             ,"Highlight":true
             ,"Control Break":true
             ,"Aggregate":true
             ,"Compute":true
             ,"Chart":true
             ,"Group By":true
             ,"Pivot":true
            }
           ,"Security":{
              "Escape special characters":true
            }
          }
         ,{
            "id":"39275504255901429133"
           ,"Identification":{
              "Column Name":"CUSTOMER"
             ,"Type":"Plain Text"
            }
           ,"Heading":{
              "Heading":"Customer"
             ,"Alignment":"center"
            }
           ,"Single Row View":{
              "Use Column Heading":true
            }
           ,"Layout":{
              "Sequence":40
             ,"Column Alignment":"center"
            }
           ,"Accessibility":{
              "Value Identifies Row":false
            }
           ,"Source":{
              "Primary Key":false
            }
           ,"Column Filter":{
              "Type":"Default Based on Column Type"
            }
           ,"Enable Users To":{
              "Hide":true
             ,"Sort":true
             ,"Filter":true
             ,"Highlight":true
             ,"Control Break":true
             ,"Aggregate":true
             ,"Compute":true
             ,"Chart":true
             ,"Group By":true
             ,"Pivot":true
            }
           ,"Security":{
              "Escape special characters":true
            }
          }
         ,{
            "id":"39275504300295429134"
           ,"Identification":{
              "Column Name":"ORDER PRICE"
             ,"Type":"Plain Text"
            }
           ,"Heading":{
              "Heading":"Order Price"
             ,"Alignment":"center"
            }
           ,"Single Row View":{
              "Use Column Heading":true
            }
           ,"Layout":{
              "Sequence":50
             ,"Column Alignment":"center"
            }
           ,"Accessibility":{
              "Value Identifies Row":false
            }
           ,"Source":{
              "Primary Key":false
            }
           ,"Column Filter":{
              "Type":"Default Based on Column Type"
            }
           ,"Enable Users To":{
              "Hide":true
             ,"Sort":true
             ,"Filter":true
             ,"Highlight":true
             ,"Control Break":true
             ,"Aggregate":true
             ,"Compute":true
             ,"Chart":true
             ,"Group By":true
             ,"Pivot":true
            }
           ,"Security":{
              "Escape special characters":true
            }
          }
         ,{
            "id":"39275504417024429135"
           ,"Identification":{
              "Column Name":"\u0027CHECKORDER\u0027"
             ,"Type":"Link"
            }
           ,"Heading":{
              "Heading":"Check Order"
             ,"Alignment":"center"
            }
           ,"Single Row View":{
              "Use Column Heading":true
            }
           ,"Layout":{
              "Sequence":60
             ,"Column Alignment":"center"
            }
           ,"Accessibility":{
              "Value Identifies Row":false
            }
           ,"Link":{
              "Target":{
                "url":"f?p=\u0026APP_ID.:73:\u0026SESSION.::\u0026DEBUG.:73::"
               ,"Page":"73"
               ,"Clear Cache":"73"
              }
             ,"Link Text":"\u003Cspan class=\"fa fa-arrow-right-alt check-order\" aria-hidden=\"true\"\u003E\u003C\/span\u003E"
            }
           ,"Source":{
              "Primary Key":false
            }
           ,"Column Filter":{
              "Type":"Default Based on Column Type"
            }
           ,"Enable Users To":{
              "Hide":true
             ,"Sort":true
             ,"Filter":true
             ,"Highlight":true
             ,"Control Break":true
             ,"Aggregate":true
             ,"Compute":true
             ,"Chart":true
             ,"Group By":true
             ,"Pivot":true
            }
           ,"Security":{
              "Escape special characters":true
            }
          }
        ]
      }
    }
   ,{
      "id":"39275505071553429141"
     ,"Identification":{
        "Title":"Blockbuster Product"
       ,"Type":"Dynamic Content"
      }
     ,"Source":{
        "Language":"PL\/SQL"
       ,"PL\/SQL Function Body returning a CLOB":"DECLARE\n    best_prod product.product_name%TYPE;\n    store_org stores.store_name%TYPE;\n    l_str_ret varchar2(1000);\nBEGIN\n    SELECT product_name, store_name\n    INTO best_prod, store_org\n    FROM (\n        SELECT p.product_name,\n               new_price(p.product_id) * oi.quantity AS price_quantity,\n               s.store_name\n        FROM order_items oi\n        JOIN orders o ON oi.order_id = oi.order_id\n        JOIN product p ON oi.product_id = p.product_id\n        JOIN stores s ON p.store_id = s.store_id\n        WHERE s.customer_id = TO_NUMBER(:USER_ID) AND order_status = \u0027Confirmed\u0027\n        ORDER BY price_quantity DESC\n    )\n    WHERE ROWNUM = 1;\n    \n    l_str_ret := \u0027\u003Cdiv class=\"overview\"\u003E\n                    \u003Ch3 class=\"overview-title\"\u003E\u003Cspan aria-hidden=\"true\" class=\"fa fa-package fa-2x\"\u003E\u003C\/span\u003EBlockbuster Product\u003C\/h3\u003E\n                    \u003Ch4 class=\"overview-data-prod\"\u003E\u0027 || best_prod || \u0027 \u003Cspan\u003E from \u0027 || store_org  || \u0027\u003C\/span\u003E\n                    \u003C\/h4\u003E\n                  \u003C\/div\u003E\u0027;\n\n    RETURN l_str_ret;\nEXCEPTION\n    WHEN NO_DATA_FOUND THEN\n        l_str_ret := \u0027\u003Cdiv class=\"overview\"\u003E\n                        \u003Ch3 class=\"overview-title\"\u003E\u003Cspan aria-hidden=\"true\" class=\"fa fa-package fa-2x\"\u003E\u003C\/span\u003EBlockbuster Product\u003C\/h3\u003E\n                        \u003Ch4 class=\"overview-data-prod\"\u003E No product sold yet ! \u003C\/h4\u003E\n                      \u003C\/div\u003E\u0027;\n\n        RETURN l_str_ret;\nEND;\n"
      }
     ,"Layout":{
        "Sequence":40
       ,"Parent Region":"Overall Summary (38793501474644233505)"
       ,"Position":"SUB_REGIONS"
       ,"Start New Layout":false
       ,"Start New Row":false
       ,"Column":"Automatic"
       ,"New Column":true
       ,"Column Span":"3"
      }
     ,"Appearance":{
        "Template":"Standard (19471808805460504264)"
       ,"Template Options":[
          "#DEFAULT#"
         ,"t-Region--removeHeader js-removeLandmark"
         ,"t-Region--stacked"
         ,"t-Region--scrollBody"
        ]
       ,"CSS Classes":[
          "overall-summary-region"
        ]
       ,"Render Components":"Above Content"
      }
     ,"Accessibility":{
        "Use Landmark":true
       ,"Landmark Type":"Template Default"
      }
     ,"Advanced":{
        "Region Display Selector":false
       ,"Exclude Title from Translation":false
      }
     ,"Server Cache":{
        "Caching":"Disabled"
      }
     ,"Customization":{
        "Customizable":"Not Customizable By End Users"
      }
     ,"Attributes":{
        "Performance":{
          "Lazy Loading":false
        }
      }
    }
   ,{
      "id":"40358078263030470137"
     ,"Identification":{
        "Title":"Sales Overview"
       ,"Type":"Chart"
      }
     ,"Layout":{
        "Sequence":20
       ,"Parent Region":"No Parent"
       ,"Position":"BODY"
       ,"Start New Layout":false
       ,"Start New Row":false
       ,"Column":"Automatic"
       ,"New Column":true
       ,"Column Span":"Automatic"
      }
     ,"Appearance":{
        "Template":"Standard (19471808805460504264)"
       ,"Template Options":[
          "#DEFAULT#"
         ,"t-Region--scrollBody"
        ]
       ,"Render Components":"Above Content"
      }
     ,"Accessibility":{
        "Use Landmark":true
       ,"Landmark Type":"Template Default"
      }
     ,"Advanced":{
        "Region Display Selector":false
       ,"Exclude Title from Translation":false
      }
     ,"Security":{
        "Escape special characters":true
      }
     ,"Server Cache":{
        "Caching":"Disabled"
      }
     ,"Customization":{
        "Customizable":"Not Customizable By End Users"
      }
     ,"Attributes":{
        "id":"40358078385534470138"
       ,"Chart":{
          "Type":"Line"
        }
       ,"Appearance":{
          "Orientation":"Vertical"
         ,"Stack":false
        }
       ,"Layout":{
          "Height":400
        }
       ,"Data Cursor":{
          "Cursor":"Automatic"
         ,"Behavior":"Automatic"
         ,"Dim On Hover":true
        }
       ,"Multi-Series Chart Data":{
          "Fill Gaps in Chart Data":true
         ,"Sort Order":"Label - Ascending"
         ,"Render Gap as Zero":true
        }
       ,"Settings":{
          "Zoom and Scroll":"No"
        }
       ,"Animation":{
          "On Display":"Automatic"
         ,"On Data Change":"Automatic"
        }
       ,"Tooltip":{
          "Show":true
         ,"Show Series Name":false
         ,"Show Group Name":true
         ,"Show Value":true
        }
       ,"Legend":{
          "Show":false
        }
       ,"Messages":{
          "When No Data Found":"No sales yet !"
        }
       ,"Advanced":{
          "Initialization JavaScript Function":"  function modifyOptions(options) {\n    options.dataFilter = function(data) {\n        for (var i = 0; i \u003C data.series.length; i++) {\n            for (var j = 0; j \u003C data.series[i].items.length; j++) {\n                    data.series[i].items[j].color = \"#FFB929\";\n                    data.series[i].items[j].markerDisplayed = \"on\";\n                    data.series[i].items[j].markerSize = 15;\n            }\n        }\n\n        return data;\n    };\n\n    return options;\n}"
        }
       ,"Series":[
          {
            "id":"40358078498415470139"
           ,"Identification":{
              "Name":"Series 1"
            }
           ,"Execution":{
              "Sequence":10
            }
           ,"Source":{
              "Location":"Local Database"
             ,"Type":"SQL Query"
             ,"SQL Query":"SELECT\n    SUM(NEW_PRICE(oi.product_id) * oi.quantity) order_total,\n    to_char(o.order_datetime, \u0027DD-MON-YYYY\u0027) order_date\nFROM orders o\nLEFT JOIN order_items oi ON o.order_id = oi.order_id\nLEFT JOIN product p ON oi.product_id = p.product_id\nLEFT JOIN stores s ON p.store_id = s.store_id\nWHERE s.customer_id = TO_NUMBER(:USER_ID)\nGROUP BY to_char(o.order_datetime, \u0027DD-MON-YYYY\u0027)\nORDER BY to_char(o.order_datetime, \u0027DD-MON-YYYY\u0027);"
            }
           ,"Column Mapping":{
              "Label":"ORDER_DATE"
             ,"Value":"ORDER_TOTAL"
            }
           ,"Appearance":{
              "Assigned To Y2 Axis":false
            }
           ,"Line":{
              "Style":"Solid"
             ,"Type":"Automatic"
            }
           ,"Marker":{
              "Show":"Automatic"
             ,"Shape":"Automatic"
            }
           ,"Label":{
              "Show":false
            }
          }
        ]
       ,"Axes":[
          {
            "id":"40358078567255470140"
           ,"Identification":{
              "Name":"x"
             ,"Show Axis":true
            }
           ,"Value":{
              "Format Scaling":"Automatic"
             ,"Baseline Scaling":"Zero"
             ,"Scale":"Linear"
            }
           ,"Major Ticks":{
              "Show":"Yes"
            }
           ,"Minor Ticks":{
              "Show":false
            }
           ,"Tick Label":{
              "Show":true
             ,"Rotation":true
             ,"Position":"Outside"
            }
          }
         ,{
            "id":"40358078635043470141"
           ,"Identification":{
              "Name":"y"
             ,"Show Axis":true
            }
           ,"Value":{
              "Format":"Decimal"
             ,"Decimal Places":0
             ,"Format Scaling":"None"
             ,"Baseline Scaling":"Zero"
             ,"Scale":"Linear"
            }
           ,"Appearance":{
              "Position":"Automatic"
            }
           ,"Major Ticks":{
              "Show":"Yes"
            }
           ,"Minor Ticks":{
              "Show":false
            }
           ,"Tick Label":{
              "Show":true
            }
          }
        ]
      }
    }
   ,{
      "id":"40358078738636470142"
     ,"Identification":{
        "Title":"Orders Overview"
       ,"Type":"Chart"
      }
     ,"Layout":{
        "Sequence":10
       ,"Parent Region":"No Parent"
       ,"Position":"BODY"
       ,"Start New Layout":false
       ,"Start New Row":true
       ,"Column":"Automatic"
       ,"New Column":true
       ,"Column Span":"6"
      }
     ,"Appearance":{
        "Template":"Standard (19471808805460504264)"
       ,"Template Options":[
          "#DEFAULT#"
         ,"t-Region--scrollBody"
        ]
       ,"Render Components":"Above Content"
      }
     ,"Accessibility":{
        "Use Landmark":true
       ,"Landmark Type":"Template Default"
      }
     ,"Advanced":{
        "Region Display Selector":false
       ,"Exclude Title from Translation":false
      }
     ,"Security":{
        "Escape special characters":true
      }
     ,"Server Cache":{
        "Caching":"Disabled"
      }
     ,"Customization":{
        "Customizable":"Not Customizable By End Users"
      }
     ,"Attributes":{
        "id":"40358078860738470143"
       ,"Chart":{
          "Type":"Pie"
        }
       ,"Layout":{
          "Height":400
        }
       ,"Data Cursor":{
          "Cursor":"Automatic"
         ,"Behavior":"Automatic"
         ,"Dim On Hover":true
        }
       ,"Settings":{
          "Pie Selection Effect":"Highlight"
        }
       ,"Value":{
          "Pie Chart Other Threshold":0
         ,"Format":"Decimal"
         ,"Decimal Places":0
         ,"Format Scaling":"None"
        }
       ,"Animation":{
          "On Display":"Automatic"
         ,"On Data Change":"Automatic"
        }
       ,"Tooltip":{
          "Show":true
         ,"Show Series Name":true
         ,"Show Value":true
        }
       ,"Legend":{
          "Show":true
         ,"Position":"Automatic"
         ,"Hide and Show Behavior":"Rescale"
         ,"Font Family":"Courier New"
         ,"Font Style":"Italic"
         ,"Font Size":"10"
         ,"Font Color":"#3a3632"
        }
       ,"Messages":{
          "When No Data Found":"No orders yet !"
        }
       ,"Advanced":{
          "Initialization JavaScript Function":"function modifyOptions(options) {\n\toptions.dataFilter = function (data) {\n\t  for (var i = 0; i \u003C data.series.length; i++) {\n\t\tvar dataName = data.series[i].name;\n\t\tif (dataName.startsWith(\"Pending\")) {\n\t\t  data.series[i].color = \"#3A3632\";\n\t\t} else if (dataName.startsWith(\"Confirmed\")) {\n\t\t  \/\/ Choose a different color for \"Confirmed\" series\n\t\t  data.series[i].color = \"#FFB929\";\n\t\t} else if (dataName.startsWith(\"Shipped\")) {\n\t\t  data.series[i].color = \"#497620\";\n\t\t} else if (dataName.startsWith(\"Cancelled\")) {\n\t\t  data.series[i].color = \"#C33522\";\n\t\t}\n\t  }\n  \n\t  return data;\n\t};\n  \n\treturn options;\n  }\n"
        }
       ,"Series":[
          {
            "id":"40358078950370470144"
           ,"Identification":{
              "Name":"Series 1"
            }
           ,"Execution":{
              "Sequence":10
            }
           ,"Source":{
              "Location":"Local Database"
             ,"Type":"SQL Query"
             ,"SQL Query":"SELECT count(DISTINCT o.order_id), o.order_status \nFROM orders o\nLEFT JOIN order_items oi ON o.order_id = oi.order_id\nLEFT  JOIN product p ON oi.product_id = p.product_id\nLEFT JOIN stores s ON p.store_id = s.store_id\nWHERE s.customer_id = TO_NUMBER(:USER_ID)\nGROUP BY  o.order_status;"
            }
           ,"Column Mapping":{
              "Label":"ORDER_STATUS"
             ,"Value":"COUNT(DISTINCTO.ORDER_ID)"
            }
           ,"Label":{
              "Show":true
             ,"Position":"Automatic"
             ,"Display As":"Label"
            }
          }
        ]
      }
    }
  ]
}
