{
  "id":"11"
 ,"Identification":{
    "Name":"product_cat_store"
   ,"Alias":"PRODUCT-CAT-STORE"
   ,"Title":"product_cat_store"
  }
 ,"Appearance":{
    "Page Mode":"Normal"
   ,"Page Template":"New Standard (22381695668883954033)"
   ,"Template Options":[
      "#DEFAULT#"
    ]
  }
 ,"Navigation Menu":{
    "Override User Interface Level":false
  }
 ,"Navigation":{
    "Cursor Focus":"Do not focus cursor"
   ,"Warn on Unsaved Changes":true
  }
 ,"Security":{
    "Authentication":"Page Is Public"
  }
 ,"Advanced":{
    "Enable Meta Tags":false
  }
 ,"Security":{
    "Deep Linking":"Application Default"
   ,"Page Access Protection":"Unrestricted"
   ,"Form Auto Complete":"Off"
   ,"Browser Cache":"Application Default"
  }
 ,"Session Management":{
    "Rejoin Sessions":"Application Default"
  }
 ,"Advanced":{
    "Enable duplicate page submissions":"Yes - Enable page to be re-posted"
   ,"Reload on Submit":"Only for Success"
  }
 ,"Server Cache":{
    "Caching":"Disabled"
  }
 ,"Regions":[
    {
      "id":"56936756937681157022"
     ,"Identification":{
        "Title":"products "
       ,"Type":"Cards"
      }
     ,"Source":{
        "Location":"Local Database"
       ,"Type":"SQL Query"
       ,"SQL Query":"SELECT  p.product_id,\n        p.product_name,\n        p.product_description,\n        p.unit_price,\n        discount,\n        NEW_PRICE (P.PRODUCT_ID) new_price,\n        p.store_id,\n        pi.image\nFROM    product p\n        join (SELECT image_id,\n            product_id,\n            image\n            FROM(SELECT image_id,\n                        product_id,\n                        image,\n                        Row_number()\n                            over (\n                            PARTITION BY product_id\n                            ORDER BY image_id) AS rn\n                FROM   product_images) img\n                WHERE  rn = 1) pi\n        ON p.product_id = pi.product_id\nWHERE  category_id = :P11_CATEG_ID\nAND store_id = :P11_STORE_ID;"
       ,"Page Items to Submit":[
          "P11_CATEG_ID"
         ,"P11_STORE_ID"
        ]
      }
     ,"Layout":{
        "Sequence":40
       ,"Parent Region":"No Parent"
       ,"Position":"BODY"
       ,"Start New Layout":false
       ,"Start New Row":true
       ,"Column":"Automatic"
       ,"New Column":true
       ,"Column Span":"Automatic"
      }
     ,"Appearance":{
        "Template":"Cards Container (19471549395551504237)"
       ,"Template Options":[
          "#DEFAULT#"
         ,"t-CardsRegion--styleA"
        ]
       ,"Render Components":"Above Content"
      }
     ,"Accessibility":{
        "Use Landmark":true
       ,"Landmark Type":"Template Default"
      }
     ,"Advanced":{
        "Region Display Selector":false
       ,"Exclude Title from Translation":false
      }
     ,"Server Cache":{
        "Caching":"Disabled"
      }
     ,"Customization":{
        "Customizable":"Not Customizable By End Users"
      }
     ,"Attributes":{
        "id":"35049655811200629306"
       ,"Appearance":{
          "Layout":"Grid"
         ,"Grid Columns":"5 Columns"
        }
       ,"Card":{
          "CSS Classes":[
            "card"
          ]
         ,"Primary Key Column 1":"PRODUCT_ID"
        }
       ,"Title":{
          "Advanced Formatting":false
         ,"Column":"PRODUCT_NAME"
        }
       ,"Subtitle":{
          "Advanced Formatting":true
         ,"HTML Expression":"\u003Csmall\u003E\u0026STORE_ID_L$2.\u003C\/small\u003E\u003Cbr \/\u003E\n\u003Cb id=\"message_\u0026PRODUCT_ID.\" class=\"u-success-text u-pullRight\"\u003E\n{if QUANTITY\/} \u0026QUANTITY. in cart {endif\/}\n\u003C\/b\u003E\n\u003Cb\u003E$\u0026UNIT_PRICE.\u003C\/b\u003E"
        }
       ,"Body":{
          "Advanced Formatting":false
        }
       ,"Secondary Body":{
          "Advanced Formatting":false
        }
       ,"Icon and Badge":{
          "Icon Source":"No Icon"
        }
       ,"Media":{
          "Advanced Formatting":false
         ,"Source":"BLOB Column"
         ,"BLOB Column":"IMAGE"
         ,"Position":"First"
         ,"Appearance":"Widescreen"
         ,"Sizing":"Fit"
        }
       ,"Performance":{
          "Lazy Loading":false
        }
       ,"Pagination":{
          "Type":"Scroll"
         ,"Show Total Count":false
        }
       ,"Actions":[
          {
            "id":"35049656274586629307"
           ,"Identification":{
              "Type":"Full Card"
            }
           ,"Layout":{
              "Sequence":10
            }
           ,"Link":{
              "Type":"Redirect to Page in this Application"
             ,"Target":{
                "url":"f?p=\u0026APP_ID.:18:\u0026SESSION.::\u0026DEBUG.:18:P18_PRODUCT_ID:\u0026PRODUCT_ID."
               ,"Page":"18"
               ,"Clear Cache":"18"
               ,"Values":{
                  "P18_PRODUCT_ID":"\u0026PRODUCT_ID."
                }
              }
            }
          }
         ,{
            "id":"37171145815280069214"
           ,"Identification":{
              "Type":"Button"
             ,"Label":"wishlist"
            }
           ,"Layout":{
              "Position":"Primary"
             ,"Sequence":20
            }
           ,"Link":{
              "Type":"Redirect to URL"
             ,"Target":"javascript:void(null);"
             ,"Link Attributes":"data-id=\u0026PRODUCT_ID."
            }
           ,"Appearance":{
              "Display Type":"Icon"
             ,"Icon":"fa-heart"
             ,"Hot":false
             ,"CSS Classes":[
                "heart"
              ]
            }
          }
         ,{
            "id":"37171145926429069215"
           ,"Identification":{
              "Type":"Button"
             ,"Label":"Add to cart"
            }
           ,"Layout":{
              "Position":"Primary"
             ,"Sequence":30
            }
           ,"Link":{
              "Type":"Redirect to Page in this Application"
             ,"Target":{
                "url":"f?p=\u0026APP_ID.:6:\u0026SESSION.::\u0026DEBUG.:6:P6_PRODUCT_ID,P6_PRICE,P6_QUNATITY:\u0026PRODUCT_ID.,\u0026NEW_PRICE.,1"
               ,"Page":"6"
               ,"Clear Cache":"6"
               ,"Values":{
                  "P6_PRODUCT_ID":"\u0026PRODUCT_ID."
                 ,"P6_PRICE":"\u0026NEW_PRICE."
                 ,"P6_QUNATITY":"1"
                }
              }
            }
           ,"Appearance":{
              "Display Type":"Text with Icon"
             ,"Icon":"fa-plus-square"
             ,"Hot":false
            }
          }
        ]
      }
    }
  ]
 ,"Page Items":[
    {
      "id":"34598050261374261117"
     ,"Identification":{
        "Name":"P11_STORE_ID"
       ,"Type":"Hidden"
      }
     ,"Settings":{
        "Value Protected":true
      }
     ,"Layout":{
        "Sequence":60
       ,"Region":"No Parent"
       ,"Position":"BODY"
      }
     ,"Advanced":{
        "Warn on Unsaved Changes":"Page Default"
      }
     ,"Source":{
        "Type":"Null"
       ,"Used":"Only when current value in session state is null"
      }
     ,"Session State":{
        "Data Type":"VARCHAR2"
       ,"Storage":"Per Session (Persistent)"
      }
     ,"Security":{
        "Session State Protection":"Unrestricted"
       ,"Store value encrypted in session state":true
       ,"Restricted Characters":"All characters can be saved."
      }
    }
   ,{
      "id":"57001231876180620321"
     ,"Identification":{
        "Name":"P11_CATEG_ID"
       ,"Type":"Hidden"
      }
     ,"Settings":{
        "Value Protected":true
      }
     ,"Layout":{
        "Sequence":50
       ,"Region":"No Parent"
       ,"Position":"BODY"
      }
     ,"Advanced":{
        "Warn on Unsaved Changes":"Page Default"
      }
     ,"Source":{
        "Type":"Null"
       ,"Used":"Only when current value in session state is null"
      }
     ,"Session State":{
        "Data Type":"VARCHAR2"
       ,"Storage":"Per Session (Persistent)"
      }
     ,"Security":{
        "Session State Protection":"Unrestricted"
       ,"Store value encrypted in session state":true
       ,"Restricted Characters":"All characters can be saved."
      }
    }
  ]
 ,"Dynamic Actions":[
    {
      "id":"35049658290460629314"
     ,"Identification":{
        "Name":"Update Shopping Cart Header"
      }
     ,"Execution":{
        "Sequence":20
      }
     ,"When":{
        "Event":"EVENT.EVENT.FAMEWORK.APEXAFTERCLOSEDIALOG"
       ,"Selection Type":"Region"
       ,"Region":"products  (56936756937681157022)"
      }
     ,"Client-side Condition":{
        "Type":"JavaScript expression"
       ,"JavaScript Expression":"parseInt(this.data.SHOPPING_CART_ITEMS) \u003E 0"
      }
     ,"Execution":{
        "Event Scope":"Static"
       ,"Type":"Immediate"
      }
     ,"Actions":[
        {
          "id":"35049658716919629315"
         ,"Identification":{
            "Action":"Execute JavaScript Code"
          }
         ,"Settings":{
            "Code":"\/\/ Update Badge Text\napex.jQuery(\".js-shopping-cart-item .t-Button-badge\").text(this.data.SHOPPING_CART_ITEMS);\n\n\/\/ Update Icon\napex.jQuery(\".js-shopping-cart-item .t-Icon\").removeClass(\u0027fa-cart-empty\u0027).addClass(\u0027fa-cart-full\u0027);"
          }
         ,"Execution":{
            "Sequence":10
           ,"Event":"Update Shopping Cart Header (35049658290460629314)"
           ,"Fire When Event Result Is":"False"
           ,"Fire on Initialization":false
          }
        }
       ,{
          "id":"35049659212679629315"
         ,"Identification":{
            "Action":"Execute JavaScript Code"
          }
         ,"Settings":{
            "Code":"\/\/ Update Badge Text\napex.jQuery(\".js-shopping-cart-item .t-Button-badge\").text(\u0027\u0027);\n\n\/\/ Update Icon\napex.jQuery(\".js-shopping-cart-item .t-Icon\").removeClass(\u0027fa-cart-full\u0027).addClass(\u0027fa-cart-empty\u0027);"
          }
         ,"Execution":{
            "Sequence":30
           ,"Event":"Update Shopping Cart Header (35049658290460629314)"
           ,"Fire When Event Result Is":"False"
           ,"Fire on Initialization":false
          }
        }
      ]
    }
   ,{
      "id":"38275863391429217704"
     ,"Identification":{
        "Name":"wishlist"
      }
     ,"Execution":{
        "Sequence":30
      }
     ,"When":{
        "Event":"EVENT.EVENT.BROWSER.CLICK"
       ,"Selection Type":"jQuery Selector"
       ,"jQuery Selector":".heart"
      }
     ,"Execution":{
        "Event Scope":"Dynamic"
       ,"Type":"Immediate"
      }
     ,"Server-side Condition":{
        "Type":"Expression"
       ,"Language":"PL\/SQL"
       ,"PL\/SQL Expression":"APEX_AUTHENTICATION.IS_AUTHENTICATED"
      }
     ,"Actions":[
        {
          "id":"38275863724485217704"
         ,"Identification":{
            "Action":"Execute JavaScript Code"
          }
         ,"Settings":{
            "Code":"console.log($v(\u0027P11_PRODUCT_ID\u0027))"
          }
         ,"Execution":{
            "Sequence":20
           ,"Event":"wishlist (38275863391429217704)"
           ,"Fire When Event Result Is":"True"
           ,"Fire on Initialization":false
          }
        }
       ,{
          "id":"38275864203538217705"
         ,"Identification":{
            "Name":"set value"
           ,"Action":"Set Value"
          }
         ,"Settings":{
            "Set Type":"JavaScript Expression"
           ,"JavaScript Expression":"$(this.triggeringElement).data(\u0027id\u0027)"
           ,"Suppress Change Event":false
          }
         ,"Affected Elements":{
            "Selection Type":"Item(s)"
           ,"Item(s)":[
              "P11_PRODUCT_ID"
            ]
          }
         ,"Execution":{
            "Sequence":10
           ,"Event":"wishlist (38275863391429217704)"
           ,"Fire When Event Result Is":"True"
           ,"Fire on Initialization":true
           ,"Stop Execution On Error":true
           ,"Wait For Result":true
          }
        }
       ,{
          "id":"38275864730667217705"
         ,"Identification":{
            "Name":"add_wishlist"
           ,"Action":"Execute Server-side Code"
          }
         ,"Settings":{
            "Language":"PE.PROPERTY.SOURCE_SNIPPET_LANG.LOV.PLSQL.D"
           ,"PL\/SQL Code":"BEGIN\n  IF APEX_AUTHENTICATION.IS_AUTHENTICATED THEN\n    ADD_TO_WISHLIST.ADD_PRODUCT(:P18_PRODUCT_ID, to_number(:USER_ID));\n  ELSE\n    apex_error.add_error (\n      p_message =\u003E \u0027Login first to unlock this action.\u0027,\n      p_display_location =\u003E apex_error.c_inline_in_notification\n    );\n  END IF;\nEND;\n"
           ,"Items to Submit":[
              "P11_PRODUCT_ID"
            ]
          }
         ,"Execution":{
            "Sequence":40
           ,"Event":"wishlist (38275863391429217704)"
           ,"Fire When Event Result Is":"True"
           ,"Fire on Initialization":false
           ,"Stop Execution On Error":true
           ,"Wait For Result":true
          }
        }
       ,{
          "id":"38275865277168217705"
         ,"Identification":{
            "Action":"Execute JavaScript Code"
          }
         ,"Settings":{
            "Code":"apex.message.showPageSuccess( \u0027Product added to wishlist\u0027 );"
          }
         ,"Execution":{
            "Sequence":50
           ,"Event":"wishlist (38275863391429217704)"
           ,"Fire When Event Result Is":"True"
           ,"Fire on Initialization":false
          }
        }
      ]
    }
   ,{
      "id":"38276144361597500671"
     ,"Identification":{
        "Name":"wishlist_error"
      }
     ,"Execution":{
        "Sequence":40
      }
     ,"When":{
        "Event":"EVENT.EVENT.BROWSER.CLICK"
       ,"Selection Type":"jQuery Selector"
       ,"jQuery Selector":".heart"
      }
     ,"Execution":{
        "Event Scope":"Dynamic"
       ,"Type":"Immediate"
      }
     ,"Server-side Condition":{
        "Type":"Expression"
       ,"Language":"PL\/SQL"
       ,"PL\/SQL Expression":"not APEX_AUTHENTICATION.IS_AUTHENTICATED"
      }
     ,"Actions":[
        {
          "id":"38276144754501500672"
         ,"Identification":{
            "Action":"Execute JavaScript Code"
          }
         ,"Settings":{
            "Code":"apex.message.showErrors([\n    {\n        type:       \"error\",\n        location:   [ \"page\" ],\n        message:    \"You Must Be Authenticated Before Adding Product To Wishlist !\",\n        unsafe:     false\n    }\n]);\n"
          }
         ,"Execution":{
            "Sequence":10
           ,"Event":"wishlist_error (38276144361597500671)"
           ,"Fire When Event Result Is":"True"
           ,"Fire on Initialization":false
          }
        }
      ]
    }
  ]
}
