{
  "id":"25"
 ,"Identification":{
    "Name":"Checkout Information"
   ,"Alias":"CHECKOUT-INFORMATION"
   ,"Title":"Checkout Information"
  }
 ,"Appearance":{
    "Page Mode":"Normal"
   ,"Page Template":"Theme Default"
   ,"Template Options":[
      "#DEFAULT#"
    ]
   ,"CSS Classes":[
      "checkout-page"
    ]
  }
 ,"Navigation Menu":{
    "Override User Interface Level":false
  }
 ,"Navigation":{
    "Cursor Focus":"Do not focus cursor"
   ,"Warn on Unsaved Changes":true
  }
 ,"CSS":{
    "File URLs":[
      "#APP_FILES#Styling\/main_style#MIN#.css"
    ]
   ,"Inline":".t-Region-title {\n    font-family: var(--secondary-header-font);\n    text-align: center;\n}\n\n.customer-information {\n    background-color: var(--second-color );\n    border-radius: 5px;\n    padding: 15px;\n}\n\n.order-information {\n\n}\n\n.product-names {\n    font-family: \u0027Courier New\u0027, Courier, monospace;\n}\n\n.subtotal {\n    text-align: center;\n    font-family: \u0027Courier New\u0027, Courier, monospace;\n}\n\n\/*apex-item-radio {\n    display: flex;\n    justify-content: center;\n    align-items: center;\n}\n.t-Form-fieldContainer--radioButtonGroup .apex-item-grid .apex-item-grid-row:only-child .apex-item-option{\n      width: 50%; \n }\n\n.t-Form-fieldContainer--radioButtonGroup .apex-item-grid .apex-item-grid-row:only-child .apex-item-option:first-of-type label{\n    border: 2px solid #3A3632;\n    border-right-style: none;\n    text-align: center;\n    font-family: \u0027Courier New\u0027, Courier, monospace;\n    border-radius: 10px 0 0 10px;\n}\n\n.t-Form-fieldContainer--radioButtonGroup .apex-item-grid .apex-item-grid-row:only-child .apex-item-option:last-of-type label {\n    width: 100%;\n    border: 2px solid #3A3632;\n    border-left-style: none;\n    text-align: center;\n    font-family: \u0027Courier New\u0027, Courier, monospace;\n    border-radius: 0 10px 10px 0;\n}*\/\n\n\n\/*#payement{\n   \n   \n    \n}\n#P25_PAYMENT_CONTAINER{\n    background-color: aqua;\n    border:none;\n}*\/\n\n#P25_PAYMENT_DISPLAY{\n    \n    border:none;\n\n}\n#P25_TOTAL_PRICE_DISPLAY{\n   \/* background-color: #F5F4F2;#FBF9F8;\n    color: black;\n    border:none;\n    border-top:1px solid  #D3D3D3;\n    padding-top: 10px;*\/\n}\n\n#R25231223624811482238_heading{\n    border-bottom:1px solid  #D3D3D3;\n    font-weight: bolder;\n    padding-bottom: 10px;\n    margin: 0;\n}\n\n#R25231223761086482239_heading{\n     border-bottom:1px solid  #D3D3D3 ;\n     text-align: center;\n     padding-bottom: 10px;\n     margin: 0;\n}\n\n.box{\n    border:1px solid #D3D3D3;\n    border-radius: 0px;\n    padding: 10px;\n}\n#R25231223953271482241_heading{\n    border-bottom: 1px solid  #D3D3D3;\n    padding-bottom: 10px;\n     margin: 0;\n}\n\n#P25_TOTAL_PRICE_DISPLAY{\n    \n}\n\n.payement-method {\n    border: 1px solid  #D3D3D3;\n    \n}\n#P25_PAYMENT{\n    padding: 10px;\n}\n\n#P25_NEW_DISPLAY{\n    border: none;\n    padding-left: 20px;\n    color: #757171;\n    font-family: \u0027Courier New\u0027, Courier, monospace;\n    font-size:medium;\n    padding-top: 0%;\n    \n}\n\n.subtotal {\n    font-weight: bold;\n}\n\n\n\n\n"
  }
 ,"Security":{
    "Authentication":"Page Requires Authentication"
   ,"Deep Linking":"Application Default"
   ,"Page Access Protection":"Arguments Must Have Checksum"
   ,"Form Auto Complete":"Off"
   ,"Browser Cache":"Application Default"
  }
 ,"Session Management":{
    "Rejoin Sessions":"Application Default"
  }
 ,"Advanced":{
    "Enable duplicate page submissions":"Yes - Enable page to be re-posted"
   ,"Reload on Submit":"Only for Success"
  }
 ,"Server Cache":{
    "Caching":"Disabled"
  }
 ,"Regions":[
    {
      "id":"25231221796754482219"
     ,"Identification":{
        "Title":"Checkout Information"
       ,"Type":"Static Content"
      }
     ,"Layout":{
        "Sequence":10
       ,"Parent Region":"No Parent"
       ,"Position":"BODY"
       ,"Start New Layout":false
       ,"Start New Row":true
       ,"Column":"1"
       ,"New Column":true
       ,"Column Span":"6"
       ,"Column CSS Classes":[
          "customer-information"
        ]
      }
     ,"Appearance":{
        "Template":"Standard (19471808805460504264)"
       ,"Template Options":[
          "#DEFAULT#"
         ,"t-Region--noUI"
         ,"t-Region--scrollBody"
        ]
       ,"Render Components":"Above Content"
      }
     ,"Accessibility":{
        "Use Landmark":true
       ,"Landmark Type":"Template Default"
      }
     ,"Advanced":{
        "Region Display Selector":false
       ,"Exclude Title from Translation":false
      }
     ,"Server Cache":{
        "Caching":"Disabled"
      }
     ,"Customization":{
        "Customizable":"Not Customizable By End Users"
      }
     ,"Attributes":{
        "Settings":{
          "Output As":"HTML"
         ,"Expand Shortcuts":false
        }
      }
    }
   ,{
      "id":"25231222812611482230"
     ,"Identification":{
        "Title":"My Order"
       ,"Type":"Static Content"
      }
     ,"Layout":{
        "Sequence":30
       ,"Parent Region":"No Parent"
       ,"Position":"BODY"
       ,"Start New Layout":false
       ,"Start New Row":false
       ,"Column":"Automatic"
       ,"New Column":true
       ,"Column Span":"Automatic"
       ,"Column CSS Classes":[
          "order-information"
        ]
      }
     ,"Appearance":{
        "Template":"Standard (19471808805460504264)"
       ,"Template Options":[
          "#DEFAULT#"
         ,"t-Region--noUI"
         ,"t-Region--scrollBody"
         ,"margin-left-sm"
         ,"margin-right-md"
        ]
       ,"CSS Classes":[
          "orders"
        ]
       ,"Render Components":"Above Content"
      }
     ,"Accessibility":{
        "Use Landmark":true
       ,"Landmark Type":"Template Default"
      }
     ,"Advanced":{
        "Region Display Selector":false
       ,"Exclude Title from Translation":false
      }
     ,"Server Cache":{
        "Caching":"Disabled"
      }
     ,"Customization":{
        "Customizable":"Not Customizable By End Users"
      }
     ,"Attributes":{
        "Settings":{
          "Output As":"HTML"
         ,"Expand Shortcuts":false
        }
      }
    }
   ,{
      "id":"25231223624811482238"
     ,"Identification":{
        "Title":"Product"
       ,"Type":"List View"
      }
     ,"Source":{
        "Location":"Local Database"
       ,"Type":"SQL Query"
       ,"SQL Query":"SELECT \n  seq_id item, \n  p.product_id, \n  p.product_name name, \n  c002 quantity, \n  new_price(p.product_id) * c002 subtotal \nFROM \n  apex_collections a, \n  product p \nWHERE \n  collection_name = \u0027PRODUCTS\u0027 \n  AND p.product_id = a.c001\n"
      }
     ,"Layout":{
        "Sequence":10
       ,"Parent Region":"box (27304123013623190634)"
       ,"Position":"BODY"
       ,"Start New Layout":false
       ,"Start New Row":true
       ,"Column":"Automatic"
       ,"New Column":true
       ,"Column Span":"6"
      }
     ,"Appearance":{
        "Template":"Standard (19471808805460504264)"
       ,"Template Options":[
          "#DEFAULT#"
         ,"t-Region--noUI"
         ,"t-Region--scrollBody"
        ]
       ,"CSS Classes":[
          "product-names"
        ]
       ,"Render Components":"Above Content"
      }
     ,"Accessibility":{
        "Use Landmark":true
       ,"Landmark Type":"Template Default"
      }
     ,"Advanced":{
        "Region Display Selector":false
       ,"Exclude Title from Translation":false
      }
     ,"Security":{
        "Escape special characters":true
      }
     ,"Server Cache":{
        "Caching":"Disabled"
      }
     ,"Customization":{
        "Customizable":"Not Customizable By End Users"
      }
     ,"Attributes":{
        "Settings":{
          "Features":"Advanced Formatting"
         ,"Text Formatting":"\u0026QUANTITY. - \u003Cb\u003E\u0026NAME.\u003C\/b\u003E"
        }
       ,"Layout":{
          "Number of Rows Type":"Static Value"
         ,"Number of Rows":15
        }
      }
    }
   ,{
      "id":"25231223761086482239"
     ,"Identification":{
        "Title":"Subtotal"
       ,"Type":"List View"
      }
     ,"Source":{
        "Location":"Local Database"
       ,"Type":"SQL Query"
       ,"SQL Query":"SELECT \n  seq_id item, \n  p.product_id, \n  p.unit_price, \n  c002 quantity, \n  NEW_PRICE(p.product_id) * c002 subtotal \nFROM \n  apex_collections a, \n  product p \nWHERE \n  collection_name = \u0027PRODUCTS\u0027 \n  AND p.product_id = a.c001\n"
      }
     ,"Layout":{
        "Sequence":20
       ,"Parent Region":"box (27304123013623190634)"
       ,"Position":"BODY"
       ,"Start New Layout":false
       ,"Start New Row":false
       ,"Column":"Automatic"
       ,"New Column":true
       ,"Column Span":"Automatic"
      }
     ,"Appearance":{
        "Template":"Standard (19471808805460504264)"
       ,"Template Options":[
          "#DEFAULT#"
         ,"t-Region--noUI"
         ,"t-Region--scrollBody"
        ]
       ,"CSS Classes":[
          "subtotal-list"
        ]
       ,"Render Components":"Above Content"
      }
     ,"Accessibility":{
        "Use Landmark":true
       ,"Landmark Type":"Template Default"
      }
     ,"Advanced":{
        "Region Display Selector":false
       ,"Exclude Title from Translation":false
      }
     ,"Security":{
        "Escape special characters":true
      }
     ,"Server Cache":{
        "Caching":"Disabled"
      }
     ,"Customization":{
        "Customizable":"Not Customizable By End Users"
      }
     ,"Attributes":{
        "Settings":{
          "Features":"Advanced Formatting"
         ,"Text Formatting":"\u003Cspan class=\"subtotal\"\u003E \u0026SUBTOTAL. TND \u003C\/span\u003E"
        }
       ,"Layout":{
          "Number of Rows Type":"Static Value"
         ,"Number of Rows":20
        }
      }
    }
   ,{
      "id":"25231223953271482241"
     ,"Identification":{
        "Title":"Delivery Method"
       ,"Type":"Static Content"
      }
     ,"Layout":{
        "Sequence":30
       ,"Parent Region":"box (27304123013623190634)"
       ,"Position":"BODY"
       ,"Start New Layout":false
       ,"Start New Row":true
       ,"Column":"Automatic"
       ,"New Column":true
       ,"Column Span":"Automatic"
      }
     ,"Appearance":{
        "Template":"Standard (19471808805460504264)"
       ,"Template Options":[
          "#DEFAULT#"
         ,"t-Region--noUI"
         ,"t-Region--scrollBody"
        ]
       ,"Render Components":"Above Content"
      }
     ,"Accessibility":{
        "Use Landmark":true
       ,"Landmark Type":"Template Default"
      }
     ,"Advanced":{
        "Region Display Selector":false
       ,"Exclude Title from Translation":false
      }
     ,"Server Cache":{
        "Caching":"Disabled"
      }
     ,"Customization":{
        "Customizable":"Not Customizable By End Users"
      }
     ,"Attributes":{
        "Settings":{
          "Output As":"HTML"
         ,"Expand Shortcuts":false
        }
      }
    }
   ,{
      "id":"26416295060769440226"
     ,"Identification":{
        "Title":"Payment Method"
       ,"Type":"Static Content"
      }
     ,"Layout":{
        "Sequence":60
       ,"Parent Region":"My Order (25231222812611482230)"
       ,"Position":"BODY"
       ,"Start New Layout":false
       ,"Start New Row":true
       ,"Column":"Automatic"
       ,"New Column":true
       ,"Column Span":"Automatic"
       ,"Column CSS Classes":[
          "payement-method"
        ]
      }
     ,"Appearance":{
        "Template":"Standard (19471808805460504264)"
       ,"Template Options":[
          "#DEFAULT#"
         ,"t-Region--removeHeader js-removeLandmark"
         ,"t-Region--noUI"
         ,"t-Region--scrollBody"
        ]
       ,"Render Components":"Above Content"
      }
     ,"Accessibility":{
        "Use Landmark":true
       ,"Landmark Type":"Template Default"
      }
     ,"Advanced":{
        "Static ID":"payement"
       ,"Region Display Selector":false
       ,"Exclude Title from Translation":false
      }
     ,"Server Cache":{
        "Caching":"Disabled"
      }
     ,"Customization":{
        "Customizable":"Not Customizable By End Users"
      }
     ,"Attributes":{
        "Settings":{
          "Output As":"HTML"
         ,"Expand Shortcuts":false
        }
      }
    }
   ,{
      "id":"27304123013623190634"
     ,"Identification":{
        "Title":"box"
       ,"Type":"Static Content"
      }
     ,"Layout":{
        "Sequence":10
       ,"Parent Region":"My Order (25231222812611482230)"
       ,"Position":"BODY"
       ,"Start New Layout":false
       ,"Start New Row":true
       ,"Column":"Automatic"
       ,"New Column":true
       ,"Column Span":"Automatic"
      }
     ,"Appearance":{
        "Template":"Standard (19471808805460504264)"
       ,"Template Options":[
          "#DEFAULT#"
         ,"t-Region--removeHeader js-removeLandmark"
         ,"t-Region--noUI"
         ,"t-Region--scrollBody"
        ]
       ,"CSS Classes":[
          "box"
        ]
       ,"Render Components":"Above Content"
      }
     ,"Accessibility":{
        "Use Landmark":true
       ,"Landmark Type":"Template Default"
      }
     ,"Advanced":{
        "Region Display Selector":false
       ,"Exclude Title from Translation":false
      }
     ,"Server Cache":{
        "Caching":"Disabled"
      }
     ,"Customization":{
        "Customizable":"Not Customizable By End Users"
      }
     ,"Attributes":{
        "Settings":{
          "Output As":"HTML"
         ,"Expand Shortcuts":false
        }
      }
    }
  ]
 ,"Page Items":[
    {
      "id":"25231221806787482220"
     ,"Identification":{
        "Name":"P25_ORDER_ID"
       ,"Type":"Hidden"
      }
     ,"Settings":{
        "Value Protected":false
      }
     ,"Layout":{
        "Sequence":10
       ,"Region":"Checkout Information (25231221796754482219)"
       ,"Position":"BODY"
      }
     ,"Advanced":{
        "Warn on Unsaved Changes":"Page Default"
      }
     ,"Source":{
        "Type":"Null"
       ,"Used":"Only when current value in session state is null"
      }
     ,"Default":{
        "Type":"Sequence"
       ,"Sequence":"ORDER_ID_SEQ"
      }
     ,"Session State":{
        "Data Type":"VARCHAR2"
       ,"Storage":"Per Request (Memory Only)"
      }
     ,"Security":{
        "Session State Protection":"Unrestricted"
       ,"Store value encrypted in session state":true
       ,"Restricted Characters":"All characters can be saved."
      }
    }
   ,{
      "id":"25231221932643482221"
     ,"Identification":{
        "Name":"P25_CUSTOMER_ID"
       ,"Type":"Hidden"
      }
     ,"Settings":{
        "Value Protected":false
      }
     ,"Layout":{
        "Sequence":20
       ,"Region":"Checkout Information (25231221796754482219)"
       ,"Position":"BODY"
      }
     ,"Advanced":{
        "Warn on Unsaved Changes":"Page Default"
      }
     ,"Source":{
        "Type":"Null"
       ,"Used":"Only when current value in session state is null"
      }
     ,"Default":{
        "Type":"Expression"
       ,"Language":"PL\/SQL"
       ,"PL\/SQL Expression":"to_number(:USER_ID)"
      }
     ,"Session State":{
        "Data Type":"VARCHAR2"
       ,"Storage":"Per Session (Persistent)"
      }
     ,"Security":{
        "Session State Protection":"Unrestricted"
       ,"Store value encrypted in session state":true
       ,"Restricted Characters":"All characters can be saved."
      }
    }
   ,{
      "id":"25231222076439482222"
     ,"Identification":{
        "Name":"P25_CUSTOMER_EMAIL"
       ,"Type":"Display Only"
      }
     ,"Label":{
        "Label":"\u003Cp style=\"color:#FFFFFF;\"\u003EEmail\u003C\/p\u003E"
       ,"Alignment":"Left"
      }
     ,"Settings":{
        "Format":"Plain Text"
       ,"Based On":"Item Value"
       ,"Show Line Breaks":true
       ,"Send On Page Submit":false
      }
     ,"Layout":{
        "Sequence":50
       ,"Region":"Checkout Information (25231221796754482219)"
       ,"Position":"BODY"
       ,"Alignment":"Left"
       ,"Start New Layout":false
       ,"Start New Row":true
       ,"Column":"Automatic"
       ,"New Column":true
       ,"Column Span":"Automatic"
       ,"Label Column Span":"Page Template Default"
      }
     ,"Appearance":{
        "Template":"Optional - Floating (19471879586967504303)"
       ,"Template Options":[
          "#DEFAULT#"
        ]
      }
     ,"Advanced":{
        "Custom Attributes":[
          "style=\"background-color:#3A3632"
         ,";color:#FFFFFF;font-weight:"
         ,"bold;\""
        ]
       ,"Warn on Unsaved Changes":"Page Default"
      }
     ,"Source":{
        "Type":"Null"
       ,"Used":"Only when current value in session state is null"
      }
     ,"Session State":{
        "Data Type":"VARCHAR2"
       ,"Storage":"Per Session (Persistent)"
      }
     ,"Security":{
        "Session State Protection":"Unrestricted"
       ,"Store value encrypted in session state":true
       ,"Restricted Characters":"All characters can be saved."
      }
    }
   ,{
      "id":"25231222129864482223"
     ,"Identification":{
        "Name":"P25_CUSTOMER_FIRSTNAME"
       ,"Type":"Display Only"
      }
     ,"Label":{
        "Label":"\u003Cp style=\"color:#FFFFFF;\"\u003EFull name\u003C\/p\u003E"
       ,"Alignment":"Left"
      }
     ,"Settings":{
        "Format":"Plain Text"
       ,"Based On":"Item Value"
       ,"Show Line Breaks":true
       ,"Send On Page Submit":false
      }
     ,"Layout":{
        "Sequence":40
       ,"Region":"Checkout Information (25231221796754482219)"
       ,"Position":"BODY"
       ,"Alignment":"Left"
       ,"Start New Layout":false
       ,"Start New Row":true
       ,"Column":"Automatic"
       ,"New Column":true
       ,"Column Span":"Automatic"
       ,"Label Column Span":"Page Template Default"
      }
     ,"Appearance":{
        "Template":"Optional - Floating (19471879586967504303)"
       ,"Template Options":[
          "#DEFAULT#"
        ]
      }
     ,"Advanced":{
        "Custom Attributes":[
          null
         ,null
         ,null
         ,"style=\"background-color:#3A3632"
         ,";color:#FFFFFF;font-weight:"
         ,"bold;\""
        ]
       ,"Warn on Unsaved Changes":"Page Default"
      }
     ,"Source":{
        "Type":"Null"
       ,"Used":"Only when current value in session state is null"
      }
     ,"Session State":{
        "Data Type":"VARCHAR2"
       ,"Storage":"Per Session (Persistent)"
      }
     ,"Security":{
        "Session State Protection":"Unrestricted"
       ,"Store value encrypted in session state":true
       ,"Restricted Characters":"All characters can be saved."
      }
    }
   ,{
      "id":"25231222333255482225"
     ,"Identification":{
        "Name":"P25_CUSTOMER_PHONE"
       ,"Type":"Number Field"
      }
     ,"Label":{
        "Label":"Phone"
       ,"Alignment":"Left"
      }
     ,"Settings":{
        "Number Alignment":"Start"
       ,"Virtual Keyboard":"Decimal"
      }
     ,"Layout":{
        "Sequence":60
       ,"Region":"Checkout Information (25231221796754482219)"
       ,"Position":"BODY"
       ,"Alignment":"Left"
       ,"Start New Layout":false
       ,"Start New Row":true
       ,"Column":"Automatic"
       ,"New Column":true
       ,"Column Span":"Automatic"
       ,"Label Column Span":"Page Template Default"
      }
     ,"Appearance":{
        "Template":"Optional - Floating (19471879586967504303)"
       ,"Template Options":[
          "#DEFAULT#"
        ]
       ,"Width":30
      }
     ,"Validation":{
        "Value Required":false
      }
     ,"Advanced":{
        "Warn on Unsaved Changes":"Page Default"
      }
     ,"Source":{
        "Type":"Null"
       ,"Used":"Only when current value in session state is null"
      }
     ,"Session State":{
        "Storage":"Per Session (Persistent)"
      }
     ,"Quick Picks":{
        "Show Quick Picks":false
      }
     ,"Security":{
        "Session State Protection":"Unrestricted"
       ,"Store value encrypted in session state":true
       ,"Restricted Characters":"All characters can be saved."
      }
    }
   ,{
      "id":"25231222412965482226"
     ,"Identification":{
        "Name":"P25_CITY"
       ,"Type":"Select List"
      }
     ,"Label":{
        "Label":"City"
       ,"Alignment":"Left"
      }
     ,"Settings":{
        "Page Action on Selection":"None"
       ,"Allow Multi Selection":false
      }
     ,"Layout":{
        "Sequence":90
       ,"Region":"Checkout Information (25231221796754482219)"
       ,"Position":"BODY"
       ,"Alignment":"Left"
       ,"Start New Layout":false
       ,"Start New Row":false
       ,"Column":"Automatic"
       ,"New Column":true
       ,"Column Span":"Automatic"
       ,"Label Column Span":"Page Template Default"
      }
     ,"Appearance":{
        "Template":"Optional - Floating (19471879586967504303)"
       ,"Template Options":[
          "#DEFAULT#"
        ]
       ,"Height":1
      }
     ,"Validation":{
        "Value Required":false
      }
     ,"List of Values":{
        "Type":"SQL Query"
       ,"SQL Query":"SELECT CITY_NAME, CITY_ID\nFROM CITIES\nwhere STATE_ID = :P25_STATE"
       ,"Display Extra Values":false
       ,"Display Null Value":false
      }
     ,"Cascading List of Values":{
        "Parent Item(s)":[
          "P25_STATE"
        ]
       ,"Parent Required":true
      }
     ,"Advanced":{
        "Warn on Unsaved Changes":"Page Default"
      }
     ,"Source":{
        "Type":"Null"
       ,"Used":"Always, replacing any existing value in session state"
      }
     ,"Default":{
        "Type":"Item"
       ,"Item":"P25_DEFAULT_CITY"
      }
     ,"Session State":{
        "Storage":"Per Session (Persistent)"
      }
     ,"Quick Picks":{
        "Show Quick Picks":false
      }
     ,"Security":{
        "Session State Protection":"Unrestricted"
       ,"Store value encrypted in session state":true
       ,"Restricted Characters":"All characters can be saved."
      }
    }
   ,{
      "id":"25231222577166482227"
     ,"Identification":{
        "Name":"P25_CUSTOMER_ADDRESS"
       ,"Type":"Text Field"
      }
     ,"Label":{
        "Label":"Address"
       ,"Alignment":"Left"
      }
     ,"Settings":{
        "Subtype":"Text"
       ,"Trim Spaces":"Leading and Trailing"
       ,"Text Case":"NO CHANGE"
       ,"Submit when Enter pressed":false
       ,"Disabled":false
      }
     ,"Layout":{
        "Sequence":100
       ,"Region":"Checkout Information (25231221796754482219)"
       ,"Position":"BODY"
       ,"Alignment":"Left"
       ,"Start New Layout":false
       ,"Start New Row":true
       ,"Column":"Automatic"
       ,"New Column":true
       ,"Column Span":"Automatic"
       ,"Label Column Span":"Page Template Default"
      }
     ,"Appearance":{
        "Template":"Optional - Floating (19471879586967504303)"
       ,"Template Options":[
          "#DEFAULT#"
        ]
       ,"Width":30
      }
     ,"Validation":{
        "Value Required":false
      }
     ,"Advanced":{
        "Warn on Unsaved Changes":"Page Default"
      }
     ,"Source":{
        "Type":"Null"
       ,"Used":"Only when current value in session state is null"
      }
     ,"Session State":{
        "Storage":"Per Session (Persistent)"
      }
     ,"Quick Picks":{
        "Show Quick Picks":false
      }
     ,"Security":{
        "Session State Protection":"Unrestricted"
       ,"Store value encrypted in session state":true
       ,"Restricted Characters":"All characters can be saved."
      }
    }
   ,{
      "id":"25245578419736199945"
     ,"Identification":{
        "Name":"P25_DELIVERY_PRICE"
       ,"Type":"Hidden"
      }
     ,"Settings":{
        "Value Protected":false
      }
     ,"Layout":{
        "Sequence":60
       ,"Region":"No Parent"
       ,"Position":"BODY"
      }
     ,"Advanced":{
        "Warn on Unsaved Changes":"Page Default"
      }
     ,"Source":{
        "Type":"Null"
       ,"Used":"Only when current value in session state is null"
      }
     ,"Session State":{
        "Data Type":"VARCHAR2"
       ,"Storage":"Per Session (Persistent)"
      }
     ,"Security":{
        "Session State Protection":"Unrestricted"
       ,"Store value encrypted in session state":true
       ,"Restricted Characters":"All characters can be saved."
      }
    }
   ,{
      "id":"25245578543731199946"
     ,"Identification":{
        "Name":"P25_DELIVERY_METHOD"
       ,"Type":"Radio Group"
      }
     ,"Label":{
        "Alignment":"Left"
      }
     ,"Settings":{
        "Number of Columns":2
       ,"Page Action on Selection":"None"
      }
     ,"Layout":{
        "Sequence":10
       ,"Region":"Delivery Method (25231223953271482241)"
       ,"Position":"BODY"
       ,"Alignment":"Left"
       ,"Start New Layout":false
       ,"Start New Row":true
       ,"Column":"Automatic"
       ,"New Column":true
       ,"Column Span":"Automatic"
       ,"Label Column Span":"Page Template Default"
      }
     ,"Appearance":{
        "Template":"Optional - Floating (19471879586967504303)"
       ,"Template Options":[
          "#DEFAULT#"
         ,"t-Form-fieldContainer--stretchInputs"
         ,"margin-top-none"
        ]
       ,"CSS Classes":[
          "radio-btn"
        ]
      }
     ,"Validation":{
        "Value Required":false
      }
     ,"List of Values":{
        "Type":"SQL Query"
       ,"SQL Query":"select \n    delivery_method || \u0027 - \u0027 || delivery_price || \u0027 TND\u0027,\n    DELIVERY_TYPE_ID \nfrom delivery_type"
       ,"Display Extra Values":false
       ,"Display Null Value":false
      }
     ,"Advanced":{
        "Warn on Unsaved Changes":"Page Default"
      }
     ,"Source":{
        "Type":"Null"
       ,"Used":"Always, replacing any existing value in session state"
      }
     ,"Session State":{
        "Storage":"Per Request (Memory Only)"
      }
     ,"Security":{
        "Session State Protection":"Unrestricted"
       ,"Store value encrypted in session state":true
       ,"Escape special characters":true
       ,"Restricted Characters":"All characters can be saved."
      }
    }
   ,{
      "id":"26319122759269552708"
     ,"Identification":{
        "Name":"P25_TOTAL_SUBTOTAL"
       ,"Type":"Hidden"
      }
     ,"Settings":{
        "Value Protected":false
      }
     ,"Layout":{
        "Sequence":50
       ,"Region":"No Parent"
       ,"Position":"BODY"
      }
     ,"Advanced":{
        "Warn on Unsaved Changes":"Page Default"
      }
     ,"Source":{
        "Type":"Null"
       ,"Used":"Only when current value in session state is null"
      }
     ,"Session State":{
        "Data Type":"VARCHAR2"
       ,"Storage":"Per Session (Persistent)"
      }
     ,"Security":{
        "Session State Protection":"Unrestricted"
       ,"Store value encrypted in session state":true
       ,"Restricted Characters":"All characters can be saved."
      }
    }
   ,{
      "id":"26416293922011440215"
     ,"Identification":{
        "Name":"P25_TOTAL_PRICE"
       ,"Type":"Display Only"
      }
     ,"Label":{
        "Label":"Total Price"
       ,"Alignment":"Left"
      }
     ,"Settings":{
        "Format":"Plain Text"
       ,"Based On":"Item Value"
       ,"Show Line Breaks":true
       ,"Send On Page Submit":false
      }
     ,"Layout":{
        "Sequence":60
       ,"Region":"box (27304123013623190634)"
       ,"Position":"BODY"
       ,"Alignment":"Left"
       ,"Start New Layout":false
       ,"Start New Row":true
       ,"Column":"Automatic"
       ,"New Column":true
       ,"Column Span":"Automatic"
       ,"Label Column Span":"Page Template Default"
      }
     ,"Appearance":{
        "Template":"Optional - Floating (19471879586967504303)"
       ,"Template Options":[
          "#DEFAULT#"
        ]
      }
     ,"Advanced":{
        "Warn on Unsaved Changes":"Page Default"
      }
     ,"Source":{
        "Type":"Null"
       ,"Used":"Only when current value in session state is null"
      }
     ,"Session State":{
        "Data Type":"VARCHAR2"
       ,"Storage":"Per Request (Memory Only)"
      }
     ,"Security":{
        "Session State Protection":"Unrestricted"
       ,"Store value encrypted in session state":true
       ,"Restricted Characters":"All characters can be saved."
      }
    }
   ,{
      "id":"26416295298270440228"
     ,"Identification":{
        "Name":"P25_ADDITIONAL_INFORMATION"
       ,"Type":"Textarea"
      }
     ,"Label":{
        "Label":"Additional information about your order (Optional)"
       ,"Alignment":"Left"
      }
     ,"Settings":{
        "Resizable":false
       ,"Auto-Height":false
       ,"Character Counter":false
       ,"Trim Spaces":"Leading and Trailing"
      }
     ,"Layout":{
        "Sequence":110
       ,"Region":"Checkout Information (25231221796754482219)"
       ,"Position":"BODY"
       ,"Alignment":"Left"
       ,"Start New Layout":false
       ,"Start New Row":true
       ,"Column":"Automatic"
       ,"New Column":true
       ,"Column Span":"Automatic"
       ,"Label Column Span":"Page Template Default"
      }
     ,"Appearance":{
        "Template":"Optional - Floating (19471879586967504303)"
       ,"Template Options":[
          "#DEFAULT#"
        ]
       ,"Width":30
       ,"Height":5
      }
     ,"Validation":{
        "Value Required":false
      }
     ,"Advanced":{
        "Warn on Unsaved Changes":"Page Default"
      }
     ,"Source":{
        "Type":"Null"
       ,"Used":"Only when current value in session state is null"
      }
     ,"Default":{
        "Type":"Static"
       ,"Static Value":"No Additional Inforamtion"
      }
     ,"Session State":{
        "Data Type":"VARCHAR2"
       ,"Storage":"Per Session (Persistent)"
      }
     ,"Quick Picks":{
        "Show Quick Picks":false
      }
     ,"Security":{
        "Session State Protection":"Unrestricted"
       ,"Store value encrypted in session state":true
       ,"Restricted Characters":"All characters can be saved."
      }
    }
   ,{
      "id":"27304120225193190606"
     ,"Identification":{
        "Name":"P25_STATE"
       ,"Type":"Select List"
      }
     ,"Label":{
        "Label":"state"
       ,"Alignment":"Left"
      }
     ,"Settings":{
        "Page Action on Selection":"None"
       ,"Allow Multi Selection":false
      }
     ,"Layout":{
        "Sequence":70
       ,"Region":"Checkout Information (25231221796754482219)"
       ,"Position":"BODY"
       ,"Alignment":"Left"
       ,"Start New Layout":false
       ,"Start New Row":true
       ,"Column":"Automatic"
       ,"New Column":true
       ,"Column Span":"6"
       ,"Label Column Span":"Page Template Default"
      }
     ,"Appearance":{
        "Template":"Optional - Floating (19471879586967504303)"
       ,"Template Options":[
          "#DEFAULT#"
        ]
       ,"Height":1
      }
     ,"Validation":{
        "Value Required":false
      }
     ,"List of Values":{
        "Type":"SQL Query"
       ,"SQL Query":"select state_name, state_id from states"
       ,"Display Extra Values":true
       ,"Display Null Value":true
      }
     ,"Advanced":{
        "Warn on Unsaved Changes":"Page Default"
      }
     ,"Source":{
        "Type":"Null"
       ,"Used":"Always, replacing any existing value in session state"
      }
     ,"Default":{
        "Type":"Expression"
       ,"Language":"PL\/SQL"
       ,"PL\/SQL Expression":"to_number(:P25_DEFAULT_STATE)"
      }
     ,"Session State":{
        "Storage":"Per Session (Persistent)"
      }
     ,"Quick Picks":{
        "Show Quick Picks":false
      }
     ,"Security":{
        "Session State Protection":"Unrestricted"
       ,"Store value encrypted in session state":true
       ,"Restricted Characters":"All characters can be saved."
      }
    }
   ,{
      "id":"27304122747575190631"
     ,"Identification":{
        "Name":"P25_DEFAULT_STATE"
       ,"Type":"Hidden"
      }
     ,"Settings":{
        "Value Protected":false
      }
     ,"Layout":{
        "Sequence":120
       ,"Region":"Checkout Information (25231221796754482219)"
       ,"Position":"BODY"
      }
     ,"Advanced":{
        "Warn on Unsaved Changes":"Page Default"
      }
     ,"Source":{
        "Type":"Null"
       ,"Used":"Only when current value in session state is null"
      }
     ,"Session State":{
        "Data Type":"VARCHAR2"
       ,"Storage":"Per Session (Persistent)"
      }
     ,"Security":{
        "Session State Protection":"Unrestricted"
       ,"Store value encrypted in session state":true
       ,"Restricted Characters":"All characters can be saved."
      }
    }
   ,{
      "id":"27304122843213190632"
     ,"Identification":{
        "Name":"P25_DEFAULT_CITY"
       ,"Type":"Hidden"
      }
     ,"Settings":{
        "Value Protected":false
      }
     ,"Layout":{
        "Sequence":130
       ,"Region":"Checkout Information (25231221796754482219)"
       ,"Position":"BODY"
      }
     ,"Advanced":{
        "Warn on Unsaved Changes":"Page Default"
      }
     ,"Source":{
        "Type":"Null"
       ,"Used":"Only when current value in session state is null"
      }
     ,"Session State":{
        "Data Type":"VARCHAR2"
       ,"Storage":"Per Session (Persistent)"
      }
     ,"Security":{
        "Session State Protection":"Unrestricted"
       ,"Store value encrypted in session state":true
       ,"Restricted Characters":"All characters can be saved."
      }
    }
   ,{
      "id":"27304123181071190635"
     ,"Identification":{
        "Name":"P25_PAYMENT"
       ,"Type":"Radio Group"
      }
     ,"Label":{
        "Alignment":"Left"
      }
     ,"Settings":{
        "Number of Columns":1
       ,"Page Action on Selection":"None"
      }
     ,"Layout":{
        "Sequence":10
       ,"Region":"Payment Method (26416295060769440226)"
       ,"Position":"BODY"
       ,"Alignment":"Left"
       ,"Start New Layout":false
       ,"Start New Row":true
       ,"Column":"Automatic"
       ,"New Column":true
       ,"Column Span":"Automatic"
       ,"Label Column Span":"Page Template Default"
      }
     ,"Appearance":{
        "Template":"Optional - Floating (19471879586967504303)"
       ,"Template Options":[
          "#DEFAULT#"
        ]
      }
     ,"Validation":{
        "Value Required":false
      }
     ,"List of Values":{
        "Type":"Static Values"
       ,"Static Values":"STATIC:Cash on Delivery;1"
       ,"Display Extra Values":false
       ,"Display Null Value":false
      }
     ,"Advanced":{
        "Warn on Unsaved Changes":"Page Default"
      }
     ,"Source":{
        "Type":"Null"
       ,"Used":"Always, replacing any existing value in session state"
      }
     ,"Default":{
        "Type":"Static"
       ,"Static Value":"1"
      }
     ,"Session State":{
        "Storage":"Per Session (Persistent)"
      }
     ,"Security":{
        "Session State Protection":"Unrestricted"
       ,"Store value encrypted in session state":true
       ,"Escape special characters":true
       ,"Restricted Characters":"All characters can be saved."
      }
    }
   ,{
      "id":"27304123700349190641"
     ,"Identification":{
        "Name":"P25_PAYEMENT_DESC"
       ,"Type":"Display Only"
      }
     ,"Label":{
        "Alignment":"Left"
      }
     ,"Settings":{
        "Format":"Plain Text"
       ,"Based On":"Item Value"
       ,"Show Line Breaks":true
       ,"Send On Page Submit":true
      }
     ,"Layout":{
        "Sequence":20
       ,"Region":"Payment Method (26416295060769440226)"
       ,"Position":"BODY"
       ,"Alignment":"Left"
       ,"Start New Layout":false
       ,"Start New Row":true
       ,"Column":"Automatic"
       ,"New Column":true
       ,"Column Span":"Automatic"
       ,"Label Column Span":"Page Template Default"
      }
     ,"Appearance":{
        "Template":"Optional - Floating (19471879586967504303)"
       ,"Template Options":[
          "#DEFAULT#"
        ]
      }
     ,"Advanced":{
        "Warn on Unsaved Changes":"Page Default"
      }
     ,"Source":{
        "Type":"Null"
       ,"Used":"Only when current value in session state is null"
      }
     ,"Default":{
        "Type":"Static"
       ,"Static Value":"You can pay in cash when the delivery is made."
      }
     ,"Session State":{
        "Data Type":"VARCHAR2"
       ,"Storage":"Per Session (Persistent)"
      }
     ,"Security":{
        "Session State Protection":"Unrestricted"
       ,"Store value encrypted in session state":true
       ,"Restricted Characters":"All characters can be saved."
      }
    }
   ,{
      "id":"42879122760194839706"
     ,"Identification":{
        "Name":"P25_LINK"
       ,"Type":"Hidden"
      }
     ,"Settings":{
        "Value Protected":true
      }
     ,"Layout":{
        "Sequence":70
       ,"Region":"No Parent"
       ,"Position":"BODY"
      }
     ,"Advanced":{
        "Warn on Unsaved Changes":"Page Default"
      }
     ,"Source":{
        "Type":"Null"
       ,"Used":"Only when current value in session state is null"
      }
     ,"Session State":{
        "Data Type":"VARCHAR2"
       ,"Storage":"Per Session (Persistent)"
      }
     ,"Security":{
        "Session State Protection":"Unrestricted"
       ,"Store value encrypted in session state":true
       ,"Restricted Characters":"All characters can be saved."
      }
    }
  ]
 ,"Buttons":[
    {
      "id":"26416295332434440229"
     ,"Identification":{
        "Button Name":"Proceed"
       ,"Label":"Confirm My Order"
      }
     ,"Layout":{
        "Sequence":80
       ,"Region":"My Order (25231222812611482230)"
       ,"Position":"BODY"
       ,"Start New Layout":false
       ,"Start New Row":true
       ,"Column":"1"
       ,"New Column":true
       ,"Column Span":"12"
       ,"Alignment":"Left center"
      }
     ,"Appearance":{
        "Button Template":"Text (19471882000429504304)"
       ,"Hot":true
       ,"Template Options":[
          "#DEFAULT#"
         ,"t-Button--stretch"
        ]
      }
     ,"Behavior":{
        "Action":"Submit Page"
       ,"Execute Validations":true
       ,"Warn on Unsaved Changes":"Do Not Check"
      }
     ,"Server-side Condition":{
        "Type":"Item is NOT NULL"
       ,"Item":"SHOPPING_CART_ITEMS"
      }
    }
  ]
 ,"Dynamic Actions":[
    {
      "id":"25245578839897199949"
     ,"Identification":{
        "Name":"Set Delivery Method"
      }
     ,"Execution":{
        "Sequence":10
      }
     ,"When":{
        "Event":"EVENT.EVENT.BROWSER.CHANGE"
       ,"Selection Type":"Item(s)"
       ,"Item(s)":[
          "P25_DELIVERY_METHOD"
        ]
      }
     ,"Execution":{
        "Event Scope":"Static"
       ,"Type":"Immediate"
      }
     ,"Actions":[
        {
          "id":"25245578929151199950"
         ,"Identification":{
            "Action":"Set Value"
          }
         ,"Settings":{
            "Set Type":"SQL Statement"
           ,"SQL Statement":"SELECT\n    DELIVERY_PRICE\nFROM\n    DELIVERY_TYPE\nWHERE\n    DELIVERY_TYPE_ID = :P25_DELIVERY_METHOD"
           ,"Items to Submit":[
              "P25_DELIVERY_METHOD"
            ]
           ,"Escape Special Characters":true
           ,"Suppress Change Event":false
          }
         ,"Affected Elements":{
            "Selection Type":"Item(s)"
           ,"Item(s)":[
              "P25_DELIVERY_PRICE"
            ]
          }
         ,"Execution":{
            "Sequence":20
           ,"Event":"Set Delivery Method (25245578839897199949)"
           ,"Fire When Event Result Is":"True"
           ,"Fire on Initialization":false
           ,"Stop Execution On Error":true
           ,"Wait For Result":true
          }
        }
      ]
    }
   ,{
      "id":"26319122802343552709"
     ,"Identification":{
        "Name":"GET CUSTOMER DATA"
      }
     ,"Execution":{
        "Sequence":20
      }
     ,"When":{
        "Event":"EVENT.EVENT.BROWSER.READY"
      }
     ,"Execution":{
        "Event Scope":"Static"
      }
     ,"Actions":[
        {
          "id":"26319122953374552710"
         ,"Identification":{
            "Action":"Execute Server-side Code"
          }
         ,"Settings":{
            "Language":"PE.PROPERTY.SOURCE_SNIPPET_LANG.LOV.PLSQL.D"
           ,"PL\/SQL Code":"SELECT \n  firstname || \u0027 \u0027 || lastname, \n  st.state_id,\n  ct.city_id, \n  email,\n  phone, \n  address \nINTO \n  :P25_CUSTOMER_FIRSTNAME, \n  :P25_DEFAULT_STATE,\n  :P25_DEFAULT_CITY, \n  :P25_CUSTOMER_EMAIL,\n  :P25_CUSTOMER_PHONE, \n  :P25_CUSTOMER_ADDRESS \nFROM \n  customer cus, \n  cities ct, \n  states st \nWHERE \n  cus.customer_id = to_number(:USER_ID) \n  AND cus.city_id = ct.city_id \n  AND ct.state_id = st.state_id;"
           ,"Items to Submit":[
              "P25_CUSTOMER_ID"
            ]
           ,"Items to Return":[
              "P25_CUSTOMER_FIRSTNAME"
             ,"P25_DEFAULT_STATE"
             ,"P25_DEFAULT_CITY"
             ,"P25_CUSTOMER_EMAIL"
             ,"P25_CUSTOMER_PHONE"
             ,"P25_CUSTOMER_ADDRESS"
            ]
           ,"Suppress Change Event":false
          }
         ,"Execution":{
            "Sequence":20
           ,"Event":"GET CUSTOMER DATA (26319122802343552709)"
           ,"Fire When Event Result Is":"True"
           ,"Fire on Initialization":false
           ,"Stop Execution On Error":true
           ,"Wait For Result":true
          }
        }
       ,{
          "id":"37730489086383642735"
         ,"Identification":{
            "Action":"Execute JavaScript Code"
          }
         ,"Settings":{
            "Code":"$s(\"P25_STATE\", $v(\"P25_DEFAULT_STATE\"))\n$s(\"P25_CITY\", $v(\"P25_DEFAULT_CITY\"));"
          }
         ,"Execution":{
            "Sequence":30
           ,"Event":"GET CUSTOMER DATA (26319122802343552709)"
           ,"Fire When Event Result Is":"True"
           ,"Fire on Initialization":false
          }
        }
      ]
    }
   ,{
      "id":"26416293300940440209"
     ,"Identification":{
        "Name":"calculate subtotal"
      }
     ,"Execution":{
        "Sequence":30
      }
     ,"When":{
        "Event":"EVENT.EVENT.BROWSER.READY"
      }
     ,"Execution":{
        "Event Scope":"Static"
      }
     ,"Actions":[
        {
          "id":"26416293450143440210"
         ,"Identification":{
            "Action":"Execute Server-side Code"
          }
         ,"Settings":{
            "Language":"PE.PROPERTY.SOURCE_SNIPPET_LANG.LOV.PLSQL.D"
           ,"PL\/SQL Code":"SELECT \n  sum(NEW_PRICE(c001) * c002) into :P25_TOTAL_SUBTOTAL\nFROM \n  apex_collections a, \n  product p\nWHERE \n  collection_name = \u0027PRODUCTS\u0027\nAND p.product_id = a.c001;"
           ,"Items to Return":[
              "P25_TOTAL_SUBTOTAL"
            ]
           ,"Suppress Change Event":false
          }
         ,"Execution":{
            "Sequence":20
           ,"Event":"calculate subtotal (26416293300940440209)"
           ,"Fire When Event Result Is":"True"
           ,"Fire on Initialization":false
           ,"Stop Execution On Error":true
           ,"Wait For Result":true
          }
        }
      ]
    }
   ,{
      "id":"26416294523084440221"
     ,"Identification":{
        "Name":"calculate total price"
      }
     ,"Execution":{
        "Sequence":40
      }
     ,"When":{
        "Event":"EVENT.EVENT.BROWSER.CHANGE"
       ,"Selection Type":"Item(s)"
       ,"Item(s)":[
          "P25_DELIVERY_PRICE"
        ]
      }
     ,"Execution":{
        "Event Scope":"Static"
       ,"Type":"Immediate"
      }
     ,"Actions":[
        {
          "id":"26416294721653440223"
         ,"Identification":{
            "Action":"Execute JavaScript Code"
          }
         ,"Settings":{
            "Code":"$s(\"P25_TOTAL_PRICE\", parseFloat($v(\"P25_TOTAL_SUBTOTAL\")) + parseFloat($v(\"P25_DELIVERY_PRICE\")) + \" TND\");\n"
          }
         ,"Execution":{
            "Sequence":20
           ,"Event":"calculate total price (26416294523084440221)"
           ,"Fire When Event Result Is":"True"
           ,"Fire on Initialization":false
          }
        }
      ]
    }
  ]
 ,"Validations":[
    {
      "id":"27304120057268190604"
     ,"Identification":{
        "Name":"validate phone"
      }
     ,"Execution":{
        "Sequence":10
      }
     ,"Validation":{
        "Type":"Function Body (returning Error Text)"
       ,"Language":"PL\/SQL"
       ,"PL\/SQL Function Body Returning Error Text":"return validations.validate_phone(:P25_CUSTOMER_PHONE);"
       ,"Always Execute":false
      }
     ,"Error":{
        "Display Location":"Inline with Field and in Notification"
      }
     ,"Server-side Condition":{
        "Type":"Function Body"
       ,"Language":"PL\/SQL"
       ,"PL\/SQL Function Body":"DECLARE\n    l_current_phone customer.phone%TYPE;\nBEGIN\n    SELECT phone\n    INTO l_current_phone\n    FROM customer\n    WHERE customer_id = :P25_CUSTOMER_ID;\n\n    RETURN NOT l_current_phone = :P25_CUSTOMER_PHONE;\nEND;"
      }
    }
   ,{
      "id":"27304120148363190605"
     ,"Identification":{
        "Name":"validate address"
      }
     ,"Execution":{
        "Sequence":20
      }
     ,"Validation":{
        "Type":"Item is NOT NULL or zero"
       ,"Item":"P25_CUSTOMER_ADDRESS"
       ,"Always Execute":false
      }
     ,"Error":{
        "Error Message":"enter your address"
       ,"Display Location":"Inline with Field and in Notification"
      }
    }
   ,{
      "id":"37171146032847069216"
     ,"Identification":{
        "Name":"check if the customer is the seller"
      }
     ,"Execution":{
        "Sequence":30
      }
     ,"Validation":{
        "Type":"Function Body (returning Boolean)"
       ,"Language":"PL\/SQL"
       ,"PL\/SQL Function Body":"DECLARE \n    c_id apex_collections.c001%type; \n    v_product product.product_id%type;\n    v_customer stores.customer_id%type;\n    CURSOR c_customers is \n      SELECT c001 FROM apex_collections WHERE collection_name = \u0027PRODUCTS\u0027 ; \nBEGIN \n   OPEN c_customers; \n   LOOP \n   FETCH c_customers into c_id;\n   EXIT WHEN c_customers%notfound; \n    select p.product_id, s.customer_id \n        into v_product, v_customer\n        from product p, stores s \n        where p.product_id = c_id\n        and p.store_id =s.store_id;\n\n        if v_customer = to_number(:USER_ID) then \n            return false;\n        ELSE\n            return true;\n        end if;  \n   END LOOP; \n   CLOSE c_customers;\nEND;"
       ,"Always Execute":true
      }
     ,"Error":{
        "Error Message":"You cannot order your own product :( Please remove your own product from the shopping cart page first. Do not be late! See you soon! \u003C3"
       ,"Display Location":"Inline with Field and in Notification"
      }
     ,"Server-side Condition":{
        "When Button Pressed":"Proceed (26416295332434440229)"
      }
    }
  ]
 ,"Processes":[
    {
      "id":"26416295488051440230"
     ,"Identification":{
        "Name":"Create Order"
       ,"Type":"Execute Code"
       ,"Execution Chain":"None"
      }
     ,"Source":{
        "Location":"Local Database"
       ,"Language":"PL\/SQL"
       ,"PL\/SQL Code":"MANAGE_ORDERS.create_order(\n    :P25_CUSTOMER_ID,\n    :P25_CUSTOMER_ADDRESS,\n    :P25_CUSTOMER_PHONE,\n    :P25_CITY,\n    :P25_PAYMENT,\n    :P25_DELIVERY_METHOD,\n    :P25_ADDITIONAL_INFORMATION,\n    :P25_ORDER_ID\n);"
      }
     ,"Execution":{
        "Sequence":20
       ,"Point":"Processing"
       ,"Run Process":"Once Per Page Visit (default)"
      }
     ,"Success Message":{
        "Success Message":"Order successfully created: \u0026P25_ORDER_ID."
      }
     ,"Error":{
        "Display Location":"Inline in Notification"
      }
     ,"Server-side Condition":{
        "When Button Pressed":"Proceed (26416295332434440229)"
      }
    }
   ,{
      "id":"42879122410710839703"
     ,"Identification":{
        "Name":"send email"
       ,"Type":"Send E-Mail"
       ,"Execution Chain":"None"
      }
     ,"Settings":{
        "From":"\u0026APP_EMAIL."
       ,"To":":P25_CUSTOMER_EMAIL"
       ,"Subject":"command number \u0026P25_ORDER_ID."
       ,"Body Plain Text":"Thank you for your order !\n\n\u003Cbutton onclick = \u0026P25_LINK.\u003E Check my Order \u003C\/button\u003E"
       ,"Send Immediately":true
      }
     ,"Execution":{
        "Sequence":30
       ,"Point":"Processing"
       ,"Run Process":"Once Per Page Visit (default)"
      }
     ,"Success Message":{
        "Success Message":"mail sent"
      }
     ,"Error":{
        "Display Location":"Inline in Notification"
      }
     ,"Server-side Condition":{
        "When Button Pressed":"Proceed (26416295332434440229)"
      }
    }
   ,{
      "id":"42879122656576839705"
     ,"Identification":{
        "Name":"generate link"
       ,"Type":"Execute Code"
       ,"Execution Chain":"None"
      }
     ,"Source":{
        "Location":"Local Database"
       ,"Language":"PL\/SQL"
       ,"PL\/SQL Code":"  DECLARE\n    LV_LINK VARCHAR2(4000);\n  BEGIN\n    LV_LINK := APEX_PAGE.GET_URL(\n                                P_APPLICATION =\u003E :APP_ID,\n                                P_PAGE        =\u003E 13,\n                                P_SESSION     =\u003E NULL\n                                \/*P_ITEMS       =\u003E \u0027P8002_USER_EMAIL\u0027,\n                                P_VALUES      =\u003E :P8001_EMAIL*\/\n                                );\n      :P25_LINK := \u0027 https:\/\/apex.oracle.com\u0027 || LV_LINK; \n      \n                              \n\n  EXCEPTION\n    WHEN OTHERS THEN NULL;\n  END;"
      }
     ,"Execution":{
        "Sequence":10
       ,"Point":"Processing"
       ,"Run Process":"Once Per Page Visit (default)"
      }
     ,"Error":{
        "Display Location":"Inline in Notification"
      }
    }
  ]
 ,"Branches":[
    {
      "id":"26416295527752440231"
     ,"Identification":{
        "Name":"Go to Orders"
      }
     ,"Execution":{
        "Sequence":10
       ,"Point":"After Processing"
      }
     ,"Behavior":{
        "Type":"Page or URL (Redirect)"
       ,"Target":{
          "url":"f?p=\u0026APP_ID.:26:\u0026SESSION.::\u0026DEBUG.:26:P26_ORDER_ID:\u0026P25_ORDER_ID.\u0026success_msg=#SUCCESS_MSG#"
         ,"Page":"26"
         ,"Clear Cache":"26"
         ,"Values":{
            "P26_ORDER_ID":"\u0026P25_ORDER_ID."
          }
        }
      }
     ,"Server-side Condition":{
        "When Button Pressed":"Proceed (26416295332434440229)"
      }
    }
  ]
}
