{
  "id":"71"
 ,"Identification":{
    "Name":"Seller Dashboard Stores"
   ,"Alias":"SELLER-DASHBOARD-STORES"
   ,"Title":"Seller Dashboard Stores"
  }
 ,"Appearance":{
    "Page Mode":"Normal"
   ,"Page Template":"Left Side Column (19471509145742504218)"
   ,"Template Options":[
      "#DEFAULT#"
    ]
  }
 ,"Navigation Menu":{
    "Override User Interface Level":false
  }
 ,"Navigation":{
    "Cursor Focus":"Do not focus cursor"
   ,"Warn on Unsaved Changes":true
  }
 ,"CSS":{
    "File URLs":[
      "#APP_FILES#Styling\/main_style#MIN#.css"
    ]
   ,"Inline":".overview {\n    border-left: 10px solid var(--fouth-color);\n    border-radius: 10px;\n    padding-left: 10px;\n    text-align: center;\n}\n\n.overview-title {\n    display: flex;\n    align-items: center;\n    color: var(--fouth-color);\n    font-family: var(--secondary-header-font);\n    border-bottom: 1px solid rgba(211, 211, 211, 0.5);\n    padding: 2px;\n}\n\n.overview-title \u003E span {\n    margin-right: 5px;\n}\n\n.overview-data {\n    font-family: var(--regular-text-font );\n}\n\n.overview-data-prod \u003E span {\n    font-size: xx-small;\n    opacity: 0.6;\n}\n\n.overview-data-prod {\n    font-family: var(--regular-text-font );\n    display: flex;\n    flex-direction: column;\n}\n\n.a-AlertMessage-title {\n    font-family: var(--main-header-font);\n    text-align: center;\n}\n\n.a-AlertMessage-details {\n     font-family: var(--regular-text-font);\n}\n\n\n.del-store {\n    color: var(--danger-color);\n}"
  }
 ,"Security":{
    "Authentication":"Page Requires Authentication"
   ,"Deep Linking":"Application Default"
   ,"Page Access Protection":"Arguments Must Have Checksum"
   ,"Form Auto Complete":"Off"
   ,"Browser Cache":"Application Default"
  }
 ,"Session Management":{
    "Rejoin Sessions":"Application Default"
  }
 ,"Advanced":{
    "Enable duplicate page submissions":"Yes - Enable page to be re-posted"
   ,"Reload on Submit":"Only for Success"
  }
 ,"Server Cache":{
    "Caching":"Disabled"
  }
 ,"Regions":[
    {
      "id":"40752775422970578943"
     ,"Identification":{
        "Title":"Seller Dashboard Navigation"
       ,"Type":"List"
      }
     ,"Source":{
        "List":"Seller Dashboard List (38784043417088031374)"
      }
     ,"Layout":{
        "Sequence":10
       ,"Parent Region":"No Parent"
       ,"Position":"REGION_POSITION_02"
       ,"Start New Layout":false
       ,"Start New Row":true
       ,"Column":"Automatic"
       ,"New Column":true
       ,"Column Span":"Automatic"
      }
     ,"Appearance":{
        "Template":"Standard (19471808805460504264)"
       ,"Template Options":[
          "#DEFAULT#"
         ,"t-Region--removeHeader js-removeLandmark"
         ,"t-Region--noUI"
         ,"t-Region--scrollBody"
        ]
       ,"CSS Classes":[
          "dashboard-side-menu"
        ]
       ,"Render Components":"Above Content"
      }
     ,"Accessibility":{
        "Use Landmark":true
       ,"Landmark Type":"Template Default"
      }
     ,"Advanced":{
        "Region Display Selector":false
       ,"Exclude Title from Translation":false
      }
     ,"Server Cache":{
        "Caching":"Disabled"
      }
     ,"Customization":{
        "Customizable":"Not Customizable By End Users"
      }
     ,"Attributes":{
        "Appearance":{
          "List Template":"Links List (19471863408174504294)"
         ,"Template Options":[
            "#DEFAULT#"
           ,"t-LinksList--showBadge"
           ,"t-LinksList--showArrow"
           ,"t-LinksList--actions"
           ,"t-LinksList--showIcons"
          ]
         ,"CSS Classes":[
            "dashboard-side-menu-list"
          ]
        }
      }
    }
   ,{
      "id":"40752775514989578944"
     ,"Identification":{
        "Title":"Stores Overview"
       ,"Type":"Static Content"
      }
     ,"Layout":{
        "Sequence":10
       ,"Parent Region":"No Parent"
       ,"Position":"BODY"
       ,"Start New Layout":false
       ,"Start New Row":true
       ,"Column":"Automatic"
       ,"New Column":true
       ,"Column Span":"Automatic"
      }
     ,"Appearance":{
        "Template":"Standard (19471808805460504264)"
       ,"Template Options":[
          "#DEFAULT#"
         ,"t-Region--stacked"
         ,"t-Region--scrollBody"
        ]
       ,"Render Components":"Above Content"
      }
     ,"Accessibility":{
        "Use Landmark":true
       ,"Landmark Type":"Template Default"
      }
     ,"Advanced":{
        "Region Display Selector":false
       ,"Exclude Title from Translation":false
      }
     ,"Server Cache":{
        "Caching":"Disabled"
      }
     ,"Customization":{
        "Customizable":"Not Customizable By End Users"
      }
     ,"Attributes":{
        "Settings":{
          "Output As":"HTML"
         ,"Expand Shortcuts":false
        }
      }
    }
   ,{
      "id":"40752775693203578945"
     ,"Identification":{
        "Title":"Stores count"
       ,"Type":"Dynamic Content"
      }
     ,"Source":{
        "Language":"PL\/SQL"
       ,"PL\/SQL Function Body returning a CLOB":"declare \n    l_count number;\nbegin\n    select  count(DISTINCT store_id)\n    into    l_count\n    from    stores s\n    where   s.customer_id = to_number(:USER_ID) ;\n\n    return \n        \u0027\u003Cdiv class=\"overview\"\u003E\n            \u003Ch3 class=\"overview-title\"\u003E  Number Of Stores \u003C\/h3\u003E\n            \u003Ch4 class=\"overview-data\"\u003E\u0027 || l_count || \u0027 Stores(s)\n            \u003C\/h4\u003E\n            \u003C\/div\u003E \u0027;\nend;"
      }
     ,"Layout":{
        "Sequence":10
       ,"Parent Region":"Stores Overview (40752775514989578944)"
       ,"Position":"SUB_REGIONS"
       ,"Start New Layout":false
       ,"Start New Row":true
       ,"Column":"Automatic"
       ,"New Column":true
       ,"Column Span":"3"
      }
     ,"Appearance":{
        "Template":"Standard (19471808805460504264)"
       ,"Template Options":[
          "#DEFAULT#"
         ,"t-Region--removeHeader js-removeLandmark"
         ,"t-Region--noUI"
         ,"t-Region--scrollBody"
        ]
       ,"Render Components":"Above Content"
      }
     ,"Accessibility":{
        "Use Landmark":true
       ,"Landmark Type":"Template Default"
      }
     ,"Advanced":{
        "Region Display Selector":false
       ,"Exclude Title from Translation":false
      }
     ,"Server Cache":{
        "Caching":"Disabled"
      }
     ,"Customization":{
        "Customizable":"Not Customizable By End Users"
      }
     ,"Attributes":{
        "Performance":{
          "Lazy Loading":false
        }
      }
    }
   ,{
      "id":"40752775770177578946"
     ,"Identification":{
        "Title":"Sales By Store"
       ,"Type":"Chart"
      }
     ,"Layout":{
        "Sequence":20
       ,"Parent Region":"No Parent"
       ,"Position":"BODY"
       ,"Start New Layout":false
       ,"Start New Row":true
       ,"Column":"Automatic"
       ,"New Column":true
       ,"Column Span":"6"
      }
     ,"Appearance":{
        "Template":"Standard (19471808805460504264)"
       ,"Template Options":[
          "#DEFAULT#"
         ,"t-Region--scrollBody"
        ]
       ,"Render Components":"Above Content"
      }
     ,"Accessibility":{
        "Use Landmark":true
       ,"Landmark Type":"Template Default"
      }
     ,"Advanced":{
        "Region Display Selector":false
       ,"Exclude Title from Translation":false
      }
     ,"Security":{
        "Escape special characters":true
      }
     ,"Server Cache":{
        "Caching":"Disabled"
      }
     ,"Customization":{
        "Customizable":"Not Customizable By End Users"
      }
     ,"Attributes":{
        "id":"40752775829289578947"
       ,"Chart":{
          "Type":"Pie"
        }
       ,"Layout":{
          "Height":400
        }
       ,"Data Cursor":{
          "Cursor":"Automatic"
         ,"Behavior":"Automatic"
         ,"Dim On Hover":true
        }
       ,"Settings":{
          "Pie Selection Effect":"Highlight"
        }
       ,"Value":{
          "Pie Chart Other Threshold":0
         ,"Format":"Decimal"
         ,"Decimal Places":0
         ,"Format Scaling":"None"
        }
       ,"Animation":{
          "On Display":"Automatic"
         ,"On Data Change":"Automatic"
        }
       ,"Tooltip":{
          "Show":true
         ,"Show Series Name":true
         ,"Show Value":true
        }
       ,"Legend":{
          "Show":true
         ,"Position":"Automatic"
         ,"Hide and Show Behavior":"Rescale"
        }
       ,"Advanced":{
          "Initialization JavaScript Function":"function modifyOptions(options) {\n    const colors = [\"#FFB929\", \"#3A3632\", \"#497620\", \"#F0E68C\", \"#BC4E98\" , \"#FFB929\", \"#497620\", \"#C33522\"];\n    options.dataFilter = function (data) {\n        for (var i = 0; i \u003C data.series.length; i++) {\n        data.series[i].color = colors[i]\n        }\n\n        return data;\n    };\n\n    return options;\n}\n"
        }
       ,"Series":[
          {
            "id":"40752775987252578948"
           ,"Identification":{
              "Name":"Series 1"
            }
           ,"Execution":{
              "Sequence":10
            }
           ,"Source":{
              "Location":"Local Database"
             ,"Type":"SQL Query"
             ,"SQL Query":"SELECT\n    SUM(NEW_PRICE(oi.product_id) * oi.quantity) order_total,\n    s.store_name\nFROM orders o\nLEFT JOIN order_items oi ON o.order_id = oi.order_id\nLEFT JOIN product p ON oi.product_id = p.product_id\nLEFT JOIN stores s ON p.store_id = s.store_id\nWHERE s.customer_id = TO_NUMBER(:USER_ID)\nGROUP BY s.store_name\n"
            }
           ,"Column Mapping":{
              "Label":"STORE_NAME"
             ,"Value":"ORDER_TOTAL"
            }
           ,"Label":{
              "Show":true
             ,"Position":"Automatic"
             ,"Display As":"Label"
            }
          }
        ]
      }
    }
   ,{
      "id":"41092567727477059401"
     ,"Identification":{
        "Title":"Product Distribution by Store"
       ,"Type":"Chart"
      }
     ,"Layout":{
        "Sequence":30
       ,"Parent Region":"No Parent"
       ,"Position":"BODY"
       ,"Start New Layout":false
       ,"Start New Row":false
       ,"Column":"Automatic"
       ,"New Column":true
       ,"Column Span":"Automatic"
      }
     ,"Appearance":{
        "Template":"Standard (19471808805460504264)"
       ,"Template Options":[
          "#DEFAULT#"
         ,"t-Region--scrollBody"
        ]
       ,"Render Components":"Above Content"
      }
     ,"Accessibility":{
        "Use Landmark":true
       ,"Landmark Type":"Template Default"
      }
     ,"Advanced":{
        "Region Display Selector":false
       ,"Exclude Title from Translation":false
      }
     ,"Security":{
        "Escape special characters":true
      }
     ,"Server Cache":{
        "Caching":"Disabled"
      }
     ,"Customization":{
        "Customizable":"Not Customizable By End Users"
      }
     ,"Attributes":{
        "id":"41092567838102059402"
       ,"Chart":{
          "Type":"Area"
        }
       ,"Appearance":{
          "Orientation":"Vertical"
         ,"Stack":false
        }
       ,"Layout":{
          "Height":400
        }
       ,"Data Cursor":{
          "Cursor":"Automatic"
         ,"Behavior":"Automatic"
         ,"Dim On Hover":true
        }
       ,"Multi-Series Chart Data":{
          "Fill Gaps in Chart Data":true
         ,"Sort Order":"Label - Ascending"
         ,"Render Gap as Zero":true
        }
       ,"Settings":{
          "Zoom and Scroll":"No"
        }
       ,"Animation":{
          "On Display":"Automatic"
         ,"On Data Change":"Automatic"
        }
       ,"Tooltip":{
          "Show":true
         ,"Show Series Name":false
         ,"Show Group Name":true
         ,"Show Value":true
        }
       ,"Legend":{
          "Show":false
        }
       ,"Series":[
          {
            "id":"41092567966026059403"
           ,"Identification":{
              "Name":"Series 1"
            }
           ,"Execution":{
              "Sequence":10
            }
           ,"Source":{
              "Location":"Local Database"
             ,"Type":"SQL Query"
             ,"SQL Query":"SELECT\n    COALESCE(count(p.product_id),0),\n    s.store_name\nFROM stores s\nLEFT JOIN product p ON p.store_id = s.store_id\nWHERE s.customer_id = TO_NUMBER(:USER_ID)\nGROUP BY s.store_name\n"
            }
           ,"Column Mapping":{
              "Label":"STORE_NAME"
             ,"Value":"COALESCE(COUNT(P.PRODUCT_ID),0)"
            }
           ,"Appearance":{
              "Color":"#3a3632"
             ,"Assigned To Y2 Axis":false
            }
           ,"Line":{
              "Type":"Automatic"
            }
           ,"Marker":{
              "Show":"Yes"
             ,"Shape":"Star"
            }
           ,"Label":{
              "Show":false
            }
          }
        ]
       ,"Axes":[
          {
            "id":"41092568075271059404"
           ,"Identification":{
              "Name":"x"
             ,"Show Axis":true
            }
           ,"Value":{
              "Format Scaling":"Automatic"
             ,"Baseline Scaling":"Zero"
             ,"Scale":"Linear"
            }
           ,"Major Ticks":{
              "Show":"Yes"
            }
           ,"Minor Ticks":{
              "Show":false
            }
           ,"Tick Label":{
              "Show":true
             ,"Rotation":true
             ,"Position":"Outside"
            }
          }
         ,{
            "id":"41092568136282059405"
           ,"Identification":{
              "Name":"y"
             ,"Show Axis":true
            }
           ,"Value":{
              "Format":"Decimal"
             ,"Decimal Places":0
             ,"Format Scaling":"None"
             ,"Baseline Scaling":"Zero"
             ,"Scale":"Linear"
             ,"Step":1
            }
           ,"Appearance":{
              "Position":"Automatic"
            }
           ,"Major Ticks":{
              "Show":"Yes"
            }
           ,"Minor Ticks":{
              "Show":false
            }
           ,"Tick Label":{
              "Show":true
            }
          }
        ]
      }
    }
   ,{
      "id":"41092569238010059416"
     ,"Identification":{
        "Title":"List Of Stores"
       ,"Type":"Classic Report"
      }
     ,"Source":{
        "Location":"Local Database"
       ,"Type":"SQL Query"
       ,"SQL Query":"SELECT\n    STORE_ID,\n    CUSTOMER_ID,\n    STORE_NAME,\n    STORE_DESCRIPTION,\n    \u0027Edit Store\u0027, \n    \u0027Delete Store\u0027\nFROM\n    STORES\nWHERE\n    CUSTOMER_ID = TO_NUMBER(:USER_ID);\n"
      }
     ,"Layout":{
        "Sequence":40
       ,"Parent Region":"No Parent"
       ,"Position":"BODY"
       ,"Start New Layout":false
       ,"Start New Row":true
       ,"Column":"Automatic"
       ,"New Column":true
       ,"Column Span":"Automatic"
      }
     ,"Appearance":{
        "Template":"Standard (19471808805460504264)"
       ,"Template Options":[
          "#DEFAULT#"
         ,"t-Region--scrollBody"
        ]
       ,"Render Components":"Above Content"
      }
     ,"Accessibility":{
        "Use Landmark":true
       ,"Landmark Type":"Template Default"
      }
     ,"Advanced":{
        "Region Display Selector":false
       ,"Exclude Title from Translation":false
      }
     ,"Server Cache":{
        "Caching":"Disabled"
      }
     ,"Customization":{
        "Customizable":"Not Customizable By End Users"
      }
     ,"Attributes":{
        "Layout":{
          "Number of Rows Type":"Static Value"
         ,"Number of Rows":15
        }
       ,"Appearance":{
          "Template Type":"Theme"
         ,"Template":"Standard (19471847069031504283)"
         ,"Template Options":[
            "#DEFAULT#"
           ,"t-Report--stretch"
           ,"t-Report--altRowsDefault"
           ,"t-Report--rowHighlight"
           ,"t-Report--inline"
           ,"t-Report--hideNoPagination"
          ]
        }
       ,"Pagination":{
          "Type":"Row Ranges X to Y (with next and previous links)"
         ,"Display Position":"Bottom - Right"
         ,"Partial Page Refresh":true
        }
       ,"Performance":{
          "Lazy Loading":false
        }
       ,"Break Formatting":{
          "Break Columns":"No Break"
        }
       ,"Advanced":{
          "Strip HTML":false
         ,"Sort Nulls":"Last"
        }
       ,"Heading":{
          "Type":"Custom Headings"
        }
       ,"Download":{
          "CSV Export Enabled":false
        }
       ,"Printing":{
          "Enabled":false
        }
      }
     ,"Columns":[
        {
          "id":"41092571958557059443"
         ,"Identification":{
            "Column Name":"STORE_ID"
           ,"Type":"Hidden Column"
          }
         ,"Layout":{
            "Sequence":10
          }
         ,"UI Defaults Reference":{
            "Table Owner":"Parsing Schema"
          }
         ,"Security":{
            "Escape special characters":true
          }
        }
       ,{
          "id":"41092572078381059444"
         ,"Identification":{
            "Column Name":"CUSTOMER_ID"
           ,"Type":"Hidden Column"
          }
         ,"Layout":{
            "Sequence":20
          }
         ,"UI Defaults Reference":{
            "Table Owner":"Parsing Schema"
          }
         ,"Security":{
            "Escape special characters":true
          }
        }
       ,{
          "id":"41092572116114059445"
         ,"Identification":{
            "Column Name":"STORE_NAME"
           ,"Type":"Plain Text"
          }
         ,"Heading":{
            "Heading":"Store Name"
           ,"Alignment":"start"
          }
         ,"Layout":{
            "Sequence":30
           ,"Column Alignment":"start"
          }
         ,"Accessibility":{
            "Value Identifies Row":false
          }
         ,"Sorting":{
            "Sortable":true
          }
         ,"Export \/ Printing":{
            "Include In Export \/ Print":true
          }
         ,"Advanced":{
            "Compute Sum":false
          }
         ,"UI Defaults Reference":{
            "Table Owner":"Parsing Schema"
          }
         ,"Security":{
            "Escape special characters":true
          }
        }
       ,{
          "id":"41092572202461059446"
         ,"Identification":{
            "Column Name":"STORE_DESCRIPTION"
           ,"Type":"Plain Text"
          }
         ,"Heading":{
            "Heading":"Store Description"
           ,"Alignment":"start"
          }
         ,"Layout":{
            "Sequence":40
           ,"Column Alignment":"start"
          }
         ,"Accessibility":{
            "Value Identifies Row":false
          }
         ,"Sorting":{
            "Sortable":true
          }
         ,"Export \/ Printing":{
            "Include In Export \/ Print":true
          }
         ,"Advanced":{
            "Compute Sum":false
          }
         ,"UI Defaults Reference":{
            "Table Owner":"Parsing Schema"
          }
         ,"Security":{
            "Escape special characters":true
          }
        }
       ,{
          "id":"41154315320870227802"
         ,"Identification":{
            "Column Name":"\u0027EDITSTORE\u0027"
           ,"Type":"Link"
          }
         ,"Heading":{
            "Heading":"Edit Store"
           ,"Alignment":"center"
          }
         ,"Layout":{
            "Sequence":50
           ,"Column Alignment":"center"
          }
         ,"Accessibility":{
            "Value Identifies Row":false
          }
         ,"Link":{
            "Target":{
              "url":"f?p=\u0026APP_ID.:30:\u0026SESSION.::\u0026DEBUG.:30:P30_STORE_ID:#STORE_ID#"
             ,"Page":"30"
             ,"Clear Cache":"30"
             ,"Values":{
                "P30_STORE_ID":"#STORE_ID#"
              }
            }
           ,"Link Text":"\u003Cimg src=\"#IMAGE_PREFIX#app_ui\/img\/icons\/apex-edit-pencil-alt.png\" class=\"apex-edit-pencil-alt\" alt=\"\"\u003E"
          }
         ,"Sorting":{
            "Sortable":true
          }
         ,"Export \/ Printing":{
            "Include In Export \/ Print":true
          }
         ,"Advanced":{
            "Compute Sum":false
          }
         ,"UI Defaults Reference":{
            "Table Owner":"Parsing Schema"
          }
         ,"Security":{
            "Escape special characters":true
          }
        }
       ,{
          "id":"41154315484715227803"
         ,"Identification":{
            "Column Name":"\u0027DELETESTORE\u0027"
           ,"Type":"Link"
          }
         ,"Heading":{
            "Heading":"Delete Store"
           ,"Alignment":"center"
          }
         ,"Layout":{
            "Sequence":60
           ,"Column Alignment":"center"
          }
         ,"Accessibility":{
            "Value Identifies Row":false
          }
         ,"Link":{
            "Target":"javascript:void(null)"
           ,"Link Text":"\u003Cspan class=\"fa fa-trash del-store\" aria-hidden=\"true\"\u003E\u003C\/span\u003E"
           ,"Link Attributes":"data-id=#STORE_ID#"
          }
         ,"Sorting":{
            "Sortable":true
          }
         ,"Export \/ Printing":{
            "Include In Export \/ Print":true
          }
         ,"Advanced":{
            "Compute Sum":false
          }
         ,"UI Defaults Reference":{
            "Table Owner":"Parsing Schema"
          }
         ,"Security":{
            "Escape special characters":true
          }
        }
      ]
    }
  ]
 ,"Page Items":[
    {
      "id":"41154315845288227807"
     ,"Identification":{
        "Name":"P71_STORE_TO_DELETE"
       ,"Type":"Hidden"
      }
     ,"Settings":{
        "Value Protected":false
      }
     ,"Layout":{
        "Sequence":50
       ,"Region":"No Parent"
       ,"Position":"BODY"
      }
     ,"Advanced":{
        "Warn on Unsaved Changes":"Page Default"
      }
     ,"Source":{
        "Type":"Null"
       ,"Used":"Only when current value in session state is null"
      }
     ,"Session State":{
        "Data Type":"VARCHAR2"
       ,"Storage":"Per Session (Persistent)"
      }
     ,"Security":{
        "Session State Protection":"Unrestricted"
       ,"Store value encrypted in session state":true
       ,"Restricted Characters":"All characters can be saved."
      }
    }
  ]
 ,"Dynamic Actions":[
    {
      "id":"41154315560751227804"
     ,"Identification":{
        "Name":"Remove Store"
      }
     ,"Execution":{
        "Sequence":10
      }
     ,"When":{
        "Event":"EVENT.EVENT.BROWSER.CLICK"
       ,"Selection Type":"jQuery Selector"
       ,"jQuery Selector":".del-store"
      }
     ,"Execution":{
        "Event Scope":"Static"
       ,"Type":"Immediate"
      }
     ,"Actions":[
        {
          "id":"41154315624955227805"
         ,"Identification":{
            "Action":"Confirm"
          }
         ,"Settings":{
            "Title":"Delete Store"
           ,"Message":"Are you sure you want to delete this store ?\nThis action is irreversible and all the products in the store will be deleted !"
           ,"Style":"Danger"
           ,"Icon":"fa-radiation"
           ,"CSS Classes":"delete-confirm"
           ,"Confirm Label":"Delete Store"
           ,"Cancel Label":"Cancel"
          }
         ,"Execution":{
            "Sequence":10
           ,"Event":"Remove Store (41154315560751227804)"
           ,"Fire When Event Result Is":"True"
           ,"Fire on Initialization":false
          }
        }
       ,{
          "id":"41154315729176227806"
         ,"Identification":{
            "Action":"Set Value"
          }
         ,"Settings":{
            "Set Type":"JavaScript Expression"
           ,"JavaScript Expression":"$(this.triggeringElement).parent().data(\u0027id\u0027);"
           ,"Suppress Change Event":false
          }
         ,"Affected Elements":{
            "Selection Type":"Item(s)"
           ,"Item(s)":[
              "P71_STORE_TO_DELETE"
            ]
          }
         ,"Execution":{
            "Sequence":20
           ,"Event":"Remove Store (41154315560751227804)"
           ,"Fire When Event Result Is":"True"
           ,"Fire on Initialization":true
           ,"Stop Execution On Error":true
           ,"Wait For Result":true
          }
        }
       ,{
          "id":"41154315935453227808"
         ,"Identification":{
            "Action":"Execute Server-side Code"
          }
         ,"Settings":{
            "Language":"PE.PROPERTY.SOURCE_SNIPPET_LANG.LOV.PLSQL.D"
           ,"PL\/SQL Code":"delete from stores where store_id = :P71_STORE_TO_DELETE;"
           ,"Items to Submit":[
              "P71_STORE_TO_DELETE"
            ]
          }
         ,"Execution":{
            "Sequence":30
           ,"Event":"Remove Store (41154315560751227804)"
           ,"Fire When Event Result Is":"True"
           ,"Fire on Initialization":false
           ,"Stop Execution On Error":true
           ,"Wait For Result":true
          }
        }
       ,{
          "id":"41154316068327227809"
         ,"Identification":{
            "Action":"Refresh"
          }
         ,"Affected Elements":{
            "Selection Type":"Region"
           ,"Region":"List Of Stores (41092569238010059416)"
          }
         ,"Execution":{
            "Sequence":50
           ,"Event":"Remove Store (41154315560751227804)"
           ,"Fire When Event Result Is":"True"
           ,"Fire on Initialization":false
          }
        }
      ]
    }
   ,{
      "id":"42879126019493839739"
     ,"Identification":{
        "Name":"Edit Is_new Status CUSTOMER_STORE_VISITES"
      }
     ,"Execution":{
        "Sequence":20
      }
     ,"When":{
        "Event":"EVENT.EVENT.BROWSER.READY"
      }
     ,"Execution":{
        "Event Scope":"Static"
      }
     ,"Actions":[
        {
          "id":"42879126194353839740"
         ,"Identification":{
            "Action":"Execute Server-side Code"
          }
         ,"Settings":{
            "Language":"PE.PROPERTY.SOURCE_SNIPPET_LANG.LOV.PLSQL.D"
           ,"PL\/SQL Code":"UPDATE customer_store_visites \nSET is_new = \u0027No\u0027\nWHERE customer_id != to_number(:USER_ID)\nand is_new =\u0027Yes\u0027\nand store_id in (select store_id from stores where customer_id = to_number(:USER_ID));"
          }
         ,"Execution":{
            "Sequence":10
           ,"Event":"Edit Is_new Status CUSTOMER_STORE_VISITES (42879126019493839739)"
           ,"Fire When Event Result Is":"True"
           ,"Fire on Initialization":false
           ,"Stop Execution On Error":true
           ,"Wait For Result":true
          }
        }
      ]
    }
  ]
}
