{
  "id":"80"
 ,"Identification":{
    "Name":"display messages"
   ,"Alias":"DISPLAY-CONVERSATION"
  }
 ,"Appearance":{
    "Page Mode":"Modal Dialog"
   ,"Dialog Template":"Drawer (19471506229778504216)"
   ,"Template Options":[
      "#DEFAULT#"
     ,"t-Dialog--noPadding"
     ,"t-DeferredRendering"
     ,"js-dialog-class-t-Drawer--pullOutEnd"
     ,"js-dialog-class-t-Drawer--lg"
     ,"t-PageBody--noContentPadding"
    ]
   ,"CSS Classes":[
      "drawer"
    ]
  }
 ,"Dialog":{
    "Chained":true
  }
 ,"Navigation Menu":{
    "Override User Interface Level":false
  }
 ,"Navigation":{
    "Cursor Focus":"Do not focus cursor"
   ,"Warn on Unsaved Changes":true
  }
 ,"JavaScript":{
    "Function and Global Variable Declaration":"var current_user = \u0026USER_ID."
   ,"Execute when Page Loads":"(function(){\n    \n    let closeButton = parent.$(\u0027.ui-dialog-titlebar-close\u0027); \n    closeButton.hide(); \n\n    if($(\"#display-messages_jqm_list_view\").children().length \u003E 0){\n       const listOfMessages =  Array.from($(\"#display-messages_jqm_list_view\").children(\".a-ListView-item\"));\n        console.log(listOfMessages);\n        listOfMessages.forEach(message =\u003E {\n            const sender_id = message.getAttribute(\u0027data-id\u0027);\n            \n            if(sender_id != current_user) message.classList.add(\"not-own-message\");\n            else message.classList.add(\"own-message\")\n        })\n    }\n\n\n    let $lastItem = $(\"#display-messages_jqm_list_view li:last\")[0]; \n\n    $lastItem.scrollIntoView({ behavior: \"auto\", block: \"end\", inline: \"nearest\" });\n})();"
  }
 ,"CSS":{
    "File URLs":[
      "#APP_FILES#Styling\/main_style#MIN#.css"
    ]
   ,"Inline":".chat-title {\n    text-align: center;\n    font-family: var(--main-header-font);\n}\n\n.close-btn {\n    position: absolute;\n    top: 1%;\n    right: 1%;\n    background-color: var(--danger-color);\n    color: var(--third-color);\n    font-family: var(--regular-text-font);\n}\n.send_reply{\n    padding: 10px;\n    display: flex;\n    flex-direction: row;\n    justify-content: center;\n}\n\n.t-ItemContainer-end {\n    display: flex;\n    justify-content: center;\n    align-items: center;\n}\n\n.ui-btn {\n    border: none;\n}\n\n.messages{\n    padding:10px;\n}\n\n.own-message{\n    display: flex;\n    flex-direction: column;\n    justify-content: flex-end;\n    align-items: flex-end;\n    margin-left: 20%;\n}\n\n.not-own-message {\n    width: 80%;\n    display: flex;\n    flex-direction: column;\n    justify-content: flex-end;\n    align-items: flex-start;\n}\n\n.message {\n    font-family: var(--regular-text-font);\n    font-size: medium;\n    background-color: var(--first-color);\n    padding: 15px;\n    margin: 5px;\n    border-radius: 20px;\n}\n\n.ui-li-aside {\n    font-family: var(--secondary-header-font);\n}\n\n\n.apex-no-data-found {\n    display: none;\n}"
  }
 ,"Security":{
    "Authentication":"Page Requires Authentication"
   ,"Deep Linking":"Application Default"
   ,"Page Access Protection":"Arguments Must Have Checksum"
   ,"Form Auto Complete":"Off"
   ,"Browser Cache":"Application Default"
  }
 ,"Session Management":{
    "Rejoin Sessions":"Application Default"
  }
 ,"Advanced":{
    "Enable duplicate page submissions":"Yes - Enable page to be re-posted"
   ,"Reload on Submit":"Only for Success"
  }
 ,"Server Cache":{
    "Caching":"Disabled"
  }
 ,"Regions":[
    {
      "id":"40424820623949237329"
     ,"Identification":{
        "Title":"Display"
       ,"Type":"List View"
      }
     ,"Source":{
        "Location":"Local Database"
       ,"Type":"SQL Query"
       ,"SQL Query":"SELECT\n    m.message_id,\n    m.conversation_id,\n    m.message_content,\n    m.sent_at,\n    m.status,\n    m.message_sender_id,\n    CASE \n        WHEN c.participant_1_id = m.message_sender_id THEN c1.firstname || \u0027 \u0027 || c1.lastname\n        WHEN c.participant_2_id = m.message_sender_id THEN c2.firstname || \u0027 \u0027 || c2.lastname\n    END AS sender_name\nFROM\n    MESSAGES m\nLEFT JOIN\n    conversations c ON m.conversation_id = c.conversation_id\nLEFT JOIN\n    customer c1 ON c.participant_1_id = c1.customer_id\nLEFT JOIN\n    customer c2 ON c.participant_2_id = c2.customer_id\nWHERE\n    m.conversation_id = :P80_CONVERSATION_ID\nORDER BY SENT_AT;\n"
      }
     ,"Layout":{
        "Sequence":80
       ,"Parent Region":"No Parent"
       ,"Position":"BODY"
       ,"Start New Layout":false
       ,"Start New Row":true
       ,"Column":"Automatic"
       ,"New Column":true
       ,"Column Span":"Automatic"
      }
     ,"Appearance":{
        "Template":"Blank with Attributes (No Grid) (19471543615601504235)"
       ,"Template Options":[
          "#DEFAULT#"
        ]
       ,"CSS Classes":[
          "messages"
        ]
       ,"Render Components":"Above Content"
      }
     ,"Accessibility":{
        "Use Landmark":true
       ,"Landmark Type":"Region"
      }
     ,"Advanced":{
        "Static ID":"display-messages"
       ,"Region Display Selector":false
       ,"Exclude Title from Translation":false
      }
     ,"Security":{
        "Escape special characters":true
      }
     ,"Server Cache":{
        "Caching":"Disabled"
      }
     ,"Customization":{
        "Customizable":"Not Customizable By End Users"
      }
     ,"Attributes":{
        "Settings":{
          "Features":"Advanced Formatting"
         ,"List Entry Attributes":"data-id= \u0026MESSAGE_SENDER_ID."
         ,"Text Formatting":"\u003Cspan class=\"message\"\u003E\u0026MESSAGE_CONTENT.\u003C\/span\u003E"
         ,"Supplemental Information Formatting":"\u0026SENDER_NAME. - \u0026SENT_AT."
        }
       ,"Layout":{
          "Number of Rows Type":"Static Value"
         ,"Number of Rows":100
        }
       ,"Messages":{
          "When No Data Found":"No Messages Yet !"
        }
      }
    }
   ,{
      "id":"40424822613365237349"
     ,"Identification":{
        "Title":"Send Reply"
       ,"Type":"Static Content"
      }
     ,"Layout":{
        "Sequence":10
       ,"Parent Region":"No Parent"
       ,"Position":"REGION_POSITION_03"
       ,"Start New Layout":false
       ,"Start New Row":true
       ,"Column":"Automatic"
       ,"New Column":true
       ,"Column Span":"Automatic"
      }
     ,"Appearance":{
        "Template":"Item Container (19471801147464504260)"
       ,"Template Options":[
          "#DEFAULT#"
        ]
       ,"CSS Classes":[
          "send_reply"
        ]
       ,"Render Components":"Above Content"
      }
     ,"Accessibility":{
        "Use Landmark":true
       ,"Landmark Type":"Template Default"
      }
     ,"Advanced":{
        "Region Display Selector":false
       ,"Exclude Title from Translation":false
      }
     ,"Server Cache":{
        "Caching":"Disabled"
      }
     ,"Customization":{
        "Customizable":"Not Customizable By End Users"
      }
     ,"Attributes":{
        "Settings":{
          "Output As":"HTML"
         ,"Expand Shortcuts":false
        }
      }
    }
   ,{
      "id":"40752771675633578905"
     ,"Identification":{
        "Title":"Title "
       ,"Type":"Dynamic Content"
      }
     ,"Source":{
        "Language":"PL\/SQL"
       ,"PL\/SQL Function Body returning a CLOB":"DECLARE\n    customer_name varchar2(300);\nBEGIN\n    SELECT firstname || \u0027 \u0027 || lastname\n    INTO customer_name\n    FROM customer c\n    WHERE  c.customer_id = :P80_PARTICIPANT_2_ID;\n\n    RETURN \n        \u0027\u003Ch3 class=\"chat-title\"\u003E\u0027 || customer_name || \u0027 messages \u003C\/h3\u003E\u0027;\nEND;"
       ,"Page Items to Submit":[
          "P80_PARTICIPANT_2_ID"
        ]
      }
     ,"Layout":{
        "Sequence":10
       ,"Parent Region":"Header Container (40752775147304578940)"
       ,"Position":"BODY"
       ,"Start New Layout":false
       ,"Start New Row":true
       ,"Column":"Automatic"
       ,"New Column":true
       ,"Column Span":"Automatic"
      }
     ,"Appearance":{
        "Template":"Standard (19471808805460504264)"
       ,"Template Options":[
          "#DEFAULT#"
         ,"t-Region--removeHeader js-removeLandmark"
         ,"t-Region--noUI"
         ,"t-Region--scrollBody"
        ]
       ,"CSS Classes":[
          "page-title-desc"
        ]
       ,"Render Components":"Above Content"
      }
     ,"Accessibility":{
        "Use Landmark":true
       ,"Landmark Type":"Template Default"
      }
     ,"Advanced":{
        "Region Display Selector":false
       ,"Exclude Title from Translation":false
      }
     ,"Server Cache":{
        "Caching":"Disabled"
      }
     ,"Customization":{
        "Customizable":"Not Customizable By End Users"
      }
     ,"Attributes":{
        "Performance":{
          "Lazy Loading":false
        }
      }
    }
   ,{
      "id":"40752775147304578940"
     ,"Identification":{
        "Title":"Header Container"
       ,"Type":"Static Content"
      }
     ,"Layout":{
        "Sequence":30
       ,"Parent Region":"No Parent"
       ,"Position":"REGION_POSITION_01"
       ,"Start New Layout":false
       ,"Start New Row":true
       ,"Column":"Automatic"
       ,"New Column":true
       ,"Column Span":"Automatic"
      }
     ,"Appearance":{
        "Template":"Standard (19471808805460504264)"
       ,"Template Options":[
          "#DEFAULT#"
         ,"t-Region--removeHeader js-removeLandmark"
         ,"t-Region--noUI"
         ,"t-Region--scrollBody"
        ]
       ,"CSS Classes":[
          "header-container"
        ]
       ,"Render Components":"Above Content"
      }
     ,"Accessibility":{
        "Use Landmark":true
       ,"Landmark Type":"Template Default"
      }
     ,"Advanced":{
        "Region Display Selector":false
       ,"Exclude Title from Translation":false
      }
     ,"Server Cache":{
        "Caching":"Disabled"
      }
     ,"Customization":{
        "Customizable":"Not Customizable By End Users"
      }
     ,"Attributes":{
        "Settings":{
          "Output As":"HTML"
         ,"Expand Shortcuts":false
        }
      }
    }
  ]
 ,"Page Items":[
    {
      "id":"40424821298643237335"
     ,"Identification":{
        "Name":"P80_CONVERSATION_ID"
       ,"Type":"Hidden"
      }
     ,"Settings":{
        "Value Protected":false
      }
     ,"Layout":{
        "Sequence":50
       ,"Region":"No Parent"
       ,"Position":"BODY"
      }
     ,"Advanced":{
        "Warn on Unsaved Changes":"Page Default"
      }
     ,"Source":{
        "Type":"Null"
       ,"Used":"Only when current value in session state is null"
      }
     ,"Session State":{
        "Data Type":"VARCHAR2"
       ,"Storage":"Per Session (Persistent)"
      }
     ,"Security":{
        "Session State Protection":"Unrestricted"
       ,"Store value encrypted in session state":true
       ,"Restricted Characters":"All characters can be saved."
      }
    }
   ,{
      "id":"40424822735275237350"
     ,"Identification":{
        "Name":"P80_MESSAGE"
       ,"Type":"Text Field"
      }
     ,"Label":{
        "Label":"\u003Cspan class=\"message-placeholder\"\u003E Type a message\u003C\/span\u003E"
       ,"Alignment":"Left"
      }
     ,"Settings":{
        "Subtype":"Text"
       ,"Trim Spaces":"Leading and Trailing"
       ,"Text Case":"NO CHANGE"
       ,"Submit when Enter pressed":false
       ,"Disabled":false
      }
     ,"Layout":{
        "Sequence":10
       ,"Region":"Send Reply (40424822613365237349)"
       ,"Position":"BODY"
       ,"Alignment":"Left"
       ,"Start New Layout":false
       ,"Start New Row":true
       ,"Column":"Automatic"
       ,"New Column":true
       ,"Column Span":"Automatic"
       ,"Label Column Span":"Page Template Default"
      }
     ,"Appearance":{
        "Template":"Optional - Floating (19471879586967504303)"
       ,"Template Options":[
          "#DEFAULT#"
        ]
       ,"Width":30
      }
     ,"Validation":{
        "Value Required":false
      }
     ,"Advanced":{
        "Warn on Unsaved Changes":"Page Default"
      }
     ,"Source":{
        "Type":"Null"
       ,"Used":"Only when current value in session state is null"
      }
     ,"Session State":{
        "Storage":"Per Request (Memory Only)"
      }
     ,"Quick Picks":{
        "Show Quick Picks":false
      }
     ,"Security":{
        "Session State Protection":"Unrestricted"
       ,"Store value encrypted in session state":true
       ,"Restricted Characters":"All characters can be saved."
      }
    }
   ,{
      "id":"40752771597600578904"
     ,"Identification":{
        "Name":"P80_SENDER_NAME"
       ,"Type":"Hidden"
      }
     ,"Settings":{
        "Value Protected":false
      }
     ,"Layout":{
        "Sequence":20
       ,"Region":"No Parent"
       ,"Position":"BODY"
      }
     ,"Advanced":{
        "Warn on Unsaved Changes":"Page Default"
      }
     ,"Source":{
        "Type":"Null"
       ,"Used":"Only when current value in session state is null"
      }
     ,"Session State":{
        "Data Type":"VARCHAR2"
       ,"Storage":"Per Request (Memory Only)"
      }
     ,"Security":{
        "Session State Protection":"Unrestricted"
       ,"Store value encrypted in session state":true
       ,"Restricted Characters":"All characters can be saved."
      }
    }
   ,{
      "id":"40752773323930578922"
     ,"Identification":{
        "Name":"P80_PARTICIPANT_1_ID"
       ,"Type":"Hidden"
      }
     ,"Settings":{
        "Value Protected":false
      }
     ,"Layout":{
        "Sequence":30
       ,"Region":"No Parent"
       ,"Position":"BODY"
      }
     ,"Advanced":{
        "Warn on Unsaved Changes":"Page Default"
      }
     ,"Source":{
        "Type":"Null"
       ,"Used":"Only when current value in session state is null"
      }
     ,"Session State":{
        "Data Type":"VARCHAR2"
       ,"Storage":"Per Session (Persistent)"
      }
     ,"Security":{
        "Session State Protection":"Unrestricted"
       ,"Store value encrypted in session state":true
       ,"Restricted Characters":"All characters can be saved."
      }
    }
   ,{
      "id":"40752774720207578936"
     ,"Identification":{
        "Name":"P80_CURRENT_DATE"
       ,"Type":"Hidden"
      }
     ,"Settings":{
        "Value Protected":false
      }
     ,"Layout":{
        "Sequence":70
       ,"Region":"No Parent"
       ,"Position":"BODY"
      }
     ,"Advanced":{
        "Warn on Unsaved Changes":"Page Default"
      }
     ,"Source":{
        "Type":"Null"
       ,"Used":"Only when current value in session state is null"
      }
     ,"Session State":{
        "Data Type":"VARCHAR2"
       ,"Storage":"Per Session (Persistent)"
      }
     ,"Security":{
        "Session State Protection":"Unrestricted"
       ,"Store value encrypted in session state":true
       ,"Restricted Characters":"All characters can be saved."
      }
    }
   ,{
      "id":"41154317677873227825"
     ,"Identification":{
        "Name":"P80_PARTICIPANT_2_ID"
       ,"Type":"Hidden"
      }
     ,"Settings":{
        "Value Protected":true
      }
     ,"Layout":{
        "Sequence":40
       ,"Region":"No Parent"
       ,"Position":"BODY"
      }
     ,"Advanced":{
        "Warn on Unsaved Changes":"Page Default"
      }
     ,"Source":{
        "Type":"Null"
       ,"Used":"Only when current value in session state is null"
      }
     ,"Session State":{
        "Data Type":"VARCHAR2"
       ,"Storage":"Per Session (Persistent)"
      }
     ,"Security":{
        "Session State Protection":"Unrestricted"
       ,"Store value encrypted in session state":true
       ,"Restricted Characters":"All characters can be saved."
      }
    }
  ]
 ,"Buttons":[
    {
      "id":"40752771473755578903"
     ,"Identification":{
        "Button Name":"Send_message"
       ,"Label":"Send Message"
      }
     ,"Layout":{
        "Sequence":20
       ,"Region":"Send Reply (40424822613365237349)"
       ,"Position":"BUTTON_END"
       ,"Start New Layout":false
       ,"Start New Row":true
       ,"Column":"Automatic"
       ,"New Column":true
       ,"Column Span":"Automatic"
      }
     ,"Appearance":{
        "Button Template":"Icon (19471881378436504304)"
       ,"Hot":true
       ,"Template Options":[
          "#DEFAULT#"
         ,"t-Button--large"
         ,"t-Button--stretch"
        ]
       ,"Icon":"fa-send"
      }
     ,"Behavior":{
        "Action":"Defined by Dynamic Action"
       ,"Execute Validations":true
      }
    }
   ,{
      "id":"40752774932430578938"
     ,"Identification":{
        "Button Name":"Close_converstaion"
       ,"Label":"Close"
      }
     ,"Layout":{
        "Sequence":30
       ,"Region":"Header Container (40752775147304578940)"
       ,"Position":"BODY"
       ,"Start New Layout":false
       ,"Start New Row":true
       ,"Column":"Automatic"
       ,"New Column":true
       ,"Column Span":"Automatic"
       ,"Alignment":"Left center"
      }
     ,"Appearance":{
        "Button Template":"Text (19471882000429504304)"
       ,"Hot":false
       ,"Template Options":[
          "#DEFAULT#"
        ]
       ,"CSS Classes":[
          "close-btn"
        ]
       ,"Icon":"fa-remove"
      }
     ,"Behavior":{
        "Action":"Submit Page"
       ,"Execute Validations":true
       ,"Warn on Unsaved Changes":"Do Not Check"
      }
    }
  ]
 ,"Dynamic Actions":[
    {
      "id":"40752771783573578906"
     ,"Identification":{
        "Name":"Mark Messages as read"
      }
     ,"Execution":{
        "Sequence":30
      }
     ,"When":{
        "Event":"EVENT.EVENT.BROWSER.READY"
      }
     ,"Execution":{
        "Event Scope":"Static"
      }
     ,"Actions":[
        {
          "id":"40752771807692578907"
         ,"Identification":{
            "Action":"Execute Server-side Code"
          }
         ,"Settings":{
            "Language":"PE.PROPERTY.SOURCE_SNIPPET_LANG.LOV.PLSQL.D"
           ,"PL\/SQL Code":"IF :P80_CONVERSATION_ID IS NOT NULL THEN\n    UPDATE \n    messages \n    SET status = \u0027Read\u0027 \n    WHERE conversation_id = :P80_CONVERSATION_ID \n    AND NOT message_sender_id = to_number(:USER_ID);\nEND IF;"
           ,"Items to Submit":[
              "P80_CONVERSATION_ID"
            ]
          }
         ,"Execution":{
            "Sequence":20
           ,"Event":"Mark Messages as read (40752771783573578906)"
           ,"Fire When Event Result Is":"True"
           ,"Fire on Initialization":false
           ,"Stop Execution On Error":true
           ,"Wait For Result":true
          }
        }
      ]
    }
   ,{
      "id":"40752773763494578926"
     ,"Identification":{
        "Name":"Send Reply"
      }
     ,"Execution":{
        "Sequence":20
      }
     ,"When":{
        "Event":"EVENT.EVENT.BROWSER.CLICK"
       ,"Selection Type":"Button"
       ,"Button":"Send_message (40752771473755578903)"
      }
     ,"Execution":{
        "Event Scope":"Static"
       ,"Type":"Immediate"
      }
     ,"Actions":[
        {
          "id":"40752773892064578927"
         ,"Identification":{
            "Action":"Execute Server-side Code"
          }
         ,"Settings":{
            "Language":"PE.PROPERTY.SOURCE_SNIPPET_LANG.LOV.PLSQL.D"
           ,"PL\/SQL Code":"MANAGE_MESSAGES.send_message(\n    :P80_PARTICIPANT_1_ID,\n    :P80_PARTICIPANT_2_ID,\n    to_number(:USER_ID),\n    :P80_MESSAGE,\n    :P80_CURRENT_DATE,\n    :P80_SENDER_NAME\n);"
           ,"Items to Submit":[
              "P80_PARTICIPANT_1_ID"
             ,"P80_PARTICIPANT_2_ID"
             ,"P80_MESSAGE"
            ]
           ,"Items to Return":[
              "P80_CURRENT_DATE"
             ,"P80_SENDER_NAME"
            ]
           ,"Suppress Change Event":false
          }
         ,"Execution":{
            "Sequence":10
           ,"Event":"Send Reply (40752773763494578926)"
           ,"Fire When Event Result Is":"True"
           ,"Fire on Initialization":false
           ,"Stop Execution On Error":true
           ,"Wait For Result":true
          }
        }
       ,{
          "id":"40752774012700578929"
         ,"Identification":{
            "Action":"Execute JavaScript Code"
          }
         ,"Settings":{
            "Code":"\/\/apex.region(\"display-messages\").refresh();\n$(\"#display-messages_jqm_list_view\")\n    .append(\u0060\u003Cli class=\"a-ListView-item ui-body-inherit own-message\"\u003E\n                \u003Cspan class=\"message\"\u003E${$v(\"P80_MESSAGE\")}\u003C\/span\u003E\n                \u003Cp class=\"ui-li-aside\"\u003E${$v(\"P80_SENDER_NAME\")} - ${$v(\"P80_CURRENT_DATE\")}\u003C\/p\u003E\n            \u003C\/li\u003E\u0060);\n\nlet $lastItem = $(\"#display-messages_jqm_list_view li:last\")[0]; \n$lastItem.scrollIntoView({ behavior: \"auto\", block: \"end\", inline: \"nearest\" });\n\napex.message.showPageSuccess( \"Message sent successfully ! you will recieve a notification when the client responds\" );"
          }
         ,"Execution":{
            "Sequence":40
           ,"Event":"Send Reply (40752773763494578926)"
           ,"Fire When Event Result Is":"True"
           ,"Fire on Initialization":false
          }
        }
       ,{
          "id":"40752774508139578934"
         ,"Identification":{
            "Action":"Clear"
          }
         ,"Affected Elements":{
            "Selection Type":"Item(s)"
           ,"Item(s)":[
              "P80_MESSAGE"
            ]
          }
         ,"Execution":{
            "Sequence":50
           ,"Event":"Send Reply (40752773763494578926)"
           ,"Fire When Event Result Is":"True"
           ,"Fire on Initialization":false
          }
        }
      ]
    }
   ,{
      "id":"41154317765415227826"
     ,"Identification":{
        "Name":"Checking Conversation existence"
      }
     ,"Execution":{
        "Sequence":10
      }
     ,"When":{
        "Event":"EVENT.EVENT.BROWSER.READY"
      }
     ,"Client-side Condition":{
        "Type":"Item is null"
       ,"Item":"P80_CONVERSATION_ID"
      }
     ,"Execution":{
        "Event Scope":"Static"
      }
     ,"Actions":[
        {
          "id":"41154317865175227827"
         ,"Identification":{
            "Action":"Execute Server-side Code"
          }
         ,"Settings":{
            "Language":"PE.PROPERTY.SOURCE_SNIPPET_LANG.LOV.PLSQL.D"
           ,"PL\/SQL Code":"IF :P80_CONVERSATION_ID IS NULL THEN\n   :P80_CONVERSATION_ID := MANAGE_MESSAGES.get_or_create_conversation(:P80_PARTICIPANT_1_ID, :P80_PARTICIPANT_2_ID);\nEND IF;"
           ,"Items to Submit":[
              "P80_PARTICIPANT_1_ID"
             ,"P80_PARTICIPANT_2_ID"
            ]
           ,"Items to Return":[
              "P80_CONVERSATION_ID"
            ]
           ,"Suppress Change Event":false
          }
         ,"Execution":{
            "Sequence":10
           ,"Event":"Checking Conversation existence (41154317765415227826)"
           ,"Fire When Event Result Is":"True"
           ,"Fire on Initialization":false
           ,"Stop Execution On Error":true
           ,"Wait For Result":true
          }
        }
       ,{
          "id":"41154318228688227831"
         ,"Identification":{
            "Action":"Refresh"
          }
         ,"Affected Elements":{
            "Selection Type":"Region"
           ,"Region":"Display (40424820623949237329)"
          }
         ,"Execution":{
            "Sequence":50
           ,"Event":"Checking Conversation existence (41154317765415227826)"
           ,"Fire When Event Result Is":"True"
           ,"Fire on Initialization":false
          }
        }
      ]
    }
   ,{
      "id":"41154318426150227833"
     ,"Identification":{
        "Name":"Set messages style after refresh"
      }
     ,"Execution":{
        "Sequence":40
      }
     ,"When":{
        "Event":"EVENT.EVENT.FAMEWORK.APEXAFTERREFRESH"
       ,"Selection Type":"Region"
       ,"Region":"Display (40424820623949237329)"
      }
     ,"Execution":{
        "Event Scope":"Static"
       ,"Type":"Immediate"
      }
     ,"Actions":[
        {
          "id":"41154318595474227834"
         ,"Identification":{
            "Action":"Execute JavaScript Code"
          }
         ,"Settings":{
            "Code":"if($(\"#display-messages_jqm_list_view\").children().length \u003E 0){\n    console.log($(\"#display-messages_jqm_list_view\").children(\".a-ListView-item\"));\n       const listOfMessages =  Array.from($(\"#display-messages_jqm_list_view\").children(\".a-ListView-item\"));\n        console.log(listOfMessages);\n        listOfMessages.forEach(message =\u003E {\n            const sender_id = message.getAttribute(\u0027data-id\u0027);   \n            if(sender_id != current_user) message.classList.add(\"not-own-message\");\n            else message.classList.add(\"own-message\")\n        })\n    }\n\nlet $lastItem = $(\"#display-messages_jqm_list_view li:last\")[0]; \n$lastItem.scrollIntoView({ behavior: \"auto\", block: \"end\", inline: \"nearest\" });"
          }
         ,"Execution":{
            "Sequence":10
           ,"Event":"Set messages style after refresh (41154318426150227833)"
           ,"Fire When Event Result Is":"True"
           ,"Fire on Initialization":false
          }
        }
      ]
    }
  ]
 ,"Processes":[
    {
      "id":"40752772378100578912"
     ,"Identification":{
        "Name":"Add Reply Message"
       ,"Type":"Execute Code"
       ,"Execution Chain":"None"
      }
     ,"Source":{
        "Location":"Local Database"
       ,"Language":"PL\/SQL"
       ,"PL\/SQL Code":"IF :P80_MESSAGE IS NOT NULL THEN\n    MANAGE_MESSAGES.send_message(\n        :P80_PARTICIPANT_1_ID,\n        :P80_PARTICIPANT_2_ID,\n        to_number(:USER_ID),\n        :P80_MESSAGE,\n        :P80_CURRENT_DATE,\n        :P80_SENDER_NAME\n    );\nEND IF;"
      }
     ,"Execution":{
        "Sequence":20
       ,"Point":"Processing"
       ,"Run Process":"Once Per Page Visit (default)"
      }
     ,"Error":{
        "Display Location":"Inline in Notification"
      }
    }
   ,{
      "id":"40752773623601578925"
     ,"Identification":{
        "Name":"Close "
       ,"Type":"Close Dialog"
       ,"Execution Chain":"None"
      }
     ,"Execution":{
        "Sequence":40
       ,"Point":"Processing"
       ,"Run Process":"Once Per Page Visit (default)"
      }
     ,"Error":{
        "Display Location":"Inline in Notification"
      }
     ,"Server-side Condition":{
        "When Button Pressed":"Close_converstaion (40752774932430578938)"
      }
    }
   ,{
      "id":"40752775357403578942"
     ,"Identification":{
        "Name":"Close"
       ,"Type":"Execute Code"
       ,"Execution Chain":"None"
      }
     ,"Source":{
        "Location":"Local Database"
       ,"Language":"PL\/SQL"
       ,"PL\/SQL Code":":P80_MESSAGE := NULL;"
      }
     ,"Execution":{
        "Sequence":10
       ,"Point":"Processing"
       ,"Run Process":"Once Per Page Visit (default)"
      }
     ,"Error":{
        "Display Location":"Inline in Notification"
      }
     ,"Server-side Condition":{
        "When Button Pressed":"Close_converstaion (40752774932430578938)"
      }
    }
  ]
}
