{
  "id":"16"
 ,"Identification":{
    "Name":"Messages"
   ,"Alias":"MESSAGES"
   ,"Title":"Messages"
  }
 ,"Appearance":{
    "Page Mode":"Normal"
   ,"Page Template":"Theme Default"
   ,"Template Options":[
      "#DEFAULT#"
    ]
  }
 ,"Navigation Menu":{
    "Override User Interface Level":false
  }
 ,"Navigation":{
    "Cursor Focus":"Do not focus cursor"
   ,"Warn on Unsaved Changes":true
  }
 ,"CSS":{
    "File URLs":[
      "#APP_FILES#Styling\/main_style#MIN#.css"
    ]
   ,"Inline":"#R40424819568200237318_filter_input {\n    text-align: center;\n  border-radius: 20px;\n  font-family: var(--regular-text-font);\n  font-size: medium;\n}\n\n\n#customer_messages-list_jqm_list_view {\n    border-radius: 20px;\n}\n\n.ui-btn{\n    border-radius: 20px;\n}\n\n.conversation_header {\n    font-family: var(--secondary-header-font);\n    \n}\n\n.conversation_header \u003E span {\n    font-family: var(--regular-text-font);\n    font-size: small;\n    color: var(--grey-color);\n}\n\n.conversation_content {\n    font-family: var(--regular-text-font);\n}\n"
  }
 ,"Security":{
    "Authentication":"Page Requires Authentication"
   ,"Deep Linking":"Application Default"
   ,"Page Access Protection":"Arguments Must Have Checksum"
   ,"Form Auto Complete":"Off"
   ,"Browser Cache":"Application Default"
  }
 ,"Session Management":{
    "Rejoin Sessions":"Application Default"
  }
 ,"Advanced":{
    "Enable duplicate page submissions":"Yes - Enable page to be re-posted"
   ,"Reload on Submit":"Only for Success"
  }
 ,"Server Cache":{
    "Caching":"Disabled"
  }
 ,"Regions":[
    {
      "id":"82637865050301691861"
     ,"Identification":{
        "Title":"Messages List"
       ,"Type":"List View"
      }
     ,"Source":{
        "Location":"Local Database"
       ,"Type":"SQL Query"
       ,"SQL Query":"SELECT DISTINCT\n  c.conversation_id,\n  CASE \n    WHEN c.participant_1_id = TO_NUMBER(:USER_ID) THEN c.participant_2_id\n    WHEN c.participant_2_id = TO_NUMBER(:USER_ID) THEN c.participant_1_id\n  END AS other_party,\n  CASE \n    WHEN c.participant_1_id = TO_NUMBER(:USER_ID) THEN u2.firstname || \u0027 \u0027 || u2.lastname\n    WHEN c.participant_2_id = TO_NUMBER(:USER_ID) THEN u1.firstname || \u0027 \u0027 || u1.lastname\n  END AS sender_name,\n  SUM(CASE WHEN m.status = \u0027Unread\u0027 AND m.message_sender_id != TO_NUMBER(:USER_ID) THEN 1 ELSE 0 END) AS NEW_MESSAGES\nFROM conversations c\nLEFT JOIN messages m ON c.conversation_id = m.conversation_id\nLEFT JOIN customer u1 ON c.participant_1_id = u1.customer_id\nLEFT JOIN customer u2 ON c.participant_2_id = u2.customer_id\nWHERE c.participant_1_id = TO_NUMBER(:USER_ID) OR c.participant_2_id = TO_NUMBER(:USER_ID)\nGROUP BY\n  c.conversation_id,\n  c.participant_1_id,\n  c.participant_2_id,\n  CASE \n    WHEN c.participant_1_id = TO_NUMBER(:USER_ID) THEN u2.firstname || \u0027 \u0027 || u2.lastname\n    WHEN c.participant_2_id = TO_NUMBER(:USER_ID) THEN u1.firstname || \u0027 \u0027 || u1.lastname\n  END\n"
      }
     ,"Layout":{
        "Sequence":10
       ,"Parent Region":"No Parent"
       ,"Position":"BODY"
       ,"Start New Layout":false
       ,"Start New Row":true
       ,"Column":"Automatic"
       ,"New Column":true
       ,"Column Span":"Automatic"
      }
     ,"Appearance":{
        "Template":"Standard (19471808805460504264)"
       ,"Template Options":[
          "#DEFAULT#"
         ,"t-Region--stacked"
         ,"t-Region--scrollBody"
        ]
       ,"CSS Classes":[
          "messages-list"
        ]
       ,"Render Components":"Above Content"
      }
     ,"Accessibility":{
        "Use Landmark":true
       ,"Landmark Type":"Region"
      }
     ,"Advanced":{
        "Static ID":"customer_messages-list"
       ,"Region Display Selector":false
       ,"Exclude Title from Translation":false
      }
     ,"Security":{
        "Escape special characters":true
      }
     ,"Server Cache":{
        "Caching":"Disabled"
      }
     ,"Customization":{
        "Customizable":"Not Customizable By End Users"
      }
     ,"Attributes":{
        "Settings":{
          "Features":"ADVANCED_FORMATTING:SEARCH:INSET"
         ,"List Entry Attributes":"data-id=\u0026MESSAGE_SENDER_ID."
         ,"Text Formatting":"\u003Ch4 class=\"conversation_header\"\u003E\u0026SENDER_NAME. - \u003Cspan\u003E \u0026NEW_MESSAGES. new messages\u003C\/span\u003E\u003C\/h4\u003E"
         ,"Link Target":{
            "url":"f?p=\u0026APP_ID.:80:\u0026SESSION.::\u0026DEBUG.:80:P80_CONVERSATION_ID,P80_PARTICIPANT_1_ID,P80_PARTICIPANT_2_ID:\u0026CONVERSATION_ID.,\u0026USER_ID.,\u0026OTHER_PARTY."
           ,"Page":"80"
           ,"Clear Cache":"80"
           ,"Values":{
              "P80_CONVERSATION_ID":"\u0026CONVERSATION_ID."
             ,"P80_PARTICIPANT_1_ID":"\u0026USER_ID."
             ,"P80_PARTICIPANT_2_ID":"\u0026OTHER_PARTY."
            }
          }
         ,"Search Type":"Server: Exact \u0026 Ignore Case"
         ,"Search Box Placeholder":"search for sender..."
        }
       ,"Layout":{
          "Number of Rows Type":"Static Value"
         ,"Number of Rows":20
        }
       ,"Messages":{
          "When No Data Found":"No messages yet !"
        }
      }
    }
  ]
 ,"Dynamic Actions":[
    {
      "id":"42153516905064704837"
     ,"Identification":{
        "Name":"Refrehs List"
      }
     ,"Execution":{
        "Sequence":10
      }
     ,"When":{
        "Event":"EVENT.EVENT.FAMEWORK.APEXAFTERCLOSEDIALOG"
       ,"Selection Type":"Region"
       ,"Region":"Messages List (82637865050301691861)"
      }
     ,"Execution":{
        "Event Scope":"Static"
       ,"Type":"Immediate"
      }
     ,"Actions":[
        {
          "id":"42153517004697704838"
         ,"Identification":{
            "Action":"Refresh"
          }
         ,"Affected Elements":{
            "Selection Type":"Region"
           ,"Region":"Messages List (82637865050301691861)"
          }
         ,"Execution":{
            "Sequence":10
           ,"Event":"Refrehs List (42153516905064704837)"
           ,"Fire When Event Result Is":"True"
           ,"Fire on Initialization":false
          }
        }
      ]
    }
  ]
}
