{
  "id":"60"
 ,"Identification":{
    "Name":"Edit Product Info"
   ,"Alias":"EDIT-PRODUCT-INFO"
   ,"Title":"Edit Product Info"
  }
 ,"Appearance":{
    "Page Mode":"Modal Dialog"
   ,"Dialog Template":"Wizard Modal Dialog (19471535469231504230)"
   ,"Template Options":[
      "#DEFAULT#"
    ]
  }
 ,"Dialog":{
    "Width":"1200"
   ,"Chained":true
  }
 ,"Navigation Menu":{
    "Override User Interface Level":false
  }
 ,"Navigation":{
    "Cursor Focus":"Do not focus cursor"
   ,"Warn on Unsaved Changes":true
  }
 ,"CSS":{
    "File URLs":[
      "#APP_FILES#Styling\/main_style#MIN#.css"
    ]
  }
 ,"Security":{
    "Authentication":"Page Requires Authentication"
   ,"Deep Linking":"Application Default"
   ,"Page Access Protection":"Arguments Must Have Checksum"
   ,"Form Auto Complete":"Off"
   ,"Browser Cache":"Application Default"
  }
 ,"Session Management":{
    "Rejoin Sessions":"Application Default"
  }
 ,"Advanced":{
    "Enable duplicate page submissions":"Yes - Enable page to be re-posted"
   ,"Reload on Submit":"Only for Success"
  }
 ,"Server Cache":{
    "Caching":"Disabled"
  }
 ,"Regions":[
    {
      "id":"33838191957679159656"
     ,"Identification":{
        "Title":"Wizard Progress"
       ,"Type":"List"
      }
     ,"Source":{
        "List":"Edit Product (33838191074647159655)"
      }
     ,"Layout":{
        "Sequence":10
       ,"Parent Region":"No Parent"
       ,"Position":"REGION_POSITION_01"
       ,"Start New Layout":false
       ,"Start New Row":true
       ,"Column":"Automatic"
       ,"New Column":true
       ,"Column Span":"Automatic"
      }
     ,"Appearance":{
        "Template":"Blank with Attributes (19471542261328504234)"
       ,"Template Options":[
          "#DEFAULT#"
        ]
       ,"Render Components":"Above Content"
      }
     ,"Accessibility":{
        "Use Landmark":true
       ,"Landmark Type":"Template Default"
      }
     ,"Advanced":{
        "Region Display Selector":false
       ,"Exclude Title from Translation":false
      }
     ,"Server Cache":{
        "Caching":"Disabled"
      }
     ,"Customization":{
        "Customizable":"Not Customizable By End Users"
      }
     ,"Attributes":{
        "Appearance":{
          "List Template":"Wizard Progress (19471877875421504302)"
        }
      }
    }
   ,{
      "id":"33838192160888159656"
     ,"Identification":{
        "Title":"Buttons"
       ,"Type":"Static Content"
      }
     ,"Layout":{
        "Sequence":10
       ,"Parent Region":"No Parent"
       ,"Position":"REGION_POSITION_03"
       ,"Start New Layout":false
       ,"Start New Row":true
       ,"Column":"Automatic"
       ,"New Column":true
       ,"Column Span":"Automatic"
      }
     ,"Appearance":{
        "Template":"Buttons Container (19471545059842504235)"
       ,"Template Options":[
          "#DEFAULT#"
        ]
       ,"Render Components":"Above Content"
      }
     ,"Accessibility":{
        "Use Landmark":true
       ,"Landmark Type":"Template Default"
      }
     ,"Advanced":{
        "Region Display Selector":false
       ,"Exclude Title from Translation":false
      }
     ,"Server Cache":{
        "Caching":"Disabled"
      }
     ,"Customization":{
        "Customizable":"Not Customizable By End Users"
      }
     ,"Attributes":{
        "Settings":{
          "Output As":"HTML"
         ,"Expand Shortcuts":false
        }
      }
    }
   ,{
      "id":"64194523859162690883"
     ,"Identification":{
        "Title":"Edit General Info"
       ,"Type":"Form"
      }
     ,"Source":{
        "Location":"Local Database"
       ,"Type":"Table \/ View"
       ,"Table Owner":"Parsing Schema"
       ,"Table Name":"PRODUCT"
       ,"Include ROWID Column":false
       ,"Where Clause":"product_id = :P60_PRODUCT_ID"
       ,"Page Items to Submit":[
          "P60_PRODUCT_ID"
        ]
      }
     ,"Layout":{
        "Sequence":50
       ,"Parent Region":"No Parent"
       ,"Position":"BODY"
       ,"Start New Layout":false
       ,"Start New Row":true
       ,"Column":"Automatic"
       ,"New Column":true
       ,"Column Span":"Automatic"
      }
     ,"Appearance":{
        "Template":"Blank with Attributes (19471542261328504234)"
       ,"Template Options":[
          "#DEFAULT#"
        ]
       ,"Render Components":"Above Content"
      }
     ,"Accessibility":{
        "Use Landmark":true
       ,"Landmark Type":"Template Default"
      }
     ,"Advanced":{
        "Region Display Selector":false
       ,"Exclude Title from Translation":false
      }
     ,"Server Cache":{
        "Caching":"Disabled"
      }
     ,"Customization":{
        "Customizable":"Not Customizable By End Users"
      }
     ,"Attributes":{
        "Edit":{
          "Enabled":false
        }
      }
    }
  ]
 ,"Page Items":[
    {
      "id":"33825344624367128817"
     ,"Identification":{
        "Name":"P60_VARIANT_2_NAME"
       ,"Type":"Hidden"
      }
     ,"Settings":{
        "Value Protected":false
      }
     ,"Layout":{
        "Sequence":170
       ,"Region":"Edit General Info (64194523859162690883)"
       ,"Position":"BODY"
      }
     ,"Advanced":{
        "Warn on Unsaved Changes":"Page Default"
      }
     ,"Source":{
        "Type":"Null"
       ,"Used":"Only when current value in session state is null"
      }
     ,"Session State":{
        "Data Type":"VARCHAR2"
       ,"Storage":"Per Session (Persistent)"
      }
     ,"Security":{
        "Session State Protection":"Unrestricted"
       ,"Store value encrypted in session state":true
       ,"Restricted Characters":"All characters can be saved."
      }
    }
   ,{
      "id":"33825344740390128818"
     ,"Identification":{
        "Name":"P60_VARIANT_3_NAME"
       ,"Type":"Hidden"
      }
     ,"Settings":{
        "Value Protected":false
      }
     ,"Layout":{
        "Sequence":160
       ,"Region":"Edit General Info (64194523859162690883)"
       ,"Position":"BODY"
      }
     ,"Advanced":{
        "Warn on Unsaved Changes":"Page Default"
      }
     ,"Source":{
        "Type":"Null"
       ,"Used":"Only when current value in session state is null"
      }
     ,"Session State":{
        "Data Type":"VARCHAR2"
       ,"Storage":"Per Session (Persistent)"
      }
     ,"Security":{
        "Session State Protection":"Unrestricted"
       ,"Store value encrypted in session state":true
       ,"Restricted Characters":"All characters can be saved."
      }
    }
   ,{
      "id":"33838922493166165168"
     ,"Identification":{
        "Name":"P60_VARIANT_1_NAME"
       ,"Type":"Hidden"
      }
     ,"Settings":{
        "Value Protected":false
      }
     ,"Layout":{
        "Sequence":180
       ,"Region":"Edit General Info (64194523859162690883)"
       ,"Position":"BODY"
      }
     ,"Advanced":{
        "Warn on Unsaved Changes":"Page Default"
      }
     ,"Source":{
        "Type":"Null"
       ,"Used":"Only when current value in session state is null"
      }
     ,"Session State":{
        "Data Type":"VARCHAR2"
       ,"Storage":"Per Session (Persistent)"
      }
     ,"Security":{
        "Session State Protection":"Unrestricted"
       ,"Store value encrypted in session state":true
       ,"Restricted Characters":"All characters can be saved."
      }
    }
   ,{
      "id":"35681587763259205033"
     ,"Identification":{
        "Name":"P60_CREATED_AT"
       ,"Type":"Hidden"
      }
     ,"Settings":{
        "Value Protected":true
      }
     ,"Layout":{
        "Sequence":150
       ,"Region":"Edit General Info (64194523859162690883)"
       ,"Position":"BODY"
      }
     ,"Advanced":{
        "Warn on Unsaved Changes":"Page Default"
      }
     ,"Source":{
        "Form Region":"Edit General Info (64194523859162690883)"
       ,"Column":"CREATED_AT"
       ,"Data Type":"DATE"
       ,"Query Only":false
       ,"Primary Key":false
      }
     ,"Session State":{
        "Data Type":"VARCHAR2"
       ,"Storage":"Per Request (Memory Only)"
      }
     ,"Security":{
        "Session State Protection":"Unrestricted"
       ,"Store value encrypted in session state":true
       ,"Restricted Characters":"All characters can be saved."
      }
    }
   ,{
      "id":"35681587806590205034"
     ,"Identification":{
        "Name":"P60_CATEGORY_ID"
       ,"Type":"Select List"
      }
     ,"Label":{
        "Label":"Sub Category"
       ,"Alignment":"Left"
      }
     ,"Settings":{
        "Page Action on Selection":"None"
       ,"Allow Multi Selection":false
      }
     ,"Layout":{
        "Sequence":130
       ,"Region":"Edit General Info (64194523859162690883)"
       ,"Position":"BODY"
       ,"Alignment":"Left"
       ,"Start New Layout":false
       ,"Start New Row":true
       ,"Column":"Automatic"
       ,"New Column":true
       ,"Column Span":"Automatic"
       ,"Label Column Span":"Page Template Default"
      }
     ,"Appearance":{
        "Template":"Required - Above (19471880312432504303)"
       ,"Template Options":[
          "#DEFAULT#"
         ,"t-Form-fieldContainer--stretchInputs"
        ]
       ,"Height":1
      }
     ,"Validation":{
        "Value Required":false
      }
     ,"List of Values":{
        "Type":"SQL Query"
       ,"SQL Query":"SELECT category_name, category_id\nFROM  categories\nWHERE category_parent = :P60_MAIN_CATEGORY_ID"
       ,"Display Extra Values":false
       ,"Display Null Value":false
      }
     ,"Cascading List of Values":{
        "Parent Item(s)":[
          "P60_MAIN_CATEGORY_ID"
        ]
       ,"Parent Required":true
      }
     ,"Advanced":{
        "Warn on Unsaved Changes":"Page Default"
      }
     ,"Source":{
        "Type":"Null"
       ,"Used":"Only when current value in session state is null"
      }
     ,"Session State":{
        "Storage":"Per Session (Persistent)"
      }
     ,"Quick Picks":{
        "Show Quick Picks":false
      }
     ,"Security":{
        "Session State Protection":"Unrestricted"
       ,"Store value encrypted in session state":true
       ,"Restricted Characters":"All characters can be saved."
      }
    }
   ,{
      "id":"64185889982694127506"
     ,"Identification":{
        "Name":"P60_PRODUCT_ID"
       ,"Type":"Hidden"
      }
     ,"Settings":{
        "Value Protected":false
      }
     ,"Layout":{
        "Sequence":10
       ,"Region":"Edit General Info (64194523859162690883)"
       ,"Position":"BODY"
      }
     ,"Advanced":{
        "Warn on Unsaved Changes":"Page Default"
      }
     ,"Source":{
        "Form Region":"Edit General Info (64194523859162690883)"
       ,"Column":"PRODUCT_ID"
       ,"Data Type":"NUMBER"
       ,"Query Only":false
       ,"Primary Key":true
      }
     ,"Session State":{
        "Data Type":"VARCHAR2"
       ,"Storage":"Per Request (Memory Only)"
      }
     ,"Security":{
        "Session State Protection":"Unrestricted"
       ,"Store value encrypted in session state":true
       ,"Restricted Characters":"All characters can be saved."
      }
    }
   ,{
      "id":"64185890042656127507"
     ,"Identification":{
        "Name":"P60_PRODUCT_NAME"
       ,"Type":"Text Field"
      }
     ,"Label":{
        "Label":"Product Name"
       ,"Alignment":"Left"
      }
     ,"Settings":{
        "Subtype":"Text"
       ,"Trim Spaces":"Leading and Trailing"
       ,"Text Case":"NO CHANGE"
       ,"Submit when Enter pressed":false
       ,"Disabled":false
      }
     ,"Layout":{
        "Sequence":20
       ,"Region":"Edit General Info (64194523859162690883)"
       ,"Position":"BODY"
       ,"Alignment":"Left"
       ,"Start New Layout":false
       ,"Start New Row":true
       ,"Column":"Automatic"
       ,"New Column":true
       ,"Column Span":"Automatic"
       ,"Label Column Span":"Page Template Default"
      }
     ,"Appearance":{
        "Template":"Required - Above (19471880312432504303)"
       ,"Template Options":[
          "#DEFAULT#"
         ,"t-Form-fieldContainer--stretchInputs"
        ]
       ,"Width":30
      }
     ,"Validation":{
        "Value Required":true
       ,"Maximum Length":100
      }
     ,"Advanced":{
        "Warn on Unsaved Changes":"Page Default"
      }
     ,"Source":{
        "Form Region":"Edit General Info (64194523859162690883)"
       ,"Column":"PRODUCT_NAME"
       ,"Data Type":"VARCHAR2"
       ,"Query Only":false
       ,"Primary Key":false
      }
     ,"Session State":{
        "Storage":"Per Request (Memory Only)"
      }
     ,"Quick Picks":{
        "Show Quick Picks":false
      }
     ,"Security":{
        "Session State Protection":"Unrestricted"
       ,"Store value encrypted in session state":true
       ,"Restricted Characters":"All characters can be saved."
      }
    }
   ,{
      "id":"64185890106638127508"
     ,"Identification":{
        "Name":"P60_PRODUCT_DESCRIPTION"
       ,"Type":"Textarea"
      }
     ,"Label":{
        "Label":"Product Description"
       ,"Alignment":"Left"
      }
     ,"Settings":{
        "Resizable":false
       ,"Auto-Height":false
       ,"Character Counter":true
       ,"Trim Spaces":"Leading and Trailing"
      }
     ,"Layout":{
        "Sequence":30
       ,"Region":"Edit General Info (64194523859162690883)"
       ,"Position":"BODY"
       ,"Alignment":"Left"
       ,"Start New Layout":false
       ,"Start New Row":true
       ,"Column":"Automatic"
       ,"New Column":true
       ,"Column Span":"Automatic"
       ,"Label Column Span":"Page Template Default"
      }
     ,"Appearance":{
        "Template":"Required - Above (19471880312432504303)"
       ,"Template Options":[
          "#DEFAULT#"
         ,"t-Form-fieldContainer--stretchInputs"
        ]
       ,"Width":30
       ,"Height":7
      }
     ,"Validation":{
        "Value Required":false
       ,"Maximum Length":4000
      }
     ,"Advanced":{
        "Warn on Unsaved Changes":"Page Default"
      }
     ,"Source":{
        "Form Region":"Edit General Info (64194523859162690883)"
       ,"Column":"PRODUCT_DESCRIPTION"
       ,"Data Type":"VARCHAR2"
       ,"Query Only":false
       ,"Primary Key":false
      }
     ,"Session State":{
        "Data Type":"VARCHAR2"
       ,"Storage":"Per Request (Memory Only)"
      }
     ,"Quick Picks":{
        "Show Quick Picks":false
      }
     ,"Security":{
        "Session State Protection":"Unrestricted"
       ,"Store value encrypted in session state":true
       ,"Restricted Characters":"All characters can be saved."
      }
    }
   ,{
      "id":"64185890211705127509"
     ,"Identification":{
        "Name":"P60_UNIT_PRICE"
       ,"Type":"Number Field"
      }
     ,"Label":{
        "Label":"Unit Price"
       ,"Alignment":"Left"
      }
     ,"Settings":{
        "Number Alignment":"Start"
       ,"Virtual Keyboard":"Decimal"
      }
     ,"Layout":{
        "Sequence":40
       ,"Region":"Edit General Info (64194523859162690883)"
       ,"Position":"BODY"
       ,"Alignment":"Left"
       ,"Start New Layout":false
       ,"Start New Row":true
       ,"Column":"Automatic"
       ,"New Column":true
       ,"Column Span":"6"
       ,"Label Column Span":"Page Template Default"
      }
     ,"Appearance":{
        "Template":"Required - Above (19471880312432504303)"
       ,"Template Options":[
          "#DEFAULT#"
         ,"t-Form-fieldContainer--stretchInputs"
        ]
       ,"Width":30
      }
     ,"Validation":{
        "Value Required":true
      }
     ,"Advanced":{
        "Warn on Unsaved Changes":"Page Default"
      }
     ,"Source":{
        "Form Region":"Edit General Info (64194523859162690883)"
       ,"Column":"UNIT_PRICE"
       ,"Data Type":"NUMBER"
       ,"Query Only":false
       ,"Primary Key":false
      }
     ,"Session State":{
        "Storage":"Per Request (Memory Only)"
      }
     ,"Quick Picks":{
        "Show Quick Picks":false
      }
     ,"Security":{
        "Session State Protection":"Unrestricted"
       ,"Store value encrypted in session state":true
       ,"Restricted Characters":"All characters can be saved."
      }
    }
   ,{
      "id":"64185890856369127515"
     ,"Identification":{
        "Name":"P60_DISCOUNT"
       ,"Type":"Number Field"
      }
     ,"Label":{
        "Label":"Discount"
       ,"Alignment":"Left"
      }
     ,"Settings":{
        "Number Alignment":"Start"
       ,"Virtual Keyboard":"Decimal"
      }
     ,"Layout":{
        "Sequence":100
       ,"Region":"Edit General Info (64194523859162690883)"
       ,"Position":"BODY"
       ,"Alignment":"Left"
       ,"Start New Layout":false
       ,"Start New Row":false
       ,"Column":"Automatic"
       ,"New Column":true
       ,"Column Span":"Automatic"
       ,"Label Column Span":"Page Template Default"
      }
     ,"Appearance":{
        "Template":"Required - Above (19471880312432504303)"
       ,"Template Options":[
          "#DEFAULT#"
         ,"t-Form-fieldContainer--stretchInputs"
        ]
       ,"Width":30
      }
     ,"Validation":{
        "Value Required":false
      }
     ,"Advanced":{
        "Warn on Unsaved Changes":"Page Default"
      }
     ,"Source":{
        "Form Region":"Edit General Info (64194523859162690883)"
       ,"Column":"DISCOUNT"
       ,"Data Type":"NUMBER"
       ,"Query Only":false
       ,"Primary Key":false
      }
     ,"Session State":{
        "Storage":"Per Request (Memory Only)"
      }
     ,"Quick Picks":{
        "Show Quick Picks":false
      }
     ,"Security":{
        "Session State Protection":"Unrestricted"
       ,"Store value encrypted in session state":true
       ,"Restricted Characters":"All characters can be saved."
      }
    }
   ,{
      "id":"64185891064371127517"
     ,"Identification":{
        "Name":"P60_MAIN_CATEGORY_ID"
       ,"Type":"Select List"
      }
     ,"Label":{
        "Label":"Main Category"
       ,"Alignment":"Left"
      }
     ,"Settings":{
        "Page Action on Selection":"None"
       ,"Allow Multi Selection":false
      }
     ,"Layout":{
        "Sequence":120
       ,"Region":"Edit General Info (64194523859162690883)"
       ,"Position":"BODY"
       ,"Alignment":"Left"
       ,"Start New Layout":false
       ,"Start New Row":true
       ,"Column":"Automatic"
       ,"New Column":true
       ,"Column Span":"Automatic"
       ,"Label Column Span":"Page Template Default"
      }
     ,"Appearance":{
        "Template":"Required - Above (19471880312432504303)"
       ,"Template Options":[
          "#DEFAULT#"
         ,"t-Form-fieldContainer--stretchInputs"
        ]
       ,"Height":1
      }
     ,"Validation":{
        "Value Required":false
      }
     ,"List of Values":{
        "Type":"SQL Query"
       ,"SQL Query":"select category_name, category_id\nfrom categories\nwhere category_parent is null;"
       ,"Display Extra Values":false
       ,"Display Null Value":false
      }
     ,"Advanced":{
        "Warn on Unsaved Changes":"Page Default"
      }
     ,"Source":{
        "Type":"Null"
       ,"Used":"Only when current value in session state is null"
      }
     ,"Session State":{
        "Storage":"Per Session (Persistent)"
      }
     ,"Quick Picks":{
        "Show Quick Picks":false
      }
     ,"Security":{
        "Session State Protection":"Unrestricted"
       ,"Store value encrypted in session state":true
       ,"Restricted Characters":"All characters can be saved."
      }
    }
   ,{
      "id":"64185891177254127518"
     ,"Identification":{
        "Name":"P60_STORE_ID"
       ,"Type":"Hidden"
      }
     ,"Settings":{
        "Value Protected":true
      }
     ,"Layout":{
        "Sequence":140
       ,"Region":"Edit General Info (64194523859162690883)"
       ,"Position":"BODY"
      }
     ,"Advanced":{
        "Warn on Unsaved Changes":"Page Default"
      }
     ,"Source":{
        "Form Region":"Edit General Info (64194523859162690883)"
       ,"Column":"STORE_ID"
       ,"Data Type":"NUMBER"
       ,"Query Only":false
       ,"Primary Key":false
      }
     ,"Session State":{
        "Data Type":"VARCHAR2"
       ,"Storage":"Per Request (Memory Only)"
      }
     ,"Security":{
        "Session State Protection":"Unrestricted"
       ,"Store value encrypted in session state":true
       ,"Restricted Characters":"All characters can be saved."
      }
    }
  ]
 ,"Buttons":[
    {
      "id":"33838193659205159658"
     ,"Identification":{
        "Button Name":"CANCEL"
       ,"Label":"Cancel"
      }
     ,"Layout":{
        "Sequence":10
       ,"Region":"Buttons (33838192160888159656)"
       ,"Position":"CLOSE"
       ,"Start New Layout":false
       ,"Start New Row":true
       ,"Column":"Automatic"
       ,"New Column":true
       ,"Column Span":"Automatic"
      }
     ,"Appearance":{
        "Button Template":"Text (19471882000429504304)"
       ,"Hot":false
       ,"Template Options":[
          "#DEFAULT#"
        ]
      }
     ,"Behavior":{
        "Action":"Defined by Dynamic Action"
       ,"Execute Validations":true
      }
    }
   ,{
      "id":"33838193964287159658"
     ,"Identification":{
        "Button Name":"NEXT"
       ,"Label":"Update Product Variants"
      }
     ,"Layout":{
        "Sequence":30
       ,"Region":"Buttons (33838192160888159656)"
       ,"Position":"NEXT"
       ,"Start New Layout":false
       ,"Start New Row":true
       ,"Column":"Automatic"
       ,"New Column":true
       ,"Column Span":"Automatic"
      }
     ,"Appearance":{
        "Button Template":"Text with Icon (19471882117602504304)"
       ,"Hot":true
       ,"Template Options":[
          "t-Button--iconRight"
        ]
       ,"Icon":"fa-chevron-right"
      }
     ,"Behavior":{
        "Action":"Submit Page"
       ,"Execute Validations":true
       ,"Warn on Unsaved Changes":"Do Not Check"
      }
    }
  ]
 ,"Dynamic Actions":[
    {
      "id":"33825347345502128844"
     ,"Identification":{
        "Name":"Get product info"
      }
     ,"Execution":{
        "Sequence":10
      }
     ,"When":{
        "Event":"EVENT.EVENT.BROWSER.READY"
      }
     ,"Client-side Condition":{
        "Type":"Item is not null"
       ,"Item":"P60_PRODUCT_ID"
      }
     ,"Execution":{
        "Event Scope":"Static"
      }
     ,"Actions":[
        {
          "id":"33825347432813128845"
         ,"Identification":{
            "Action":"Execute Server-side Code"
          }
         ,"Settings":{
            "Language":"PE.PROPERTY.SOURCE_SNIPPET_LANG.LOV.PLSQL.D"
           ,"PL\/SQL Code":"select \n    product_name,\n    product_description,\n    unit_price,\n    discount,\n    c.category_parent,\n    p.category_id\ninto\n    :P60_PRODUCT_NAME,\n    :P60_PRODUCT_DESCRIPTION,\n    :P60_UNIT_PRICE,\n    :P60_DISCOUNT,\n    :P60_MAIN_CATEGORY_ID, \n    :P60_CATEGORY_ID\nfrom \n    product p\nleft join categories c ON p.category_id = c.category_id\nwhere \n    product_id = :P60_PRODUCT_ID;"
           ,"Items to Submit":[
              "P60_PRODUCT_ID"
            ]
           ,"Items to Return":[
              "P60_PRODUCT_NAME"
             ,"P60_PRODUCT_DESCRIPTION"
             ,"P60_UNIT_PRICE"
             ,"P60_DISCOUNT"
             ,"P60_MAIN_CATEGORY_ID"
             ,"P60_CATEGORY_ID"
            ]
           ,"Suppress Change Event":false
          }
         ,"Execution":{
            "Sequence":20
           ,"Event":"Get product info (33825347345502128844)"
           ,"Fire When Event Result Is":"True"
           ,"Fire on Initialization":false
           ,"Stop Execution On Error":true
           ,"Wait For Result":true
          }
        }
       ,{
          "id":"53026786235611675914"
         ,"Identification":{
            "Action":"Hide"
          }
         ,"Affected Elements":{
            "Selection Type":"Button"
           ,"Button":"NEXT (33838193964287159658)"
          }
         ,"Execution":{
            "Sequence":10
           ,"Event":"Get product info (33825347345502128844)"
           ,"Fire When Event Result Is":"True"
           ,"Fire on Initialization":true
          }
        }
      ]
    }
   ,{
      "id":"33838194059764159658"
     ,"Identification":{
        "Name":"Cancel Dialog"
      }
     ,"Execution":{
        "Sequence":10
      }
     ,"When":{
        "Event":"EVENT.EVENT.BROWSER.CLICK"
       ,"Selection Type":"Button"
       ,"Button":"CANCEL (33838193659205159658)"
      }
     ,"Execution":{
        "Event Scope":"Static"
       ,"Type":"Immediate"
      }
     ,"Actions":[
        {
          "id":"33838194858860159658"
         ,"Identification":{
            "Action":"Cancel Dialog"
          }
         ,"Execution":{
            "Sequence":10
           ,"Event":"Cancel Dialog (33838194059764159658)"
           ,"Fire When Event Result Is":"True"
           ,"Fire on Initialization":false
          }
        }
      ]
    }
   ,{
      "id":"33839016704516694545"
     ,"Identification":{
        "Name":"Get Variants Name"
      }
     ,"Execution":{
        "Sequence":30
      }
     ,"When":{
        "Event":"EVENT.EVENT.BROWSER.READY"
      }
     ,"Client-side Condition":{
        "Type":"Item is not null"
       ,"Item":"P60_CATEGORY_ID"
      }
     ,"Execution":{
        "Event Scope":"Static"
      }
     ,"Actions":[
        {
          "id":"33839017179658694547"
         ,"Identification":{
            "Action":"Execute Server-side Code"
          }
         ,"Settings":{
            "Language":"PE.PROPERTY.SOURCE_SNIPPET_LANG.LOV.PLSQL.D"
           ,"PL\/SQL Code":"MANAGE_PRODUCTS.get_variants(:P60_CATEGORY_ID, :P60_VARIANT_1_NAME, :P60_VARIANT_2_NAME, :P60_VARIANT_3_NAME);"
           ,"Items to Submit":[
              "P60_CATEGORY_ID"
            ]
           ,"Items to Return":[
              "P60_VARIANT_1_NAME"
             ,"P60_VARIANT_2_NAME"
             ,"P60_VARIANT_3_NAME"
            ]
           ,"Suppress Change Event":false
          }
         ,"Execution":{
            "Sequence":10
           ,"Event":"Get Variants Name (33839016704516694545)"
           ,"Fire When Event Result Is":"True"
           ,"Fire on Initialization":false
           ,"Stop Execution On Error":true
           ,"Wait For Result":true
          }
        }
      ]
    }
   ,{
      "id":"33839204494445180112"
     ,"Identification":{
        "Name":"Get Variants Name On Category Change"
      }
     ,"Execution":{
        "Sequence":20
      }
     ,"When":{
        "Event":"EVENT.EVENT.BROWSER.CHANGE"
       ,"Selection Type":"Item(s)"
       ,"Item(s)":[
          "P60_CATEGORY_ID"
        ]
      }
     ,"Client-side Condition":{
        "Type":"Item is not null"
       ,"Item":"P60_CATEGORY_ID"
      }
     ,"Execution":{
        "Event Scope":"Static"
       ,"Type":"Immediate"
      }
     ,"Actions":[
        {
          "id":"33839204850520180113"
         ,"Identification":{
            "Action":"Execute Server-side Code"
          }
         ,"Settings":{
            "Language":"PE.PROPERTY.SOURCE_SNIPPET_LANG.LOV.PLSQL.D"
           ,"PL\/SQL Code":"MANAGE_PRODUCTS.get_variants(:P60_CATEGORY_ID, :P60_VARIANT_1_NAME, :P60_VARIANT_2_NAME, :P60_VARIANT_3_NAME);"
           ,"Items to Submit":[
              "P60_CATEGORY_ID"
            ]
           ,"Items to Return":[
              "P60_VARIANT_1_NAME"
             ,"P60_VARIANT_2_NAME"
             ,"P60_VARIANT_3_NAME"
            ]
           ,"Suppress Change Event":false
          }
         ,"Execution":{
            "Sequence":10
           ,"Event":"Get Variants Name On Category Change (33839204494445180112)"
           ,"Fire When Event Result Is":"True"
           ,"Fire on Initialization":false
           ,"Stop Execution On Error":true
           ,"Wait For Result":true
          }
        }
       ,{
          "id":"53026789530959675947"
         ,"Identification":{
            "Action":"Show"
          }
         ,"Affected Elements":{
            "Selection Type":"Button"
           ,"Button":"NEXT (33838193964287159658)"
          }
         ,"Execution":{
            "Sequence":20
           ,"Event":"Get Variants Name On Category Change (33839204494445180112)"
           ,"Fire When Event Result Is":"True"
           ,"Fire on Initialization":true
          }
        }
      ]
    }
   ,{
      "id":"53026787074323675922"
     ,"Identification":{
        "Name":"Show Next Btn"
      }
     ,"Execution":{
        "Sequence":40
      }
     ,"When":{
        "Event":"EVENT.EVENT.BROWSER.CHANGE"
       ,"Selection Type":"Item(s)"
       ,"Item(s)":[
          "P60_VARIANT_3_NAME"
        ]
      }
     ,"Client-side Condition":{
        "Type":"Item is not null"
       ,"Item":"P60_VARIANT_3_NAME"
      }
     ,"Execution":{
        "Event Scope":"Static"
       ,"Type":"Immediate"
      }
     ,"Actions":[
        {
          "id":"53026787141468675923"
         ,"Identification":{
            "Action":"Show"
          }
         ,"Affected Elements":{
            "Selection Type":"Button"
           ,"Button":"NEXT (33838193964287159658)"
          }
         ,"Execution":{
            "Sequence":10
           ,"Event":"Show Next Btn (53026787074323675922)"
           ,"Fire When Event Result Is":"True"
           ,"Fire on Initialization":false
          }
        }
      ]
    }
  ]
 ,"Processes":[
    {
      "id":"33825344803237128819"
     ,"Identification":{
        "Name":"Update Product"
       ,"Type":"Execute Code"
       ,"Execution Chain":"None"
      }
     ,"Source":{
        "Location":"Local Database"
       ,"Language":"PL\/SQL"
       ,"PL\/SQL Code":"MANAGE_PRODUCTS.update_product (\n    :P60_PRODUCT_ID,\n    :P60_PRODUCT_NAME,\n    :P60_PRODUCT_DESCRIPTION,\n    :P60_UNIT_PRICE,\n    :P60_DISCOUNT,\n    :P60_CATEGORY_ID\n);"
      }
     ,"Execution":{
        "Sequence":10
       ,"Point":"Processing"
       ,"Run Process":"Once Per Page Visit (default)"
      }
     ,"Error":{
        "Display Location":"Inline in Notification"
      }
    }
  ]
 ,"Branches":[
    {
      "id":"33838195516111159659"
     ,"Identification":{
        "Name":"Go To Page 61"
      }
     ,"Execution":{
        "Sequence":20
       ,"Point":"After Processing"
      }
     ,"Behavior":{
        "Type":"Page or URL (Redirect)"
       ,"Target":{
          "url":"f?p=\u0026APP_ID.:61:\u0026SESSION.::\u0026DEBUG.:61:P61_PRODUCT_ID,P61_VARIANT_1_NAME,P61_VARIANT_2_NAME,P61_VARIANT_3_NAME:\u0026P60_PRODUCT_ID.,\u0026P60_VARIANT_1_NAME.,\u0026P60_VARIANT_2_NAME.,\u0026P60_VARIANT_3_NAME."
         ,"Page":"61"
         ,"Clear Cache":"61"
         ,"Values":{
            "P61_PRODUCT_ID":"\u0026P60_PRODUCT_ID."
           ,"P61_VARIANT_1_NAME":"\u0026P60_VARIANT_1_NAME."
           ,"P61_VARIANT_2_NAME":"\u0026P60_VARIANT_2_NAME."
           ,"P61_VARIANT_3_NAME":"\u0026P60_VARIANT_3_NAME."
          }
        }
      }
     ,"Server-side Condition":{
        "When Button Pressed":"NEXT (33838193964287159658)"
      }
    }
  ]
}
