{
  "id":"5"
 ,"Identification":{
    "Name":"Store Management"
   ,"Alias":"STORE-MANAGEMENT"
   ,"Title":"\u0026P5_STORE_NAME. - \u0026APP_NAME. "
  }
 ,"Appearance":{
    "Page Mode":"Normal"
   ,"Page Template":"Theme Default"
   ,"Template Options":[
      "#DEFAULT#"
    ]
  }
 ,"Navigation Menu":{
    "Override User Interface Level":false
  }
 ,"Navigation":{
    "Cursor Focus":"Do not focus cursor"
   ,"Warn on Unsaved Changes":true
  }
 ,"CSS":{
    "File URLs":[
      "#APP_FILES#Styling\/main_style#MIN#.css"
    ]
   ,"Inline":".store-header-container {\n    text-align: center;\n}\n\n.store-name{\n    font-family: var(--main-header-font);\n    color: var(--fouth-color);\n}\n\n.store-logo {\n    display: flex;\n    flex-direction: column;\n    justify-content: center;\n    align-items: center;\n}\n\n.store-logo img{\n    border: 5px solid var(--fouth-color);\n    border-radius: 50%;\n}\n\n.store-description {\n    border: 1px solid var(--fouth-color);\n}\n\n\n.store-description  .t-Region-header {\n    font-family: \u0027Courier New\u0027, Courier, monospace;\n    color: var(--fouth-color);\n}\n\n.products-container {\n    min-height: 100%;\n    padding: 50px;\n    background-color: #FFFFFF;\n    border: 1px solid #ebeae9;\n    border-radius: 10px;\n}\n\n\n.button-container {\n    width: 100%;\n    background-color: #F1EFED;\n    border-radius: 10px;\n    box-shadow: none;\n}\n"
  }
 ,"Security":{
    "Authentication":"Page Is Public"
  }
 ,"Advanced":{
    "Enable Meta Tags":false
  }
 ,"Security":{
    "Deep Linking":"Application Default"
   ,"Page Access Protection":"Arguments Must Have Checksum"
   ,"Form Auto Complete":"Off"
   ,"Browser Cache":"Application Default"
  }
 ,"Session Management":{
    "Rejoin Sessions":"Application Default"
  }
 ,"Advanced":{
    "Enable duplicate page submissions":"Yes - Enable page to be re-posted"
   ,"Reload on Submit":"Only for Success"
  }
 ,"Server Cache":{
    "Caching":"Disabled"
  }
 ,"Regions":[
    {
      "id":"21365795184513797113"
     ,"Identification":{
        "Title":"Button Container"
       ,"Type":"Static Content"
      }
     ,"Source":{
        "HTML Code":"\n\n"
      }
     ,"Layout":{
        "Sequence":110
       ,"Parent Region":"No Parent"
       ,"Position":"BODY"
       ,"Start New Layout":false
       ,"Start New Row":false
       ,"Column":"Automatic"
       ,"New Column":false
       ,"Column Span":"Automatic"
      }
     ,"Appearance":{
        "Template":"Buttons Container (19471545059842504235)"
       ,"Template Options":[
          "#DEFAULT#"
        ]
       ,"CSS Classes":[
          "button-container"
        ]
       ,"Render Components":"Above Content"
      }
     ,"Accessibility":{
        "Use Landmark":false
      }
     ,"Advanced":{
        "Region Display Selector":false
       ,"Exclude Title from Translation":false
      }
     ,"Server Cache":{
        "Caching":"Disabled"
      }
     ,"Customization":{
        "Customizable":"Not Customizable By End Users"
      }
     ,"Attributes":{
        "Settings":{
          "Output As":"HTML"
         ,"Expand Shortcuts":false
        }
      }
    }
   ,{
      "id":"21365797738482797139"
     ,"Identification":{
        "Title":"Store Logo"
       ,"Type":"Avatar"
      }
     ,"Source":{
        "Location":"Local Database"
       ,"Type":"SQL Query"
       ,"SQL Query":"SELECT \n    STORE_ID, \n    STORE_NAME,\n    LOGO, \n    LOGO_MIME_TYPE, \n    LOGO_FILENAME, \n    LOGO_CHARSET,\n    LOGO_LAST_UPDATED\nFROM stores\nWHERE store_id = TO_NUMBER(:P5_STORE_ID);"
      }
     ,"Layout":{
        "Sequence":90
       ,"Parent Region":"No Parent"
       ,"Position":"BODY"
       ,"Start New Layout":false
       ,"Start New Row":true
       ,"Column":"Automatic"
       ,"New Column":true
       ,"Column Span":"12"
       ,"Column CSS Classes":[
          "store-logo"
        ]
      }
     ,"Appearance":{
        "Template":"None"
       ,"Render Components":"Above Content"
      }
     ,"Advanced":{
        "Static ID":"store_logo"
       ,"Exclude Title from Translation":false
      }
     ,"Server Cache":{
        "Caching":"Disabled"
      }
     ,"Customization":{
        "Customizable":"Not Customizable By End Users"
      }
     ,"Attributes":{
        "Appearance":{
          "Display":"Single (Partial)"
        }
       ,"Settings":{
          "Type":"Image"
         ,"Image":{"source":"BLOB_COLUMN","blobColumn":"LOGO","filenameColumn":"LOGO_FILENAME","mimeTypeColumn":"LOGO_MIME_TYPE","lastUpdatedColumn":"LOGO_LAST_UPDATED"}
         ,"Shape":"Circular"
         ,"Size":"Medium"
        }
       ,"Performance":{
          "Lazy Loading":true
        }
      }
     ,"Columns":[
        {
          "id":"22774972378695912407"
         ,"Identification":{
            "Name":"STORE_ID"
          }
         ,"Layout":{
            "Sequence":10
          }
         ,"Source":{
            "Type":"Database Column"
           ,"Database Column":"STORE_ID"
           ,"Data Type":"NUMBER"
           ,"Primary Key":true
          }
        }
       ,{
          "id":"22774972528649912409"
         ,"Identification":{
            "Name":"LOGO"
          }
         ,"Layout":{
            "Sequence":30
          }
         ,"Source":{
            "Type":"Database Column"
           ,"Database Column":"LOGO"
           ,"Data Type":"BLOB"
          }
        }
       ,{
          "id":"22774972974110912413"
         ,"Identification":{
            "Name":"LOGO_MIME_TYPE"
          }
         ,"Layout":{
            "Sequence":50
          }
         ,"Source":{
            "Type":"Database Column"
           ,"Database Column":"LOGO_MIME_TYPE"
           ,"Data Type":"VARCHAR2"
           ,"Primary Key":false
          }
        }
       ,{
          "id":"22774973080357912414"
         ,"Identification":{
            "Name":"LOGO_FILENAME"
          }
         ,"Layout":{
            "Sequence":60
          }
         ,"Source":{
            "Type":"Database Column"
           ,"Database Column":"LOGO_FILENAME"
           ,"Data Type":"VARCHAR2"
           ,"Primary Key":false
          }
        }
       ,{
          "id":"22774973136622912415"
         ,"Identification":{
            "Name":"LOGO_CHARSET"
          }
         ,"Layout":{
            "Sequence":70
          }
         ,"Source":{
            "Type":"Database Column"
           ,"Database Column":"LOGO_CHARSET"
           ,"Data Type":"VARCHAR2"
           ,"Primary Key":false
          }
        }
       ,{
          "id":"22774973259161912416"
         ,"Identification":{
            "Name":"LOGO_LAST_UPDATED"
          }
         ,"Layout":{
            "Sequence":80
          }
         ,"Source":{
            "Type":"Database Column"
           ,"Database Column":"LOGO_LAST_UPDATED"
           ,"Data Type":"DATE"
           ,"Primary Key":false
          }
        }
       ,{
          "id":"53026789708420675949"
         ,"Identification":{
            "Name":"STORE_NAME"
          }
         ,"Layout":{
            "Sequence":90
          }
         ,"Source":{
            "Type":"Database Column"
           ,"Database Column":"STORE_NAME"
           ,"Data Type":"VARCHAR2"
           ,"Primary Key":false
          }
        }
      ]
    }
   ,{
      "id":"21951574172152991001"
     ,"Identification":{
        "Title":"Store\u0027s Products"
       ,"Type":"Cards"
      }
     ,"Source":{
        "Location":"Local Database"
       ,"Type":"SQL Query"
       ,"SQL Query":"SELECT p.product_id,\n        p.product_name,\n        p.unit_price,\n        discount,\n        p.category_id,\n        NEW_PRICE (P.PRODUCT_ID) new_price,\n        pi.image\nFROM    product p\n        join (SELECT image_id,\n            product_id,\n            image\n            FROM(SELECT image_id,\n                        product_id,\n                        image,\n                        Row_number()\n                            over (\n                            PARTITION BY product_id\n                            ORDER BY image_id) AS rn\n                FROM   product_images) img\n                WHERE  rn = 1) pi\n        ON p.product_id = pi.product_id\nWHERE  store_id = :P5_STORE_ID;\n"
       ,"Page Items to Submit":[
          "P5_STORE_ID"
        ]
      }
     ,"Layout":{
        "Sequence":130
       ,"Parent Region":"No Parent"
       ,"Position":"BODY"
       ,"Start New Layout":false
       ,"Start New Row":false
       ,"Column":"Automatic"
       ,"New Column":true
       ,"Column Span":"Automatic"
      }
     ,"Appearance":{
        "Template":"Cards Container (19471549395551504237)"
       ,"Template Options":[
          "#DEFAULT#"
         ,"t-CardsRegion--styleB"
        ]
       ,"CSS Classes":[
          "products-container"
        ]
       ,"Render Components":"Above Content"
      }
     ,"Accessibility":{
        "Use Landmark":true
       ,"Landmark Type":"Template Default"
      }
     ,"Advanced":{
        "Region Display Selector":false
       ,"Exclude Title from Translation":false
      }
     ,"Server Cache":{
        "Caching":"Disabled"
      }
     ,"Customization":{
        "Customizable":"Not Customizable By End Users"
      }
     ,"Attributes":{
        "id":"21951574218242991002"
       ,"Appearance":{
          "Layout":"Grid"
         ,"Grid Columns":"3 Columns"
         ,"CSS Classes":[
            "store-products"
          ]
        }
       ,"Card":{
          "CSS Classes":[
            "card"
          ]
         ,"Primary Key Column 1":"PRODUCT_ID"
        }
       ,"Title":{
          "Advanced Formatting":false
         ,"Column":"PRODUCT_NAME"
         ,"CSS Classes":[
            "card-header"
          ]
        }
       ,"Subtitle":{
          "Advanced Formatting":true
         ,"HTML Expression":"{case DISCOUNT\/}\n{when 0\/}\n\u003Cb\u003E\u0026NEW_PRICE. TND\u003C\/b\u003E\n{otherwise\/}\n\u0026DISCOUNT.% \u0026emsp;\n\u003Cb\u003E\u0026NEW_PRICE. TN \u003C\/b\u003E\u0026emsp;\n\u003Cs\u003E \u0026UNIT_PRICE. TN\u003C\/s\u003E\n\n\n{endcase\/}"
        }
       ,"Body":{
          "Advanced Formatting":false
         ,"CSS Classes":[
            "card-details"
          ]
        }
       ,"Secondary Body":{
          "Advanced Formatting":false
        }
       ,"Icon and Badge":{
          "Icon Source":"No Icon"
        }
       ,"Media":{
          "Advanced Formatting":false
         ,"Source":"BLOB Column"
         ,"BLOB Column":"IMAGE"
         ,"Position":"First"
         ,"Appearance":"Square"
         ,"Sizing":"Fit"
         ,"CSS Classes":[
            "card-img"
          ]
        }
       ,"Performance":{
          "Lazy Loading":false
        }
       ,"Pagination":{
          "Type":"Scroll"
         ,"Show Total Count":false
        }
       ,"Messages":{
          "When No Data Found":"Looks Like This Store is empty"
         ,"No Data Found Icon":"fa-database-x"
        }
       ,"Actions":[
          {
            "id":"21951575113325991011"
           ,"Identification":{
              "Type":"Full Card"
            }
           ,"Layout":{
              "Sequence":20
            }
           ,"Link":{
              "Type":"Redirect to Page in this Application"
             ,"Target":{
                "url":"f?p=\u0026APP_ID.:60:\u0026SESSION.::\u0026DEBUG.:29:P60_PRODUCT_ID,P60_PRODUCT_NAME,P60_UNIT_PRICE,P60_STORE_ID,P60_CATEGORY_ID,P60_DISCOUNT,P60_PRODUCT_DESCRIPTION:\u0026PRODUCT_ID.,\u0026PRODUCT_NAME.,\u0026UNIT_PRICE.,\u0026STORE_ID.,\u0026CATEGORY_ID.,\u0026DISCOUNT.,\u0026PRODUCT_DESCRIPTION."
               ,"Page":"60"
               ,"Clear Cache":"29"
               ,"Values":{
                  "P60_PRODUCT_ID":"\u0026PRODUCT_ID."
                 ,"P60_PRODUCT_NAME":"\u0026PRODUCT_NAME."
                 ,"P60_UNIT_PRICE":"\u0026UNIT_PRICE."
                 ,"P60_STORE_ID":"\u0026STORE_ID."
                 ,"P60_CATEGORY_ID":"\u0026CATEGORY_ID."
                 ,"P60_DISCOUNT":"\u0026DISCOUNT."
                 ,"P60_PRODUCT_DESCRIPTION":"\u0026PRODUCT_DESCRIPTION."
                }
              }
            }
           ,"Server-side Condition":{
              "Type":"Function Body"
             ,"Language":"PL\/SQL"
             ,"PL\/SQL Function Body":"DECLARE\n    l_owner_id number;\nBEGIN\n    SELECT customer_id\n    INTO l_owner_id\n    FROM stores\n    WHERE store_id = :P5_STORE_ID;\n\n    RETURN to_number(:USER_ID) = l_owner_id;\nEND;"
             ,"Execute Condition":"For Each Row"
            }
          }
         ,{
            "id":"35681588475377205040"
           ,"Identification":{
              "Type":"Full Card"
            }
           ,"Layout":{
              "Sequence":30
            }
           ,"Link":{
              "Type":"Redirect to Page in this Application"
             ,"Target":{
                "url":"f?p=\u0026APP_ID.:18:\u0026SESSION.::\u0026DEBUG.:18:P18_PRODUCT_ID:\u0026PRODUCT_ID."
               ,"Page":"18"
               ,"Clear Cache":"18"
               ,"Values":{
                  "P18_PRODUCT_ID":"\u0026PRODUCT_ID."
                }
              }
            }
           ,"Server-side Condition":{
              "Type":"Function Body"
             ,"Language":"PL\/SQL"
             ,"PL\/SQL Function Body":"DECLARE\n    l_owner_id number;\nBEGIN\n    SELECT customer_id\n    INTO l_owner_id\n    FROM stores\n    WHERE store_id = :P5_STORE_ID;\n\n    RETURN NOT to_number(:USER_ID) = l_owner_id;\nEND;"
             ,"Execute Condition":"For Each Row"
            }
          }
         ,{
            "id":"45586306412697686943"
           ,"Identification":{
              "Type":"Button"
             ,"Label":"Add TO Whishlist"
            }
           ,"Layout":{
              "Position":"Primary"
             ,"Sequence":40
            }
           ,"Link":{
              "Type":"Redirect to URL"
             ,"Target":"javascript:void(null)"
            }
           ,"Appearance":{
              "Display Type":"Icon"
             ,"Icon":"fa-heart"
             ,"Hot":false
             ,"CSS Classes":[
                "heart"
              ]
            }
           ,"Server-side Condition":{
              "Type":"Function Body"
             ,"Language":"PL\/SQL"
             ,"PL\/SQL Function Body":"DECLARE\n    l_owner_id number;\nBEGIN\n    SELECT customer_id\n    INTO l_owner_id\n    FROM stores\n    WHERE store_id = :P5_STORE_ID;\n\n    RETURN NOT to_number(:USER_ID) = l_owner_id;\nEND;"
             ,"Execute Condition":"For Each Row"
            }
          }
         ,{
            "id":"45586306538958686944"
           ,"Identification":{
              "Type":"Button"
             ,"Label":"Add To Cart"
            }
           ,"Layout":{
              "Position":"Primary"
             ,"Sequence":50
            }
           ,"Link":{
              "Type":"Redirect to URL"
             ,"Target":"javscript:void(null)"
            }
           ,"Appearance":{
              "Display Type":"Text"
             ,"Hot":true
            }
           ,"Server-side Condition":{
              "Type":"Function Body"
             ,"Language":"PL\/SQL"
             ,"PL\/SQL Function Body":"DECLARE\n    l_owner_id number;\nBEGIN\n    SELECT customer_id\n    INTO l_owner_id\n    FROM stores\n    WHERE store_id = :P5_STORE_ID;\n\n    RETURN NOT to_number(:USER_ID) = l_owner_id;\nEND;"
             ,"Execute Condition":"For Each Row"
            }
          }
        ]
      }
    }
   ,{
      "id":"22774973481472912418"
     ,"Identification":{
        "Title":"Page Header"
       ,"Type":"Static Content"
      }
     ,"Layout":{
        "Sequence":100
       ,"Parent Region":"No Parent"
       ,"Position":"BODY"
       ,"Start New Layout":false
       ,"Start New Row":true
       ,"Column":"Automatic"
       ,"New Column":true
       ,"Column Span":"Automatic"
       ,"Column CSS Classes":[
          "store-header-container"
        ]
      }
     ,"Appearance":{
        "Template":"Standard (19471808805460504264)"
       ,"Template Options":[
          "#DEFAULT#"
         ,"t-Region--removeHeader js-removeLandmark"
         ,"t-Region--noUI"
         ,"t-Region--scrollBody"
        ]
       ,"CSS Classes":[
          "page-header-container"
        ]
       ,"Render Components":"Above Content"
      }
     ,"Accessibility":{
        "Use Landmark":true
       ,"Landmark Type":"Template Default"
      }
     ,"Advanced":{
        "Region Display Selector":false
       ,"Exclude Title from Translation":false
      }
     ,"Server Cache":{
        "Caching":"Disabled"
      }
     ,"Customization":{
        "Customizable":"Not Customizable By End Users"
      }
     ,"Attributes":{
        "Settings":{
          "Output As":"HTML"
         ,"Expand Shortcuts":false
        }
      }
    }
   ,{
      "id":"22774975268139912436"
     ,"Identification":{
        "Title":"Filter Products"
       ,"Type":"Faceted Search"
      }
     ,"Source":{
        "Filtered Region":"Store\u0027s Products (21951574172152991001)"
      }
     ,"Layout":{
        "Sequence":120
       ,"Parent Region":"No Parent"
       ,"Position":"BODY"
       ,"Start New Layout":false
       ,"Start New Row":true
       ,"Column":"Automatic"
       ,"New Column":true
       ,"Column Span":"3"
      }
     ,"Appearance":{
        "Template":"Standard (19471808805460504264)"
       ,"Template Options":[
          "#DEFAULT#"
         ,"t-Region--scrollBody"
        ]
       ,"Render Components":"Above Content"
      }
     ,"Accessibility":{
        "Use Landmark":true
       ,"Landmark Type":"Template Default"
      }
     ,"Advanced":{
        "Region Display Selector":false
       ,"Exclude Title from Translation":false
      }
     ,"Server Cache":{
        "Caching":"Disabled"
      }
     ,"Customization":{
        "Customizable":"Not Customizable By End Users"
      }
     ,"Attributes":{
        "Settings":{
          "Batch Facet Changes":false
         ,"Compact Numbers Threshold":10000
         ,"Show Current Facets":"No"
         ,"Show Total Row Count":"No"
         ,"Show Charts":"No"
        }
      }
     ,"Facets":[
        {
          "id":"22774975724019912441"
         ,"Identification":{
            "Name":"P5_SEARCH_PROD"
           ,"Type":"Search"
          }
         ,"Label":{
            "Label":"search"
          }
         ,"Settings":{
            "Search Type":"Row Search"
           ,"Input Field":"Top of Faceted Search Region"
          }
         ,"Layout":{
            "Sequence":10
          }
         ,"Source":{
            "Database Column(s)":"PRODUCT_NAME,PRODUCT_DESCRIPTION,PRODUCT_DETAILS,,IMAGE_FILENAME"
          }
         ,"Security":{
            "Store value encrypted in session state":true
          }
        }
       ,{
          "id":"35681588104105205037"
         ,"Identification":{
            "Name":"P5_FILTER_WITH_PRICE"
           ,"Type":"Range"
          }
         ,"Label":{
            "Label":"Filter With Price"
           ,"Show Label for Current Facet":true
          }
         ,"Settings":{
            "Select Multiple":false
           ,"Manual Entry":false
          }
         ,"Layout":{
            "Sequence":20
          }
         ,"Appearance":{
            "Icon":"fa-dollar"
          }
         ,"List of Values":{
            "Type":"Static Values"
           ,"Static Values":"STATIC:Less Than 10 TDN;|10,From 10 to 50 TDN;20|50,From 50 To 100 TDN;50|100,From 100 To 200 TDN;100|200,From 200 To 300 TDN;200|300,More Than 100 TDN;300|"
          }
         ,"List Entries":{
            "Compute Counts":true
           ,"Show Counts":true
           ,"Zero Count Entries":"Disable"
           ,"Show Selected First":false
           ,"Maximum Displayed Entries":7
           ,"Display Filter Initially":true
          }
         ,"Actions Menu":{
            "Filter":true
           ,"Chart":false
          }
         ,"Advanced":{
            "Display Toggling":false
           ,"Collapsible":false
          }
         ,"Source":{
            "Database Column":"UNIT_PRICE"
           ,"Data Type":"NUMBER"
          }
         ,"Security":{
            "Store value encrypted in session state":true
          }
        }
       ,{
          "id":"35681588244610205038"
         ,"Identification":{
            "Name":"P5_HAS_DISCOUNT"
           ,"Type":"Range"
          }
         ,"Label":{
            "Label":"Filter With Discount"
           ,"Show Label for Current Facet":true
          }
         ,"Settings":{
            "Select Multiple":false
           ,"Manual Entry":false
          }
         ,"Layout":{
            "Sequence":30
          }
         ,"Appearance":{
            "Icon":"fa-fire"
          }
         ,"List of Values":{
            "Type":"Static Values"
           ,"Static Values":"STATIC:More Than 5%;5|,More Than 10%;10|,More Than 25%;25|,More Than 50%;50|,More Than 75%;75|"
          }
         ,"List Entries":{
            "Compute Counts":true
           ,"Show Counts":true
           ,"Zero Count Entries":"Disable"
           ,"Show Selected First":false
           ,"Maximum Displayed Entries":7
           ,"Display Filter Initially":false
          }
         ,"Actions Menu":{
            "Filter":true
           ,"Chart":false
          }
         ,"Advanced":{
            "Display Toggling":false
           ,"Collapsible":false
          }
         ,"Source":{
            "Database Column":"DISCOUNT"
           ,"Data Type":"NUMBER"
          }
         ,"Security":{
            "Store value encrypted in session state":true
          }
        }
       ,{
          "id":"37036232203554922402"
         ,"Identification":{
            "Name":"P5_CATEGORIES"
           ,"Type":"Radio Group"
          }
         ,"Label":{
            "Label":"Available Categories"
           ,"Show Label for Current Facet":true
          }
         ,"Settings":{
            "Hide Radio Buttons":false
          }
         ,"Layout":{
            "Sequence":40
          }
         ,"Appearance":{
            "Icon":"fa-spinner"
          }
         ,"List of Values":{
            "Type":"SQL Query"
           ,"SQL Query":"SELECT DISTINCT \n    c.category_name, c.category_id\nFROM \n    categories c, product p\nWHERE\n    c.category_id = p.category_id\n    AND p.store_id = :P5_STORE_ID;"
           ,"Include Null Option":false
          }
         ,"List Entries":{
            "Compute Counts":true
           ,"Show Counts":true
           ,"Zero Count Entries":"Disable"
           ,"Sort By Top Counts":true
           ,"Show Selected First":false
           ,"Maximum Displayed Entries":7
           ,"Display Filter Initially":false
          }
         ,"Actions Menu":{
            "Filter":true
           ,"Chart":true
          }
         ,"Advanced":{
            "Show Chart Initially":false
           ,"Display Toggling":false
           ,"Collapsible":false
          }
         ,"Source":{
            "Database Column":"CATEGORY_ID"
           ,"Data Type":"NUMBER"
          }
         ,"Multiple Values":{
            "Type":"No"
          }
         ,"Security":{
            "Store value encrypted in session state":true
           ,"Escape special characters":true
          }
        }
      ]
     ,"Filters":[
        {
          "id":"22774975724019912441"
         ,"Identification":{
            "Name":"P5_SEARCH_PROD"
           ,"Type":"Search"
          }
         ,"Label":{
            "Label":"search"
          }
         ,"Settings":{
            "Search Type":"Row Search"
           ,"Collapsed Search Field":false
          }
         ,"Layout":{
            "Sequence":10
          }
         ,"Source":{
            "Database Column(s)":"PRODUCT_NAME,PRODUCT_DESCRIPTION,PRODUCT_DETAILS,,IMAGE_FILENAME"
          }
         ,"Security":{
            "Store value encrypted in session state":true
          }
        }
       ,{
          "id":"35681588104105205037"
         ,"Identification":{
            "Name":"P5_FILTER_WITH_PRICE"
           ,"Type":"Range"
          }
         ,"Label":{
            "Label":"Filter With Price"
          }
         ,"Settings":{
            "Select Multiple":false
           ,"Manual Entry":false
          }
         ,"Layout":{
            "Sequence":20
          }
         ,"Appearance":{
            "Icon":"fa-dollar"
          }
         ,"List of Values":{
            "Type":"Static Values"
           ,"Static Values":"STATIC:Less Than 10 TDN;|10,From 10 to 50 TDN;20|50,From 50 To 100 TDN;50|100,From 100 To 200 TDN;100|200,From 200 To 300 TDN;200|300,More Than 100 TDN;300|"
          }
         ,"List Entries":{
            "Compute Counts":true
           ,"Show Counts":true
           ,"Zero Count Entries":"Disable"
           ,"Show Selected First":false
           ,"Client-Side Filtering":true
          }
         ,"Suggestions":{
            "Type":"None"
          }
         ,"Source":{
            "Database Column":"UNIT_PRICE"
           ,"Data Type":"NUMBER"
          }
         ,"Security":{
            "Store value encrypted in session state":true
          }
        }
       ,{
          "id":"35681588244610205038"
         ,"Identification":{
            "Name":"P5_HAS_DISCOUNT"
           ,"Type":"Range"
          }
         ,"Label":{
            "Label":"Filter With Discount"
          }
         ,"Settings":{
            "Select Multiple":false
           ,"Manual Entry":false
          }
         ,"Layout":{
            "Sequence":30
          }
         ,"Appearance":{
            "Icon":"fa-fire"
          }
         ,"List of Values":{
            "Type":"Static Values"
           ,"Static Values":"STATIC:More Than 5%;5|,More Than 10%;10|,More Than 25%;25|,More Than 50%;50|,More Than 75%;75|"
          }
         ,"List Entries":{
            "Compute Counts":true
           ,"Show Counts":true
           ,"Zero Count Entries":"Disable"
           ,"Show Selected First":false
           ,"Client-Side Filtering":false
          }
         ,"Suggestions":{
            "Type":"None"
          }
         ,"Source":{
            "Database Column":"DISCOUNT"
           ,"Data Type":"NUMBER"
          }
         ,"Security":{
            "Store value encrypted in session state":true
          }
        }
       ,{
          "id":"37036232203554922402"
         ,"Identification":{
            "Name":"P5_CATEGORIES"
           ,"Type":"Radio Group"
          }
         ,"Label":{
            "Label":"Available Categories"
          }
         ,"Layout":{
            "Sequence":40
          }
         ,"Appearance":{
            "Icon":"fa-spinner"
          }
         ,"List of Values":{
            "Type":"SQL Query"
           ,"SQL Query":"SELECT DISTINCT \n    c.category_name, c.category_id\nFROM \n    categories c, product p\nWHERE\n    c.category_id = p.category_id\n    AND p.store_id = :P5_STORE_ID;"
           ,"Include Null Option":false
          }
         ,"List Entries":{
            "Compute Counts":true
           ,"Show Counts":true
           ,"Zero Count Entries":"Disable"
           ,"Sort By Top Counts":true
           ,"Show Selected First":false
           ,"Client-Side Filtering":false
          }
         ,"Suggestions":{
            "Type":"None"
          }
         ,"Source":{
            "Database Column":"CATEGORY_ID"
           ,"Data Type":"NUMBER"
          }
         ,"Multiple Values":{
            "Type":"No"
          }
         ,"Security":{
            "Store value encrypted in session state":true
           ,"Escape special characters":true
          }
        }
      ]
    }
   ,{
      "id":"33975088922486940905"
     ,"Identification":{
        "Title":"Store Details"
       ,"Type":"Dynamic Content"
      }
     ,"Source":{
        "Language":"PL\/SQL"
       ,"PL\/SQL Function Body returning a CLOB":"declare\n    l_store_description varchar2(250);\n    l_email varchar2(100);\n    l_phone varchar2(100);\nbegin\n\n    if :P5_STORE_ID is not null then\n        select \n            store_description,\n            email,\n            phone\n        into \n            l_store_description,\n            l_email,\n            l_phone\n        from \n            stores s, customer c\n        where \n            s.store_id = :P5_STORE_ID\n        and\n            s.customer_id = c.customer_id;\n        \n        return \n            \u0027\u003Cb\u003E Description : \u003C\/b\u003E \u0027 || l_store_description || \u0027\u003Cbr\u003E\u0027 ||\n            \u0027\u003Cb\u003E Phone Number : \u003C\/b\u003E\u0027 || l_phone || \u0027 \u003Cbr\u003E\u0027 ||\n            \u0027\u003Cb\u003E Email : \u003C\/b\u003E\u0027 || l_email ||\u0027 \u003Cbr\u003E\u0027;\n    end if;\nend;\n"
       ,"Page Items to Submit":[
          "P5_STORE_ID"
        ]
      }
     ,"Layout":{
        "Sequence":20
       ,"Parent Region":"Page Header (22774973481472912418)"
       ,"Position":"SUB_REGIONS"
       ,"Start New Layout":false
       ,"Start New Row":true
       ,"Column":"4"
       ,"New Column":true
       ,"Column Span":"6"
      }
     ,"Appearance":{
        "Template":"Standard (19471808805460504264)"
       ,"Template Options":[
          "#DEFAULT#"
         ,"t-Region--hiddenOverflow"
        ]
       ,"CSS Classes":[
          "store-description"
        ]
       ,"Render Components":"Above Content"
      }
     ,"Accessibility":{
        "Use Landmark":true
       ,"Landmark Type":"Template Default"
      }
     ,"Advanced":{
        "Region Display Selector":false
       ,"Exclude Title from Translation":false
      }
     ,"Server Cache":{
        "Caching":"Disabled"
      }
     ,"Customization":{
        "Customizable":"Not Customizable By End Users"
      }
     ,"Attributes":{
        "Performance":{
          "Lazy Loading":false
        }
      }
    }
   ,{
      "id":"45586306184612686940"
     ,"Identification":{
        "Title":"Store Name"
       ,"Type":"Dynamic Content"
      }
     ,"Source":{
        "Language":"PL\/SQL"
       ,"PL\/SQL Function Body returning a CLOB":"DECLARE \n    l_store_name stores.store_name%TYPE;\nBEGIN\n    SELECT\n        s.store_name\n    INTO\n        l_store_name\n    FROM\n        stores s\n    WHERE\n        s.store_id = :P5_STORE_ID;\n\n     \n    RETURN \n        \u0027\u003Ch3 class=\"store-name\"\u003E \u0027|| l_store_name || \u0027\u003C\/h3\u003E\u0027;\nEND;"
      }
     ,"Layout":{
        "Sequence":10
       ,"Parent Region":"Page Header (22774973481472912418)"
       ,"Position":"SUB_REGIONS"
       ,"Start New Layout":false
       ,"Start New Row":true
       ,"Column":"Automatic"
       ,"New Column":true
       ,"Column Span":"Automatic"
      }
     ,"Appearance":{
        "Template":"Standard (19471808805460504264)"
       ,"Template Options":[
          "#DEFAULT#"
         ,"t-Region--noPadding"
         ,"t-Region--removeHeader js-removeLandmark"
         ,"t-Region--textContent"
         ,"t-Region--scrollBody"
         ,"t-Form--stretchInputs"
         ,"margin-top-none"
         ,"margin-bottom-none"
        ]
       ,"Render Components":"Above Content"
      }
     ,"Accessibility":{
        "Use Landmark":true
       ,"Landmark Type":"Template Default"
      }
     ,"Advanced":{
        "Region Display Selector":false
       ,"Exclude Title from Translation":false
      }
     ,"Server Cache":{
        "Caching":"Disabled"
      }
     ,"Customization":{
        "Customizable":"Not Customizable By End Users"
      }
     ,"Attributes":{
        "Performance":{
          "Lazy Loading":false
        }
      }
    }
  ]
 ,"Page Items":[
    {
      "id":"21365795058701797112"
     ,"Identification":{
        "Name":"P5_STORE_ID"
       ,"Type":"Hidden"
      }
     ,"Settings":{
        "Value Protected":false
      }
     ,"Layout":{
        "Sequence":10
       ,"Region":"No Parent"
       ,"Position":"BODY"
      }
     ,"Advanced":{
        "Warn on Unsaved Changes":"Page Default"
      }
     ,"Source":{
        "Type":"Null"
       ,"Used":"Only when current value in session state is null"
      }
     ,"Session State":{
        "Data Type":"VARCHAR2"
       ,"Storage":"Per Session (Persistent)"
      }
     ,"Security":{
        "Session State Protection":"Unrestricted"
       ,"Store value encrypted in session state":true
       ,"Restricted Characters":"All characters can be saved."
      }
    }
   ,{
      "id":"21365795245197797114"
     ,"Identification":{
        "Name":"P5_STORE_NAME"
       ,"Type":"Hidden"
      }
     ,"Settings":{
        "Value Protected":true
      }
     ,"Layout":{
        "Sequence":20
       ,"Region":"No Parent"
       ,"Position":"BODY"
      }
     ,"Advanced":{
        "Warn on Unsaved Changes":"Ignore"
      }
     ,"Source":{
        "Type":"Null"
       ,"Used":"Only when current value in session state is null"
      }
     ,"Session State":{
        "Data Type":"VARCHAR2"
       ,"Storage":"Per Session (Persistent)"
      }
     ,"Security":{
        "Session State Protection":"Unrestricted"
       ,"Store value encrypted in session state":true
       ,"Restricted Characters":"All characters can be saved."
      }
    }
   ,{
      "id":"21951576115934991021"
     ,"Identification":{
        "Name":"P5_STORE_LOGO"
       ,"Type":"Hidden"
      }
     ,"Settings":{
        "Value Protected":false
      }
     ,"Layout":{
        "Sequence":40
       ,"Region":"No Parent"
       ,"Position":"BODY"
      }
     ,"Advanced":{
        "Warn on Unsaved Changes":"Page Default"
      }
     ,"Source":{
        "Type":"Item"
       ,"Item":"P5_STORE_LOGO"
       ,"Used":"Always, replacing any existing value in session state"
      }
     ,"Session State":{
        "Data Type":"VARCHAR2"
       ,"Storage":"Per Session (Persistent)"
      }
     ,"Security":{
        "Session State Protection":"Unrestricted"
       ,"Store value encrypted in session state":true
       ,"Restricted Characters":"All characters can be saved."
      }
    }
   ,{
      "id":"42153515856346704826"
     ,"Identification":{
        "Name":"P5_STORE_OWNER_ID"
       ,"Type":"Hidden"
      }
     ,"Settings":{
        "Value Protected":true
      }
     ,"Layout":{
        "Sequence":80
       ,"Region":"No Parent"
       ,"Position":"BODY"
      }
     ,"Advanced":{
        "Warn on Unsaved Changes":"Page Default"
      }
     ,"Source":{
        "Type":"Null"
       ,"Used":"Only when current value in session state is null"
      }
     ,"Session State":{
        "Data Type":"VARCHAR2"
       ,"Storage":"Per Session (Persistent)"
      }
     ,"Security":{
        "Session State Protection":"Unrestricted"
       ,"Store value encrypted in session state":true
       ,"Restricted Characters":"All characters can be saved."
      }
    }
  ]
 ,"Buttons":[
    {
      "id":"21951578956363991049"
     ,"Identification":{
        "Button Name":"EDIT_STORE"
       ,"Label":"Edit Store"
      }
     ,"Layout":{
        "Sequence":10
       ,"Region":"Button Container (21365795184513797113)"
       ,"Position":"PREVIOUS"
       ,"Start New Layout":false
       ,"Start New Row":true
       ,"Column":"Automatic"
       ,"New Column":true
       ,"Column Span":"Automatic"
      }
     ,"Appearance":{
        "Button Template":"Text with Icon (19471882117602504304)"
       ,"Hot":false
       ,"Template Options":[
          "#DEFAULT#"
         ,"t-Button--success"
         ,"t-Button--iconLeft"
        ]
       ,"Icon":"fa-pencil"
      }
     ,"Behavior":{
        "Action":"Redirect to Page in this Application"
       ,"Target":{
          "url":"f?p=\u0026APP_ID.:30:\u0026SESSION.::\u0026DEBUG.:30:P30_STORE_NAME,P30_STORE_ID,P30_LOGO:\u0026P5_STORE_NAME.,\u0026P5_STORE_ID.,\u0026P5_STORE_LOGO."
         ,"Page":"30"
         ,"Clear Cache":"30"
         ,"Values":{
            "P30_STORE_NAME":"\u0026P5_STORE_NAME."
           ,"P30_STORE_ID":"\u0026P5_STORE_ID."
           ,"P30_LOGO":"\u0026P5_STORE_LOGO."
          }
        }
       ,"Warn on Unsaved Changes":"Do Not Check"
      }
     ,"Server-side Condition":{
        "Type":"Function Body"
       ,"Language":"PL\/SQL"
       ,"PL\/SQL Function Body":"DECLARE\n    l_owner_id number;\nBEGIN\n    SELECT customer_id\n    INTO l_owner_id\n    FROM stores\n    WHERE store_id = :P5_STORE_ID;\n\n    RETURN to_number(:USER_ID) = l_owner_id;\nEND;"
      }
    }
   ,{
      "id":"21951579030477991050"
     ,"Identification":{
        "Button Name":"ADD_PRODUCT"
       ,"Label":"Add Product"
      }
     ,"Layout":{
        "Sequence":10
       ,"Region":"Button Container (21365795184513797113)"
       ,"Position":"NEXT"
       ,"Start New Layout":false
       ,"Start New Row":true
       ,"Column":"Automatic"
       ,"New Column":true
       ,"Column Span":"Automatic"
      }
     ,"Appearance":{
        "Button Template":"Text with Icon (19471882117602504304)"
       ,"Hot":true
       ,"Template Options":[
          "#DEFAULT#"
         ,"t-Button--iconLeft"
        ]
       ,"Icon":"fa-plus-square"
      }
     ,"Behavior":{
        "Action":"Redirect to Page in this Application"
       ,"Target":{
          "url":"f?p=\u0026APP_ID.:40:\u0026SESSION.::\u0026DEBUG.:40:P40_STORE_ID:\u0026P5_STORE_ID."
         ,"Page":"40"
         ,"Clear Cache":"40"
         ,"Values":{
            "P40_STORE_ID":"\u0026P5_STORE_ID."
          }
        }
       ,"Warn on Unsaved Changes":"Do Not Check"
      }
     ,"Server-side Condition":{
        "Type":"Function Body"
       ,"Language":"PL\/SQL"
       ,"PL\/SQL Function Body":"DECLARE\n    l_owner_id number;\nBEGIN\n    SELECT customer_id\n    INTO l_owner_id\n    FROM stores\n    WHERE store_id = :P5_STORE_ID;\n\n    RETURN to_number(:USER_ID) = l_owner_id;\nEND;"
      }
    }
   ,{
      "id":"42153515729179704825"
     ,"Identification":{
        "Button Name":"Message_Owner"
       ,"Label":"Message Store Owner"
      }
     ,"Layout":{
        "Sequence":10
       ,"Region":"Button Container (21365795184513797113)"
       ,"Position":"CREATE"
       ,"Start New Layout":false
       ,"Start New Row":true
       ,"Column":"Automatic"
       ,"New Column":true
       ,"Column Span":"Automatic"
      }
     ,"Appearance":{
        "Button Template":"Text with Icon (19471882117602504304)"
       ,"Hot":true
       ,"Template Options":[
          "#DEFAULT#"
         ,"t-Button--success"
         ,"t-Button--iconRight"
         ,"t-Button--hoverIconPush"
        ]
       ,"Icon":"fa-send"
      }
     ,"Behavior":{
        "Action":"Redirect to Page in this Application"
       ,"Target":{
          "url":"f?p=\u0026APP_ID.:80:\u0026SESSION.::\u0026DEBUG.:80:P80_PARTICIPANT_1_ID,P80_PARTICIPANT_2_ID:\u0026USER_ID.,\u0026P5_STORE_OWNER_ID."
         ,"Page":"80"
         ,"Clear Cache":"80"
         ,"Values":{
            "P80_PARTICIPANT_1_ID":"\u0026USER_ID."
           ,"P80_PARTICIPANT_2_ID":"\u0026P5_STORE_OWNER_ID."
          }
        }
       ,"Warn on Unsaved Changes":"Do Not Check"
      }
     ,"Server-side Condition":{
        "Type":"Function Body"
       ,"Language":"PL\/SQL"
       ,"PL\/SQL Function Body":"DECLARE\n    l_owner_id number;\nBEGIN\n    SELECT customer_id\n    INTO l_owner_id\n    FROM stores\n    WHERE store_id = :P5_STORE_ID;\n\n    RETURN NOT to_number(:USER_ID) = l_owner_id;\nEND;"
      }
    }
  ]
 ,"Dynamic Actions":[
    {
      "id":"21951575314174991013"
     ,"Identification":{
        "Name":"Refresh Products After Update\/ Deletion"
      }
     ,"Execution":{
        "Sequence":10
      }
     ,"When":{
        "Event":"EVENT.EVENT.FAMEWORK.APEXAFTERCLOSECANCELDIALOG"
       ,"Selection Type":"Region"
       ,"Region":"Store\u0027s Products (21951574172152991001)"
      }
     ,"Execution":{
        "Event Scope":"Static"
       ,"Type":"Immediate"
      }
     ,"Actions":[
        {
          "id":"21951575459005991014"
         ,"Identification":{
            "Action":"Refresh"
          }
         ,"Affected Elements":{
            "Selection Type":"Region"
           ,"Region":"Store\u0027s Products (21951574172152991001)"
          }
         ,"Execution":{
            "Sequence":10
           ,"Event":"Refresh Products After Update\/ Deletion (21951575314174991013)"
           ,"Fire When Event Result Is":"True"
           ,"Fire on Initialization":false
          }
        }
      ]
    }
   ,{
      "id":"22774973656729912420"
     ,"Identification":{
        "Name":"Refresh Avatar"
      }
     ,"Execution":{
        "Sequence":20
      }
     ,"When":{
        "Event":"EVENT.EVENT.FAMEWORK.APEXAFTERCLOSECANCELDIALOG"
       ,"Selection Type":"Region"
       ,"Region":"Button Container (21365795184513797113)"
      }
     ,"Execution":{
        "Event Scope":"Static"
       ,"Type":"Immediate"
      }
     ,"Actions":[
        {
          "id":"22774973718013912421"
         ,"Identification":{
            "Action":"Refresh"
          }
         ,"Affected Elements":{
            "Selection Type":"Region"
           ,"Region":"Store Logo (21365797738482797139)"
          }
         ,"Execution":{
            "Sequence":10
           ,"Event":"Refresh Avatar (22774973656729912420)"
           ,"Fire When Event Result Is":"True"
           ,"Fire on Initialization":false
          }
        }
      ]
    }
   ,{
      "id":"22774973990295912423"
     ,"Identification":{
        "Name":"Refresh Products After Creation"
      }
     ,"Execution":{
        "Sequence":30
      }
     ,"When":{
        "Event":"EVENT.EVENT.FAMEWORK.APEXAFTERCLOSECANCELDIALOG"
       ,"Selection Type":"Region"
       ,"Region":"Button Container (21365795184513797113)"
      }
     ,"Execution":{
        "Event Scope":"Static"
       ,"Type":"Immediate"
      }
     ,"Actions":[
        {
          "id":"22774974052477912424"
         ,"Identification":{
            "Action":"Refresh"
          }
         ,"Affected Elements":{
            "Selection Type":"Region"
           ,"Region":"Store\u0027s Products (21951574172152991001)"
          }
         ,"Execution":{
            "Sequence":10
           ,"Event":"Refresh Products After Creation (22774973990295912423)"
           ,"Fire When Event Result Is":"True"
           ,"Fire on Initialization":false
          }
        }
      ]
    }
   ,{
      "id":"22774974156208912425"
     ,"Identification":{
        "Name":"Refresh Product Header"
      }
     ,"Execution":{
        "Sequence":40
      }
     ,"When":{
        "Event":"EVENT.EVENT.FAMEWORK.APEXAFTERCLOSECANCELDIALOG"
       ,"Selection Type":"Region"
       ,"Region":"Button Container (21365795184513797113)"
      }
     ,"Execution":{
        "Event Scope":"Static"
       ,"Type":"Immediate"
      }
     ,"Actions":[
        {
          "id":"22774974255925912426"
         ,"Identification":{
            "Action":"Execute Server-side Code"
          }
         ,"Settings":{
            "Language":"PE.PROPERTY.SOURCE_SNIPPET_LANG.LOV.PLSQL.D"
           ,"PL\/SQL Code":"SELECT store_name\nINTO :P5_STORE_NAME \nFROM stores\nWHERE store_id = :P5_STORE_ID;"
           ,"Items to Submit":[
              "P5_STORE_ID"
            ]
           ,"Items to Return":[
              "P5_STORE_NAME"
            ]
           ,"Suppress Change Event":false
          }
         ,"Execution":{
            "Sequence":10
           ,"Event":"Refresh Product Header (22774974156208912425)"
           ,"Fire When Event Result Is":"True"
           ,"Fire on Initialization":false
           ,"Stop Execution On Error":true
           ,"Wait For Result":true
          }
        }
       ,{
          "id":"22774974339226912427"
         ,"Identification":{
            "Action":"Execute JavaScript Code"
          }
         ,"Settings":{
            "Code":"document.getElementsByClassName(\"store-name\")[0].innerHTML = \u0060\u003Ch3 class=\"store-name\"\u003E${$v(\u0027P5_STORE_NAME\u0027)}\u003C\/h3\u003E\u0060;\n\n"
          }
         ,"Affected Elements":{
            "Selection Type":"Region"
           ,"Region":"Page Header (22774973481472912418)"
          }
         ,"Execution":{
            "Sequence":20
           ,"Event":"Refresh Product Header (22774974156208912425)"
           ,"Fire When Event Result Is":"True"
           ,"Fire on Initialization":false
          }
        }
      ]
    }
   ,{
      "id":"42879125351424839732"
     ,"Identification":{
        "Name":"Track Store Visites"
      }
     ,"Execution":{
        "Sequence":60
      }
     ,"When":{
        "Event":"EVENT.EVENT.BROWSER.READY"
      }
     ,"Execution":{
        "Event Scope":"Static"
      }
     ,"Actions":[
        {
          "id":"42879125400885839733"
         ,"Identification":{
            "Action":"Execute Server-side Code"
          }
         ,"Settings":{
            "Language":"PE.PROPERTY.SOURCE_SNIPPET_LANG.LOV.PLSQL.D"
           ,"PL\/SQL Code":"declare\n\nbegin\n\n    INSERT INTO customer_store_visites (customer_store_visites_id, customer_id, store_id, visit_date, is_new)\n    VALUES (customer_store_visites_id_seq.nextval, to_number(:USER_ID), :P5_STORE_ID, SYSDATE, \u0027Yes\u0027);\n\nend;"
          }
         ,"Execution":{
            "Sequence":10
           ,"Event":"Track Store Visites (42879125351424839732)"
           ,"Fire When Event Result Is":"True"
           ,"Fire on Initialization":false
           ,"Stop Execution On Error":true
           ,"Wait For Result":true
          }
         ,"Server-side Condition":{
            "Type":"Expression"
           ,"Language":"PL\/SQL"
           ,"PL\/SQL Expression":"to_number(:USER_ID) != :P5_STORE_OWNER_ID"
          }
        }
      ]
    }
  ]
}
