{
  "id":"20"
 ,"Identification":{
    "Name":"Replace Order Item"
   ,"Alias":"REPLACE-ORDER-ITEM"
   ,"Title":"Replace Order Item"
  }
 ,"Appearance":{
    "Page Mode":"Modal Dialog"
   ,"Dialog Template":"Theme Default"
   ,"Template Options":[
      "#DEFAULT#"
    ]
  }
 ,"Dialog":{
    "Width":"1200"
   ,"Chained":true
  }
 ,"Navigation Menu":{
    "Override User Interface Level":false
  }
 ,"Navigation":{
    "Cursor Focus":"Do not focus cursor"
   ,"Warn on Unsaved Changes":true
  }
 ,"CSS":{
    "File URLs":[
      "#APP_FILES#Styling\/main_style#MIN#.css"
    ]
  }
 ,"Security":{
    "Authentication":"Page Requires Authentication"
   ,"Deep Linking":"Application Default"
   ,"Page Access Protection":"Arguments Must Have Checksum"
   ,"Form Auto Complete":"Off"
   ,"Browser Cache":"Application Default"
  }
 ,"Session Management":{
    "Rejoin Sessions":"Application Default"
  }
 ,"Advanced":{
    "Enable duplicate page submissions":"Yes - Enable page to be re-posted"
   ,"Reload on Submit":"Only for Success"
  }
 ,"Server Cache":{
    "Caching":"Disabled"
  }
 ,"Regions":[
    {
      "id":"50516535059781306445"
     ,"Identification":{
        "Title":"Similiar Products To \u0026P20_CANCELLED_PRODUCT_NAME."
       ,"Type":"Static Content"
      }
     ,"Layout":{
        "Sequence":10
       ,"Parent Region":"No Parent"
       ,"Position":"REGION_POSITION_01"
       ,"Start New Layout":false
       ,"Start New Row":true
       ,"Column":"Automatic"
       ,"New Column":true
       ,"Column Span":"Automatic"
      }
     ,"Appearance":{
        "Template":"Standard (19471808805460504264)"
       ,"Template Options":[
          "#DEFAULT#"
         ,"t-Region--noPadding"
         ,"t-Region--textContent"
         ,"t-Region--scrollBody"
         ,"margin-top-lg"
         ,"margin-bottom-lg"
         ,"margin-left-lg"
         ,"margin-right-lg"
        ]
       ,"Render Components":"Above Content"
      }
     ,"Accessibility":{
        "Use Landmark":true
       ,"Landmark Type":"Template Default"
      }
     ,"Advanced":{
        "Region Display Selector":false
       ,"Exclude Title from Translation":false
      }
     ,"Server Cache":{
        "Caching":"Disabled"
      }
     ,"Customization":{
        "Customizable":"Not Customizable By End Users"
      }
     ,"Attributes":{
        "Settings":{
          "Output As":"HTML"
         ,"Expand Shortcuts":false
        }
      }
    }
   ,{
      "id":"52184847097494530102"
     ,"Identification":{
        "Title":"Simliar Products"
       ,"Type":"Cards"
      }
     ,"Source":{
        "Location":"Local Database"
       ,"Type":"SQL Query"
       ,"SQL Query":"SELECT p.product_id,\n       p.product_name,\n       p.unit_price,\n       p.discount,\n       p.category_id,\n       NEW_PRICE(p.product_id) AS new_price,\n       pi.image\nFROM product p\nJOIN (\n    SELECT image_id,\n           product_id,\n           image\n    FROM (\n        SELECT image_id,\n               product_id,\n               image,\n               ROW_NUMBER() OVER (PARTITION BY product_id ORDER BY image_id) AS rn\n        FROM product_images\n    ) img\n    WHERE rn = 1\n) pi ON p.product_id = pi.product_id\nJOIN variant_stock vs ON p.product_id = vs.product_id\nWHERE NOT p.product_id = :P20_CANCELLED_PRODUCT_ID\nAND p.category_id = :P20_CANCELLED_PRODUCT_CATEGORY\nAND UPPER(vs.variant_1) LIKE \u0027%\u0027 || UPPER(:P20_CANCELLED_PRODUCT_VARIANT_1) || \u0027%\u0027;\n"
       ,"Page Items to Submit":[
          "P20_CANCELLED_PRODUCT_CATEGORY"
         ,"P20_CANCELLED_PRODUCT_ID"
         ,"P20_CANCELLED_PRODUCT_VARIANT_1"
        ]
      }
     ,"Layout":{
        "Sequence":110
       ,"Parent Region":"No Parent"
       ,"Position":"BODY"
       ,"Start New Layout":false
       ,"Start New Row":true
       ,"Column":"Automatic"
       ,"New Column":true
       ,"Column Span":"Automatic"
      }
     ,"Appearance":{
        "Template":"Cards Container (19471549395551504237)"
       ,"Template Options":[
          "#DEFAULT#"
         ,"t-CardsRegion--styleB"
        ]
       ,"Render Components":"Above Content"
      }
     ,"Accessibility":{
        "Use Landmark":true
       ,"Landmark Type":"Template Default"
      }
     ,"Advanced":{
        "Region Display Selector":false
       ,"Exclude Title from Translation":false
      }
     ,"Server Cache":{
        "Caching":"Disabled"
      }
     ,"Customization":{
        "Customizable":"Not Customizable By End Users"
      }
     ,"Attributes":{
        "id":"52184847167636530103"
       ,"Appearance":{
          "Layout":"Grid"
         ,"Grid Columns":"Auto"
        }
       ,"Card":{
          "CSS Classes":[
            "card"
          ]
         ,"Primary Key Column 1":"PRODUCT_ID"
        }
       ,"Title":{
          "Advanced Formatting":false
         ,"Column":"PRODUCT_NAME"
        }
       ,"Subtitle":{
          "Advanced Formatting":true
         ,"HTML Expression":"{case DISCOUNT\/}\n{when 0\/}\n\u003Cb\u003E\u0026NEW_PRICE. TN\u003C\/b\u003E\n{otherwise\/}\n\u0026DISCOUNT.% \u0026emsp;\n\u003Cb\u003E\u0026NEW_PRICE. TN \u003C\/b\u003E\u0026emsp;\n\u003Cs\u003E \u0026UNIT_PRICE. TN\u003C\/s\u003E\n\n\n{endcase\/}"
        }
       ,"Body":{
          "Advanced Formatting":false
        }
       ,"Secondary Body":{
          "Advanced Formatting":false
        }
       ,"Icon and Badge":{
          "Icon Source":"No Icon"
        }
       ,"Media":{
          "Advanced Formatting":false
         ,"Source":"BLOB Column"
         ,"BLOB Column":"IMAGE"
         ,"Position":"First"
         ,"Appearance":"Square"
         ,"Sizing":"Fit"
        }
       ,"Performance":{
          "Lazy Loading":false
        }
       ,"Pagination":{
          "Type":"Scroll"
         ,"Show Total Count":false
        }
       ,"Actions":[
          {
            "id":"52184848528210530117"
           ,"Identification":{
              "Type":"Button"
             ,"Label":"Add To Order"
            }
           ,"Layout":{
              "Position":"Primary"
             ,"Sequence":10
            }
           ,"Link":{
              "Type":"Redirect to Page in this Application"
             ,"Target":{
                "url":"f?p=\u0026APP_ID.:12:\u0026SESSION.::\u0026DEBUG.:12:P12_PRODUCT_ID,P12_CATEGORY_ID,P12_IS_REPLACEMENT,P12_ORDER_ID,P12_CANCELLED_PROD_ID:\u0026PRODUCT_ID.,\u0026CATEGORY_ID.,1,\u0026P20_ORDER_ID.,\u0026P20_CANCELLED_PRODUCT_ID."
               ,"Page":"12"
               ,"Clear Cache":"12"
               ,"Values":{
                  "P12_PRODUCT_ID":"\u0026PRODUCT_ID."
                 ,"P12_CATEGORY_ID":"\u0026CATEGORY_ID."
                 ,"P12_IS_REPLACEMENT":"1"
                 ,"P12_ORDER_ID":"\u0026P20_ORDER_ID."
                 ,"P12_CANCELLED_PROD_ID":"\u0026P20_CANCELLED_PRODUCT_ID."
                }
              }
            }
           ,"Appearance":{
              "Display Type":"Text"
             ,"Hot":true
            }
          }
        ]
      }
    }
  ]
 ,"Page Items":[
    {
      "id":"50516535110139306446"
     ,"Identification":{
        "Name":"P20_CANCELLED_PRODUCT_ID"
       ,"Type":"Hidden"
      }
     ,"Settings":{
        "Value Protected":false
      }
     ,"Layout":{
        "Sequence":30
       ,"Region":"No Parent"
       ,"Position":"BODY"
      }
     ,"Advanced":{
        "Warn on Unsaved Changes":"Page Default"
      }
     ,"Source":{
        "Type":"Null"
       ,"Used":"Only when current value in session state is null"
      }
     ,"Session State":{
        "Data Type":"VARCHAR2"
       ,"Storage":"Per Session (Persistent)"
      }
     ,"Security":{
        "Session State Protection":"Unrestricted"
       ,"Store value encrypted in session state":true
       ,"Restricted Characters":"All characters can be saved."
      }
    }
   ,{
      "id":"50516535485464306449"
     ,"Identification":{
        "Name":"P20_CANCELLED_PRODUCT_NAME"
       ,"Type":"Hidden"
      }
     ,"Settings":{
        "Value Protected":false
      }
     ,"Layout":{
        "Sequence":50
       ,"Region":"No Parent"
       ,"Position":"BODY"
      }
     ,"Advanced":{
        "Warn on Unsaved Changes":"Page Default"
      }
     ,"Source":{
        "Type":"Null"
       ,"Used":"Only when current value in session state is null"
      }
     ,"Session State":{
        "Data Type":"VARCHAR2"
       ,"Storage":"Per Session (Persistent)"
      }
     ,"Security":{
        "Session State Protection":"Unrestricted"
       ,"Store value encrypted in session state":true
       ,"Restricted Characters":"All characters can be saved."
      }
    }
   ,{
      "id":"52184847512901530107"
     ,"Identification":{
        "Name":"P20_CANCELLED_PRODUCT_CATEGORY"
       ,"Type":"Hidden"
      }
     ,"Settings":{
        "Value Protected":false
      }
     ,"Layout":{
        "Sequence":70
       ,"Region":"No Parent"
       ,"Position":"BODY"
      }
     ,"Advanced":{
        "Warn on Unsaved Changes":"Page Default"
      }
     ,"Source":{
        "Type":"Null"
       ,"Used":"Only when current value in session state is null"
      }
     ,"Session State":{
        "Data Type":"VARCHAR2"
       ,"Storage":"Per Session (Persistent)"
      }
     ,"Security":{
        "Session State Protection":"Unrestricted"
       ,"Store value encrypted in session state":true
       ,"Restricted Characters":"All characters can be saved."
      }
    }
   ,{
      "id":"52184847684106530108"
     ,"Identification":{
        "Name":"P20_CANCELLED_PRODUCT_VARIANT_1"
       ,"Type":"Hidden"
      }
     ,"Settings":{
        "Value Protected":false
      }
     ,"Layout":{
        "Sequence":80
       ,"Region":"No Parent"
       ,"Position":"BODY"
      }
     ,"Advanced":{
        "Warn on Unsaved Changes":"Page Default"
      }
     ,"Source":{
        "Type":"Null"
       ,"Used":"Only when current value in session state is null"
      }
     ,"Session State":{
        "Data Type":"VARCHAR2"
       ,"Storage":"Per Session (Persistent)"
      }
     ,"Security":{
        "Session State Protection":"Unrestricted"
       ,"Store value encrypted in session state":true
       ,"Restricted Characters":"All characters can be saved."
      }
    }
   ,{
      "id":"52184847703049530109"
     ,"Identification":{
        "Name":"P20_CANCELLED_PRODUCT_VARIANT_2"
       ,"Type":"Hidden"
      }
     ,"Settings":{
        "Value Protected":false
      }
     ,"Layout":{
        "Sequence":90
       ,"Region":"No Parent"
       ,"Position":"BODY"
      }
     ,"Advanced":{
        "Warn on Unsaved Changes":"Page Default"
      }
     ,"Source":{
        "Type":"Null"
       ,"Used":"Only when current value in session state is null"
      }
     ,"Session State":{
        "Data Type":"VARCHAR2"
       ,"Storage":"Per Session (Persistent)"
      }
     ,"Security":{
        "Session State Protection":"Unrestricted"
       ,"Store value encrypted in session state":true
       ,"Restricted Characters":"All characters can be saved."
      }
    }
   ,{
      "id":"52184847805025530110"
     ,"Identification":{
        "Name":"P20_CANCELLED_PRODUCT_VARIANT_3"
       ,"Type":"Hidden"
      }
     ,"Settings":{
        "Value Protected":false
      }
     ,"Layout":{
        "Sequence":100
       ,"Region":"No Parent"
       ,"Position":"BODY"
      }
     ,"Advanced":{
        "Warn on Unsaved Changes":"Page Default"
      }
     ,"Source":{
        "Type":"Null"
       ,"Used":"Only when current value in session state is null"
      }
     ,"Session State":{
        "Data Type":"VARCHAR2"
       ,"Storage":"Per Session (Persistent)"
      }
     ,"Security":{
        "Session State Protection":"Unrestricted"
       ,"Store value encrypted in session state":true
       ,"Restricted Characters":"All characters can be saved."
      }
    }
   ,{
      "id":"52184848038964530112"
     ,"Identification":{
        "Name":"P20_CANCELLED_PRODUCT_STOCK"
       ,"Type":"Hidden"
      }
     ,"Settings":{
        "Value Protected":true
      }
     ,"Layout":{
        "Sequence":60
       ,"Region":"No Parent"
       ,"Position":"BODY"
      }
     ,"Advanced":{
        "Warn on Unsaved Changes":"Page Default"
      }
     ,"Source":{
        "Type":"Null"
       ,"Used":"Only when current value in session state is null"
      }
     ,"Session State":{
        "Data Type":"VARCHAR2"
       ,"Storage":"Per Session (Persistent)"
      }
     ,"Security":{
        "Session State Protection":"Unrestricted"
       ,"Store value encrypted in session state":true
       ,"Restricted Characters":"All characters can be saved."
      }
    }
   ,{
      "id":"52184848935744530121"
     ,"Identification":{
        "Name":"P20_ORDER_ID"
       ,"Type":"Hidden"
      }
     ,"Settings":{
        "Value Protected":false
      }
     ,"Layout":{
        "Sequence":20
       ,"Region":"No Parent"
       ,"Position":"BODY"
      }
     ,"Advanced":{
        "Warn on Unsaved Changes":"Page Default"
      }
     ,"Source":{
        "Type":"Null"
       ,"Used":"Only when current value in session state is null"
      }
     ,"Session State":{
        "Data Type":"VARCHAR2"
       ,"Storage":"Per Session (Persistent)"
      }
     ,"Security":{
        "Session State Protection":"Unrestricted"
       ,"Store value encrypted in session state":true
       ,"Restricted Characters":"All characters can be saved."
      }
    }
  ]
 ,"Dynamic Actions":[
    {
      "id":"52184847299577530104"
     ,"Identification":{
        "Name":"Getting Product characteristics"
      }
     ,"Execution":{
        "Sequence":10
      }
     ,"When":{
        "Event":"EVENT.EVENT.BROWSER.READY"
      }
     ,"Execution":{
        "Event Scope":"Static"
      }
     ,"Actions":[
        {
          "id":"52184847389740530105"
         ,"Identification":{
            "Action":"Execute Server-side Code"
          }
         ,"Settings":{
            "Language":"PE.PROPERTY.SOURCE_SNIPPET_LANG.LOV.PLSQL.D"
           ,"PL\/SQL Code":"SELECT \n    p.category_id,\n    vs.variant_1,\n    vs.variant_2,\n    vs.variant_3\nINTO\n    :P20_CANCELLED_PRODUCT_CATEGORY,\n    :P20_CANCELLED_PRODUCT_VARIANT_1,\n    :P20_CANCELLED_PRODUCT_VARIANT_2,\n    :P20_CANCELLED_PRODUCT_VARIANT_3\nFROM\n    product p\nINNER JOIN variant_stock vs ON p.product_id = vs.product_id \nWHERE \n    stock_id = :P20_CANCELLED_PRODUCT_STOCK;"
           ,"Items to Submit":[
              "P20_CANCELLED_PRODUCT_STOCK"
            ]
           ,"Items to Return":[
              "P20_CANCELLED_PRODUCT_VARIANT_1"
             ,"P20_CANCELLED_PRODUCT_VARIANT_2"
             ,"P20_CANCELLED_PRODUCT_VARIANT_3"
             ,"P20_CANCELLED_PRODUCT_CATEGORY"
            ]
           ,"Suppress Change Event":false
          }
         ,"Execution":{
            "Sequence":20
           ,"Event":"Getting Product characteristics (52184847299577530104)"
           ,"Fire When Event Result Is":"True"
           ,"Fire on Initialization":false
           ,"Stop Execution On Error":true
           ,"Wait For Result":true
          }
        }
       ,{
          "id":"52184848124233530113"
         ,"Identification":{
            "Action":"Refresh"
          }
         ,"Affected Elements":{
            "Selection Type":"Region"
           ,"Region":"Simliar Products (52184847097494530102)"
          }
         ,"Execution":{
            "Sequence":30
           ,"Event":"Getting Product characteristics (52184847299577530104)"
           ,"Fire When Event Result Is":"True"
           ,"Fire on Initialization":false
          }
        }
       ,{
          "id":"52184848287434530114"
         ,"Identification":{
            "Action":"Show"
          }
         ,"Affected Elements":{
            "Selection Type":"Region"
           ,"Region":"Simliar Products (52184847097494530102)"
          }
         ,"Execution":{
            "Sequence":40
           ,"Event":"Getting Product characteristics (52184847299577530104)"
           ,"Fire When Event Result Is":"True"
           ,"Fire on Initialization":false
          }
        }
       ,{
          "id":"52184848369494530115"
         ,"Identification":{
            "Action":"Hide"
          }
         ,"Affected Elements":{
            "Selection Type":"Region"
           ,"Region":"Simliar Products (52184847097494530102)"
          }
         ,"Execution":{
            "Sequence":10
           ,"Event":"Getting Product characteristics (52184847299577530104)"
           ,"Fire When Event Result Is":"True"
           ,"Fire on Initialization":true
          }
        }
      ]
    }
  ]
}
