{
  "id":"19"
 ,"Identification":{
    "Name":"dialog shopping cart"
   ,"Alias":"DIALOG-SHOPPING-CART"
   ,"Title":"Shopping Cart Sneak Peak"
  }
 ,"Appearance":{
    "Page Mode":"Modal Dialog"
   ,"Dialog Template":"Drawer (19471506229778504216)"
   ,"Template Options":[
      "#DEFAULT#"
     ,"js-dialog-class-t-Drawer--pullOutEnd"
    ]
  }
 ,"Dialog":{
    "Chained":true
  }
 ,"Navigation Menu":{
    "Override User Interface Level":false
  }
 ,"Navigation":{
    "Cursor Focus":"Do not focus cursor"
   ,"Warn on Unsaved Changes":true
  }
 ,"CSS":{
    "File URLs":[
      "#APP_FILES#Styling\/main_style#MIN#.css"
    ]
   ,"Inline":".cart_header {\n    margin-top: 10px;\n    text-align: center;\n    color: var(--fouth-color);\n    font-family: var(--main-header-font);\n}\n\n.card-container {\n    width: 100%;\n    min-height: 100%; \n}\n\n.no-item-in-cart {\n    font-family: var(--secondary-header-font);\n}\n\n.a-CardView-item  {\n    padding: 15px;\n}\n\n.side-card {\n    width: fit-content !important;\n    border: 2px solid var(--first-color);\n    box-shadow: 0 1px 1px var(--third-color);\n    border-radius: 10px;\n    transition: all 0.3s ease;\n}\n.side-card:hover {\n    transform: translateY(-5px);\n}\n\n.side-card-title {\n    padding: 10px;\n    font-family: var(--secondary-header-font);\n}\n\n.side-card-subtitle {\n    font-family: var(--regular-text-font);\n}\n.side-card-subtitle \u003E span {\n    font-weight: bold;\n}\n\n.side-card-body {\n    font-family: var(--regular-text-font);\n}\n\n.side-card-img {\n    background-color: var(--second-color);\n}\n\n.side-card-body \u003E span {\n    font-weight: bold;\n}\n\n.edit-btn {\n    position: absolute;\n    top: 10px;\n    right: 70px;\n    border-radius: 10px;\n}\n\n.delete-btn {\n    background-color: var(--danger-color);\n    color: whitesmoke;\n    position: absolute;\n    top: 10px;\n    right: 10px;\n    border-radius: 10px;\n}\n\n.shopping-cart-summary {\n    padding: 15px;\n}\n\n.summary-container {\n    padding: 30px;\n    box-shadow: 0 1px 1px var(--third-color);\n}\n\n#R37730488048240642725_heading {\n    font-family: var(--secondary-header-font);\n}\n\n.promo-code-label {\n    text-align: center;\n    font-family: var(--regular-text-font);\n}\n\n.apply-promo{\n    display: flex;\n    justify-content: center;\n    align-items: center;\n}\n\n.apply-promo \u003E button {\n    font-family: var(--secondary-header-font);\n    font-weight: bolder;\n}\n\n.actions {\n    width: 100%;\n    padding: 20px;\n    position: relative;\n    bottom: 10px;\n}\n\n.to-check-out {\n    font-family: var(--secondary-header-font);\n    font-weight: bolder;\n}\n\n.clear-shopping-cart {\n    background-color: #C33522;\n    color: whitesmoke;\n    font-family: var(--secondary-header-font);\n\n}\n#P19_TOTAL_ORDER_PRICE_DISPLAY{\n    border: transparent;\n}\n\n.view_cart{\n    background-color: #FFB929;\n    color: #3A3632;\n}"
  }
 ,"Security":{
    "Authentication":"Page Is Public"
  }
 ,"Advanced":{
    "Enable Meta Tags":false
  }
 ,"Security":{
    "Deep Linking":"Application Default"
   ,"Page Access Protection":"Arguments Must Have Checksum"
   ,"Form Auto Complete":"Off"
   ,"Browser Cache":"Application Default"
  }
 ,"Session Management":{
    "Rejoin Sessions":"Application Default"
  }
 ,"Advanced":{
    "Enable duplicate page submissions":"Yes - Enable page to be re-posted"
   ,"Reload on Submit":"Only for Success"
  }
 ,"Server Cache":{
    "Caching":"Disabled"
  }
 ,"Regions":[
    {
      "id":"54215759616939822719"
     ,"Identification":{
        "Title":"Shopping Cart items"
       ,"Type":"Cards"
      }
     ,"Source":{
        "Location":"Local Database"
       ,"Type":"SQL Query"
       ,"SQL Query":"SELECT  seq_id item,\n        p.product_id,\n        p.product_name name,\n        p.product_description,\n        p.category_id,\n        pi.image,\n        c003               stock_id,\n        c004               variant_1_name, \n        c005               variant_2_name, \n        c006               variant_3_name, \n        c002               quantity,\n        NEW_PRICE(p.product_id) * c002 subTotal,\n        vs.variant_1,\n        vs.variant_2,\n        vs.variant_3,\n        s.store_name\nFROM    product p\n        join (SELECT image_id,\n            product_id,\n            image\n            FROM(SELECT image_id,\n                        product_id,\n                        image,\n                        Row_number()\n                            over (\n                            PARTITION BY product_id\n                            ORDER BY image_id) AS rn\n                FROM   product_images) img\n                WHERE  rn = 1) pi\n        ON p.product_id = pi.product_id,\n        stores s, \n        variant_stock vs,\n        apex_collections a\nWHERE  collection_name = \u0027PRODUCTS\u0027\nAND    p.product_id = a.c001\nAND    s.store_id = p.store_id\nAND    vs.stock_id = c003;"
      }
     ,"Layout":{
        "Sequence":60
       ,"Parent Region":"No Parent"
       ,"Position":"BODY"
       ,"Start New Layout":false
       ,"Start New Row":true
       ,"Column":"Automatic"
       ,"New Column":true
       ,"Column Span":"Automatic"
      }
     ,"Appearance":{
        "Template":"Cards Container (19471549395551504237)"
       ,"Template Options":[
          "#DEFAULT#"
         ,"t-CardsRegion--styleA"
        ]
       ,"CSS Classes":[
          "card-container"
        ]
       ,"Render Components":"Above Content"
      }
     ,"Accessibility":{
        "Use Landmark":true
       ,"Landmark Type":"Template Default"
      }
     ,"Advanced":{
        "Region Display Selector":false
       ,"Exclude Title from Translation":false
      }
     ,"Server Cache":{
        "Caching":"Disabled"
      }
     ,"Customization":{
        "Customizable":"Not Customizable By End Users"
      }
     ,"Attributes":{
        "id":"38782435512776993915"
       ,"Appearance":{
          "Layout":"Horizontal (Row)"
        }
       ,"Card":{
          "CSS Classes":[
            "side-card"
          ]
         ,"Primary Key Column 1":"ITEM"
         ,"Primary Key Column 2":"PRODUCT_ID"
        }
       ,"Title":{
          "Advanced Formatting":true
         ,"HTML Expression":"\u003Ch4 class=\"side-card-title\"\u003E\u0026QUANTITY. \u0026NAME.\u003C\/h4\u003E"
        }
       ,"Subtitle":{
          "Advanced Formatting":false
        }
       ,"Body":{
          "Advanced Formatting":true
         ,"HTML Expression":"\u003Cp class=\"side-card-subtitle\"\u003EFrom : \u003Cspan\u003E \u0026STORE_NAME. \u003C\/span\u003E\u003C\/p\u003E\n\n\u003Cp class=\"side-card-body\"\u003E\n    \u0026VARIANT_1_NAME. : \u003Cspan\u003E\u0026VARIANT_1. \u003C\/span\u003E \u0026VARIANT_2_NAME. : \u003Cspan\u003E\u0026VARIANT_2. \u003C\/span\u003E \u0026VARIANT_3_NAME. : \u003Cspan\u003E\u0026VARIANT_3. \u003C\/span\u003E \u003C\/p\u003E"
        }
       ,"Secondary Body":{
          "Advanced Formatting":true
         ,"HTML Expression":"\u003Cb\u003ESubtotal: \u0026SUBTOTAL. TDN \u003C\/b\u003E"
        }
       ,"Icon and Badge":{
          "Icon Source":"Image BLOB Column"
         ,"Image Column":"IMAGE"
         ,"Icon Position":"Start"
        }
       ,"Media":{
          "Advanced Formatting":false
         ,"Source":"No Media"
         ,"CSS Classes":[
            "side-card-img"
          ]
        }
       ,"Performance":{
          "Lazy Loading":false
        }
       ,"Pagination":{
          "Type":"Scroll"
         ,"Show Total Count":false
        }
       ,"Messages":{
          "When No Data Found":"\u003Ch1 class=\"no-item-in-cart\"\u003EYour shopping cart is empty!\u003C\/h1\u003E"
         ,"No Data Found Icon":"fa-cart-empty"
        }
       ,"Actions":[
          {
            "id":"38782436039306993916"
           ,"Identification":{
              "Type":"Button"
             ,"Label":"Delete item"
            }
           ,"Layout":{
              "Position":"Primary"
             ,"Sequence":20
            }
           ,"Link":{
              "Type":"Redirect to URL"
             ,"Target":"javascript:void(null)"
             ,"Link Attributes":"data-id=\u0026PRODUCT_ID."
            }
           ,"Appearance":{
              "Display Type":"Icon"
             ,"Icon":"fa-remove"
             ,"Hot":false
             ,"CSS Classes":[
                "delete-btn"
              ]
            }
          }
        ]
      }
    }
   ,{
      "id":"73652326211446242541"
     ,"Identification":{
        "Title":"Actions"
       ,"Type":"Static Content"
      }
     ,"Layout":{
        "Sequence":90
       ,"Parent Region":"Shopping cart summary (76512920456135636641)"
       ,"Position":"BODY"
       ,"Start New Layout":false
       ,"Start New Row":true
       ,"Column":"Automatic"
       ,"New Column":true
       ,"Column Span":"Automatic"
      }
     ,"Appearance":{
        "Template":"Buttons Container (19471545059842504235)"
       ,"Template Options":[
          "#DEFAULT#"
        ]
       ,"CSS Classes":[
          "actions"
        ]
       ,"Render Components":"Above Content"
      }
     ,"Accessibility":{
        "Use Landmark":true
       ,"Landmark Type":"Template Default"
      }
     ,"Advanced":{
        "Region Display Selector":false
       ,"Exclude Title from Translation":false
      }
     ,"Server Cache":{
        "Caching":"Disabled"
      }
     ,"Customization":{
        "Customizable":"Not Customizable By End Users"
      }
     ,"Attributes":{
        "Settings":{
          "Output As":"HTML"
         ,"Expand Shortcuts":false
        }
      }
    }
   ,{
      "id":"76512918851744636625"
     ,"Identification":{
        "Title":"Cart page header"
       ,"Type":"Dynamic Content"
      }
     ,"Source":{
        "Language":"PL\/SQL"
       ,"PL\/SQL Function Body returning a CLOB":"DECLARE\n    l_how_many NUMBER DEFAULT 0;\nBEGIN\n    l_how_many := manage_orders.get_quantity;\n\n\n    IF l_how_many \u003E 0 THEN\n        RETURN\n            \u0027\u003Ch2\u003E Your Cart (\u0027 || l_how_many || \u0027 items) \u003C\/h2\u003E\u0027;\n    ELSE\n        RETURN\n            \u0027\u003Ch2\u003E Your Cart (Empty) \u003C\/h2\u003E\u0027;\n    END IF;\nEND;\n\n"
      }
     ,"Layout":{
        "Sequence":10
       ,"Parent Region":"No Parent"
       ,"Position":"REGION_POSITION_01"
       ,"Start New Layout":false
       ,"Start New Row":true
       ,"Column":"Automatic"
       ,"New Column":true
       ,"Column Span":"Automatic"
      }
     ,"Appearance":{
        "Template":"Standard (19471808805460504264)"
       ,"Template Options":[
          "#DEFAULT#"
         ,"t-Region--removeHeader js-removeLandmark"
         ,"t-Region--noUI"
         ,"t-Region--scrollBody"
         ,"t-Form--stretchInputs"
        ]
       ,"CSS Classes":[
          "cart_header"
        ]
       ,"Render Components":"Above Content"
      }
     ,"Accessibility":{
        "Use Landmark":true
       ,"Landmark Type":"Template Default"
      }
     ,"Advanced":{
        "Region Display Selector":false
       ,"Exclude Title from Translation":false
      }
     ,"Server Cache":{
        "Caching":"Disabled"
      }
     ,"Customization":{
        "Customizable":"Not Customizable By End Users"
      }
     ,"Attributes":{
        "Performance":{
          "Lazy Loading":false
        }
      }
    }
   ,{
      "id":"76512919643723636633"
     ,"Identification":{
        "Title":"Total Order"
       ,"Type":"Static Content"
      }
     ,"Layout":{
        "Sequence":80
       ,"Parent Region":"Shopping cart summary (76512920456135636641)"
       ,"Position":"BODY"
       ,"Start New Layout":false
       ,"Start New Row":false
       ,"Column":"Automatic"
       ,"New Column":true
       ,"Column Span":"Automatic"
       ,"Column CSS Classes":[
          "summary-container-col"
        ]
      }
     ,"Appearance":{
        "Template":"Standard (19471808805460504264)"
       ,"Template Options":[
          "#DEFAULT#"
         ,"t-Region--scrollBody"
         ,"t-Form--stretchInputs"
        ]
       ,"CSS Classes":[
          "summary-container"
        ]
       ,"Render Components":"Above Content"
      }
     ,"Accessibility":{
        "Use Landmark":true
       ,"Landmark Type":"Template Default"
      }
     ,"Advanced":{
        "Region Display Selector":false
       ,"Exclude Title from Translation":false
      }
     ,"Server Cache":{
        "Caching":"Disabled"
      }
     ,"Customization":{
        "Customizable":"Not Customizable By End Users"
      }
     ,"Attributes":{
        "Settings":{
          "Output As":"HTML"
         ,"Expand Shortcuts":false
        }
      }
    }
   ,{
      "id":"76512920456135636641"
     ,"Identification":{
        "Title":"Shopping cart summary"
       ,"Type":"Static Content"
      }
     ,"Layout":{
        "Sequence":80
       ,"Parent Region":"No Parent"
       ,"Position":"BODY"
       ,"Start New Layout":false
       ,"Start New Row":true
       ,"Column":"Automatic"
       ,"New Column":true
       ,"Column Span":"Automatic"
      }
     ,"Appearance":{
        "Template":"Standard (19471808805460504264)"
       ,"Template Options":[
          "#DEFAULT#"
         ,"t-Region--removeHeader js-removeLandmark"
         ,"t-Region--noUI"
         ,"t-Region--scrollBody"
        ]
       ,"CSS Classes":[
          "shopping-cart-summary"
        ]
       ,"Render Components":"Above Content"
      }
     ,"Accessibility":{
        "Use Landmark":true
       ,"Landmark Type":"Template Default"
      }
     ,"Advanced":{
        "Region Display Selector":false
       ,"Exclude Title from Translation":false
      }
     ,"Server Cache":{
        "Caching":"Disabled"
      }
     ,"Customization":{
        "Customizable":"Not Customizable By End Users"
      }
     ,"Attributes":{
        "Settings":{
          "Output As":"HTML"
         ,"Expand Shortcuts":false
        }
      }
    }
  ]
 ,"Page Items":[
    {
      "id":"66086558164205184529"
     ,"Identification":{
        "Name":"P19_PAGE_ID"
       ,"Type":"Hidden"
      }
     ,"Settings":{
        "Value Protected":false
      }
     ,"Layout":{
        "Sequence":10
       ,"Region":"No Parent"
       ,"Position":"BODY"
      }
     ,"Advanced":{
        "Warn on Unsaved Changes":"Page Default"
      }
     ,"Source":{
        "Type":"Null"
       ,"Used":"Only when current value in session state is null"
      }
     ,"Session State":{
        "Data Type":"VARCHAR2"
       ,"Storage":"Per Session (Persistent)"
      }
     ,"Security":{
        "Session State Protection":"Unrestricted"
       ,"Store value encrypted in session state":true
       ,"Restricted Characters":"All characters can be saved."
      }
    }
   ,{
      "id":"74464024351614198943"
     ,"Identification":{
        "Name":"P19_ITEM_TO_REMOVE"
       ,"Type":"Hidden"
      }
     ,"Settings":{
        "Value Protected":false
      }
     ,"Layout":{
        "Sequence":30
       ,"Region":"No Parent"
       ,"Position":"BODY"
      }
     ,"Advanced":{
        "Warn on Unsaved Changes":"Page Default"
      }
     ,"Source":{
        "Type":"Null"
       ,"Used":"Only when current value in session state is null"
      }
     ,"Session State":{
        "Data Type":"VARCHAR2"
       ,"Storage":"Per Session (Persistent)"
      }
     ,"Security":{
        "Session State Protection":"Unrestricted"
       ,"Store value encrypted in session state":true
       ,"Restricted Characters":"All characters can be saved."
      }
    }
   ,{
      "id":"74464026546419198965"
     ,"Identification":{
        "Name":"P19_SHOPPING_CART_ITEMS"
       ,"Type":"Hidden"
      }
     ,"Settings":{
        "Value Protected":true
      }
     ,"Layout":{
        "Sequence":40
       ,"Region":"No Parent"
       ,"Position":"BODY"
      }
     ,"Advanced":{
        "Warn on Unsaved Changes":"Page Default"
      }
     ,"Source":{
        "Type":"Null"
       ,"Used":"Always, replacing any existing value in session state"
      }
     ,"Default":{
        "Type":"Expression"
       ,"Language":"PL\/SQL"
       ,"PL\/SQL Expression":":SHOPPING_CART_ITEMS"
      }
     ,"Session State":{
        "Data Type":"VARCHAR2"
       ,"Storage":"Per Session (Persistent)"
      }
     ,"Security":{
        "Session State Protection":"Unrestricted"
       ,"Store value encrypted in session state":true
       ,"Restricted Characters":"All characters can be saved."
      }
    }
   ,{
      "id":"76512922085975636643"
     ,"Identification":{
        "Name":"P19_TOTAL_ORDER_PRICE"
       ,"Type":"Display Only"
      }
     ,"Label":{
        "Alignment":"Left"
      }
     ,"Settings":{
        "Format":"Plain Text"
       ,"Based On":"Item Value"
       ,"Show Line Breaks":true
       ,"Send On Page Submit":true
      }
     ,"Layout":{
        "Sequence":40
       ,"Region":"Total Order (76512919643723636633)"
       ,"Position":"BODY"
       ,"Alignment":"Left"
       ,"Start New Layout":false
       ,"Start New Row":true
       ,"Column":"Automatic"
       ,"New Column":true
       ,"Column Span":"Automatic"
       ,"Label Column Span":"Page Template Default"
      }
     ,"Appearance":{
        "Template":"Optional - Floating (19471879586967504303)"
       ,"Template Options":[
          "#DEFAULT#"
        ]
      }
     ,"Advanced":{
        "Warn on Unsaved Changes":"Page Default"
      }
     ,"Source":{
        "Type":"Function Body"
       ,"Language":"PL\/SQL"
       ,"PL\/SQL Function Body":"DECLARE\n    order_total number;\nBEGIN\n    SELECT \n      sum(NEW_PRICE(p.product_id) * c002)\n    INTO\n        order_total\n    FROM \n      apex_collections a, \n      product p\n    WHERE \n      collection_name = \u0027PRODUCTS\u0027\n    AND p.product_id = a.c001;\n    IF order_total IS NOT NULL THEN\n        RETURN order_total || \u0027 TND\u0027;\n    ELSE\n        RETURN \u0027\u0027;\n    END IF;\nEND;"
       ,"Used":"Only when current value in session state is null"
      }
     ,"Session State":{
        "Data Type":"VARCHAR2"
       ,"Storage":"Per Request (Memory Only)"
      }
     ,"Security":{
        "Session State Protection":"Unrestricted"
       ,"Store value encrypted in session state":true
       ,"Restricted Characters":"All characters can be saved."
      }
    }
  ]
 ,"Buttons":[
    {
      "id":"37171146197297069217"
     ,"Identification":{
        "Button Name":"View_cart"
       ,"Label":"View Cart"
      }
     ,"Layout":{
        "Sequence":10
       ,"Region":"Actions (73652326211446242541)"
       ,"Position":"BODY"
       ,"Start New Layout":false
       ,"Start New Row":true
       ,"Column":"Automatic"
       ,"New Column":true
       ,"Column Span":"Automatic"
       ,"Alignment":"Left center"
      }
     ,"Appearance":{
        "Button Template":"Text with Icon (19471882117602504304)"
       ,"Hot":false
       ,"Template Options":[
          "#DEFAULT#"
         ,"t-Button--iconLeft"
        ]
       ,"CSS Classes":[
          "view_cart"
        ]
       ,"Icon":"fa-arrow-left"
      }
     ,"Behavior":{
        "Action":"Submit Page"
       ,"Execute Validations":true
       ,"Warn on Unsaved Changes":"Do Not Check"
      }
    }
   ,{
      "id":"38782434302593993912"
     ,"Identification":{
        "Button Name":"Proceed"
       ,"Label":"Proceed to checkout"
      }
     ,"Layout":{
        "Sequence":10
       ,"Region":"Actions (73652326211446242541)"
       ,"Position":"CREATE"
       ,"Start New Layout":false
       ,"Start New Row":true
       ,"Column":"Automatic"
       ,"New Column":true
       ,"Column Span":"Automatic"
      }
     ,"Appearance":{
        "Button Template":"Text with Icon (19471882117602504304)"
       ,"Hot":true
       ,"Template Options":[
          "#DEFAULT#"
         ,"t-Button--iconRight"
        ]
       ,"Icon":"fa-arrow-right"
      }
     ,"Behavior":{
        "Action":"Submit Page"
       ,"Execute Validations":true
       ,"Warn on Unsaved Changes":"Do Not Check"
      }
    }
  ]
 ,"Dynamic Actions":[
    {
      "id":"38782439198516993918"
     ,"Identification":{
        "Name":"Delete From Shopping Cart"
      }
     ,"Execution":{
        "Sequence":60
      }
     ,"When":{
        "Event":"EVENT.EVENT.BROWSER.CLICK"
       ,"Selection Type":"jQuery Selector"
       ,"jQuery Selector":".delete-btn"
      }
     ,"Execution":{
        "Event Scope":"Dynamic"
       ,"Type":"Immediate"
      }
     ,"Actions":[
        {
          "id":"38782439668997993919"
         ,"Identification":{
            "Action":"Execute JavaScript Code"
          }
         ,"Settings":{
            "Code":"\/\/ Update Badge Text\n$(\".js-shopping-cart-item .t-Button-badge\").text($v(\"P19_SHOPPING_CART_ITEMS\"));\n\n\/\/ Update Icon\n$(\".js-shopping-cart-item .t-Icon\").removeClass(\u0027fa-cart-empty\u0027).addClass(\u0027fa-cart-full\u0027);"
          }
         ,"Execution":{
            "Sequence":50
           ,"Event":"Delete From Shopping Cart (38782439198516993918)"
           ,"Fire When Event Result Is":"True"
           ,"Fire on Initialization":false
          }
        }
       ,{
          "id":"38782440168970993919"
         ,"Identification":{
            "Action":"Execute Server-side Code"
          }
         ,"Settings":{
            "Language":"PE.PROPERTY.SOURCE_SNIPPET_LANG.LOV.PLSQL.D"
           ,"PL\/SQL Code":":P19_SHOPPING_CART_ITEMS := MANAGE_ORDERS.get_quantity;"
           ,"Items to Return":[
              "P19_SHOPPING_CART_ITEMS"
            ]
           ,"Suppress Change Event":false
          }
         ,"Execution":{
            "Sequence":40
           ,"Event":"Delete From Shopping Cart (38782439198516993918)"
           ,"Fire When Event Result Is":"True"
           ,"Fire on Initialization":false
           ,"Stop Execution On Error":true
           ,"Wait For Result":true
          }
        }
       ,{
          "id":"38782440637352993919"
         ,"Identification":{
            "Action":"Confirm"
          }
         ,"Settings":{
            "Title":"Remove Item Completely"
           ,"Message":"Are you sure you want to remove this item completely from you shopping cart ? "
           ,"Style":"Danger"
           ,"Icon":"fa-remove"
           ,"Confirm Label":"Delete"
           ,"Cancel Label":"Cancel"
          }
         ,"Execution":{
            "Sequence":10
           ,"Event":"Delete From Shopping Cart (38782439198516993918)"
           ,"Fire When Event Result Is":"True"
           ,"Fire on Initialization":false
          }
        }
       ,{
          "id":"38782441135299993920"
         ,"Identification":{
            "Action":"Set Value"
          }
         ,"Settings":{
            "Set Type":"JavaScript Expression"
           ,"JavaScript Expression":"$(this.triggeringElement).data(\u0027id\u0027)"
           ,"Suppress Change Event":false
          }
         ,"Affected Elements":{
            "Selection Type":"Item(s)"
           ,"Item(s)":[
              "P19_ITEM_TO_REMOVE"
            ]
          }
         ,"Execution":{
            "Sequence":20
           ,"Event":"Delete From Shopping Cart (38782439198516993918)"
           ,"Fire When Event Result Is":"True"
           ,"Fire on Initialization":true
           ,"Stop Execution On Error":true
           ,"Wait For Result":true
          }
        }
       ,{
          "id":"38782441671743993920"
         ,"Identification":{
            "Action":"Refresh"
          }
         ,"Affected Elements":{
            "Selection Type":"Region"
           ,"Region":"Shopping Cart items (54215759616939822719)"
          }
         ,"Execution":{
            "Sequence":60
           ,"Event":"Delete From Shopping Cart (38782439198516993918)"
           ,"Fire When Event Result Is":"True"
           ,"Fire on Initialization":false
          }
        }
       ,{
          "id":"38782442179614993920"
         ,"Identification":{
            "Action":"Execute Server-side Code"
          }
         ,"Settings":{
            "Language":"PE.PROPERTY.SOURCE_SNIPPET_LANG.LOV.PLSQL.D"
           ,"PL\/SQL Code":"MANAGE_ORDERS.remove_product(:P19_ITEM_TO_REMOVE);"
           ,"Items to Submit":[
              "P19_ITEM_TO_REMOVE"
            ]
          }
         ,"Execution":{
            "Sequence":30
           ,"Event":"Delete From Shopping Cart (38782439198516993918)"
           ,"Fire When Event Result Is":"True"
           ,"Fire on Initialization":false
           ,"Stop Execution On Error":true
           ,"Wait For Result":true
          }
        }
      ]
    }
   ,{
      "id":"38782442518061993920"
     ,"Identification":{
        "Name":"Refresh Shopping Cart Items"
      }
     ,"Execution":{
        "Sequence":50
      }
     ,"When":{
        "Event":"EVENT.EVENT.FAMEWORK.APEXAFTERCLOSEDIALOG"
       ,"Selection Type":"Region"
       ,"Region":"Shopping Cart items (54215759616939822719)"
      }
     ,"Execution":{
        "Event Scope":"Static"
       ,"Type":"Immediate"
      }
     ,"Actions":[
        {
          "id":"38782443005664993920"
         ,"Identification":{
            "Action":"Execute JavaScript Code"
          }
         ,"Settings":{
            "Code":"\/\/ Update Badge Text\n$(\".js-shopping-cart-item .t-Button-badge\").text($v(\"P19_SHOPPING_CART_ITEMS\"));\n\n\/\/ Update Icon\n$(\".js-shopping-cart-item .t-Icon\").removeClass(\u0027fa-cart-empty\u0027).addClass(\u0027fa-cart-full\u0027);"
          }
         ,"Execution":{
            "Sequence":10
           ,"Event":"Refresh Shopping Cart Items (38782442518061993920)"
           ,"Fire When Event Result Is":"True"
           ,"Fire on Initialization":false
          }
        }
       ,{
          "id":"38782443516681993921"
         ,"Identification":{
            "Action":"Refresh"
          }
         ,"Affected Elements":{
            "Selection Type":"Region"
           ,"Region":"Shopping Cart items (54215759616939822719)"
          }
         ,"Execution":{
            "Sequence":20
           ,"Event":"Refresh Shopping Cart Items (38782442518061993920)"
           ,"Fire When Event Result Is":"True"
           ,"Fire on Initialization":false
          }
        }
      ]
    }
   ,{
      "id":"38782443907828993921"
     ,"Identification":{
        "Name":"get page id"
      }
     ,"Execution":{
        "Sequence":30
      }
     ,"When":{
        "Event":"EVENT.EVENT.BROWSER.READY"
      }
     ,"Execution":{
        "Event Scope":"Static"
      }
     ,"Actions":[
        {
          "id":"38782444439635993921"
         ,"Identification":{
            "Action":"Execute Server-side Code"
          }
         ,"Settings":{
            "Language":"PE.PROPERTY.SOURCE_SNIPPET_LANG.LOV.PLSQL.D"
           ,"PL\/SQL Code":"SELECT :APP_PAGE_ID\nINTO :P19_PAGE_ID\nFROM DUAL;"
           ,"Items to Return":[
              "P19_PAGE_ID"
            ]
           ,"Suppress Change Event":false
          }
         ,"Execution":{
            "Sequence":10
           ,"Event":"get page id (38782443907828993921)"
           ,"Fire When Event Result Is":"True"
           ,"Fire on Initialization":false
           ,"Stop Execution On Error":true
           ,"Wait For Result":true
          }
        }
      ]
    }
   ,{
      "id":"38782444864160993921"
     ,"Identification":{
        "Name":"Update Shopping Cart Header"
      }
     ,"Execution":{
        "Sequence":10
      }
     ,"When":{
        "Event":"EVENT.EVENT.BROWSER.READY"
      }
     ,"Client-side Condition":{
        "Type":"JavaScript expression"
       ,"JavaScript Expression":"parseInt($v(\"P19_SHOPPING_CART_ITEMS\")) \u003E 0"
      }
     ,"Execution":{
        "Event Scope":"Static"
      }
     ,"Actions":[
        {
          "id":"38782445398507993922"
         ,"Identification":{
            "Action":"Execute JavaScript Code"
          }
         ,"Settings":{
            "Code":"\/\/ Update Badge Text\n$(\".js-shopping-cart-item .t-Button-badge\").text($v(\"P19_SHOPPING_CART_ITEMS\"));\n\n\/\/ Update Icon\n$(\".js-shopping-cart-item .t-Icon\").removeClass(\u0027fa-cart-empty\u0027).addClass(\u0027fa-cart-full\u0027);"
          }
         ,"Execution":{
            "Sequence":10
           ,"Event":"Update Shopping Cart Header (38782444864160993921)"
           ,"Fire When Event Result Is":"True"
           ,"Fire on Initialization":false
          }
        }
       ,{
          "id":"38782445849950993922"
         ,"Identification":{
            "Action":"Refresh"
          }
         ,"Affected Elements":{
            "Selection Type":"Region"
           ,"Region":"Shopping Cart items (54215759616939822719)"
          }
         ,"Execution":{
            "Sequence":20
           ,"Event":"Update Shopping Cart Header (38782444864160993921)"
           ,"Fire When Event Result Is":"True"
           ,"Fire on Initialization":false
          }
        }
       ,{
          "id":"38782446392874993922"
         ,"Identification":{
            "Action":"Execute JavaScript Code"
          }
         ,"Settings":{
            "Code":"\/\/ Update Badge Text\napex.jQuery(\".js-shopping-cart-item .t-Button-badge\").text(\u0027\u0027);\n\n\/\/ Update Icon\napex.jQuery(\".js-shopping-cart-item .t-Icon\").removeClass(\u0027fa-cart-full\u0027).addClass(\u0027fa-cart-empty\u0027);"
          }
         ,"Execution":{
            "Sequence":10
           ,"Event":"Update Shopping Cart Header (38782444864160993921)"
           ,"Fire When Event Result Is":"False"
           ,"Fire on Initialization":false
          }
        }
       ,{
          "id":"38782446841703993922"
         ,"Identification":{
            "Action":"Refresh"
          }
         ,"Affected Elements":{
            "Selection Type":"Region"
           ,"Region":"Shopping Cart items (54215759616939822719)"
          }
         ,"Execution":{
            "Sequence":20
           ,"Event":"Update Shopping Cart Header (38782444864160993921)"
           ,"Fire When Event Result Is":"False"
           ,"Fire on Initialization":false
          }
        }
      ]
    }
  ]
 ,"Validations":[
    {
      "id":"38782438445013993918"
     ,"Identification":{
        "Name":"Must Have Products Before Checkout"
      }
     ,"Execution":{
        "Sequence":10
      }
     ,"Validation":{
        "Type":"Function Body (returning Boolean)"
       ,"Language":"PL\/SQL"
       ,"PL\/SQL Function Body":"DECLARE\n    l_quantity number;\nBEGIN\n    l_quantity := MANAGE_ORDERS.get_quantity;\n\n    IF l_quantity \u003E 0 THEN\n        RETURN TRUE;\n    END IF;\n    RETURN FALSE;\nEND;"
       ,"Always Execute":false
      }
     ,"Error":{
        "Error Message":"Must Have Products In Your Shoppping Cart Before checking out"
       ,"Display Location":"Inline in Notification"
      }
     ,"Server-side Condition":{
        "When Button Pressed":"Proceed (38782434302593993912)"
      }
    }
  ]
 ,"Branches":[
    {
      "id":"37171146264712069218"
     ,"Identification":{
        "Name":"go to shopping cart"
      }
     ,"Execution":{
        "Sequence":40
       ,"Point":"After Processing"
      }
     ,"Behavior":{
        "Type":"Page or URL (Redirect)"
       ,"Target":{
          "url":"f?p=\u0026APP_ID.:27:\u0026SESSION.::\u0026DEBUG.:27::\u0026success_msg=#SUCCESS_MSG#"
         ,"Page":"27"
         ,"Clear Cache":"27"
        }
      }
     ,"Server-side Condition":{
        "When Button Pressed":"View_cart (37171146197297069217)"
      }
    }
   ,{
      "id":"38782447751703993923"
     ,"Identification":{
        "Name":"To Checkout"
      }
     ,"Execution":{
        "Sequence":30
       ,"Point":"After Processing"
      }
     ,"Behavior":{
        "Type":"Page or URL (Redirect)"
       ,"Target":{
          "url":"f?p=\u0026APP_ID.:25:\u0026SESSION.::\u0026DEBUG.:::\u0026success_msg=#SUCCESS_MSG#"
         ,"Page":"25"
        }
      }
     ,"Server-side Condition":{
        "When Button Pressed":"Proceed (38782434302593993912)"
      }
    }
  ]
}
