{
  "id":"15"
 ,"Identification":{
    "Name":"My Stores"
   ,"Alias":"MY-STORES"
   ,"Title":"\u0026APP_NAME. - My Stores"
  }
 ,"Appearance":{
    "Page Mode":"Normal"
   ,"Page Template":"Theme Default"
   ,"Template Options":[
      "#DEFAULT#"
    ]
  }
 ,"Navigation Menu":{
    "Override User Interface Level":false
  }
 ,"Navigation":{
    "Cursor Focus":"Do not focus cursor"
   ,"Warn on Unsaved Changes":true
  }
 ,"CSS":{
    "Inline":".page-header {\n    padding-left: 50px;\n    background-color: #FBF9F8;\n    font-family: \u0027Courier New\u0027, Courier, monospace;\n}\n\n.page-header-col {\n    text-align: center;\n}\n\n.ui-btn {\n    margin-top: 10px;\n    border: 1px solid #F1EFED;\n    border-radius: 20px;\n}\n\n#R21951575534664991015_filter_input {\n    border-radius: 10px;\n    border: 1px solid #373634;\n}"
  }
 ,"Security":{
    "Authorization Scheme":"Seller Rights -- Custom (19994436662008524033)"
   ,"Authentication":"Page Requires Authentication"
   ,"Deep Linking":"Application Default"
   ,"Page Access Protection":"Arguments Must Have Checksum"
   ,"Form Auto Complete":"Off"
   ,"Browser Cache":"Application Default"
  }
 ,"Session Management":{
    "Rejoin Sessions":"Application Default"
  }
 ,"Advanced":{
    "Enable duplicate page submissions":"Yes - Enable page to be re-posted"
   ,"Reload on Submit":"Only for Success"
  }
 ,"Server Cache":{
    "Caching":"Disabled"
  }
 ,"Regions":[
    {
      "id":"21951575534664991015"
     ,"Identification":{
        "Title":"List Of Stores"
       ,"Type":"List View"
      }
     ,"Source":{
        "Location":"Local Database"
       ,"Type":"SQL Query"
       ,"SQL Query":"SELECT\n    s.STORE_ID,\n    s.STORE_NAME,\n    s.STORE_DESCRIPTION\nFROM\n    STORES s\nWHERE\n    s.CUSTOMER_ID = TO_NUMBER(:USER_ID)\n\n"
      }
     ,"Layout":{
        "Sequence":20
       ,"Parent Region":"No Parent"
       ,"Position":"BODY"
       ,"Start New Layout":false
       ,"Start New Row":true
       ,"Column":"Automatic"
       ,"New Column":true
       ,"Column Span":"Automatic"
      }
     ,"Appearance":{
        "Template":"Standard (19471808805460504264)"
       ,"Template Options":[
          "#DEFAULT#"
         ,"t-Region--scrollBody"
        ]
       ,"Render Components":"Above Content"
      }
     ,"Accessibility":{
        "Use Landmark":true
       ,"Landmark Type":"Template Default"
      }
     ,"Advanced":{
        "Region Display Selector":false
       ,"Exclude Title from Translation":false
      }
     ,"Security":{
        "Escape special characters":true
      }
     ,"Server Cache":{
        "Caching":"Disabled"
      }
     ,"Customization":{
        "Customizable":"Not Customizable By End Users"
      }
     ,"Attributes":{
        "Settings":{
          "Features":"ADVANCED_FORMATTING:SEARCH"
         ,"Text Formatting":"\u003Ch4\u003EStore Name : \u003Cb\u003E\u0026STORE_NAME.\u003C\/b\u003E\u003C\/h4\u003E"
         ,"Supplemental Information Formatting":"\u0026STORE_DESCRIPTION."
         ,"Link Target":{
            "url":"f?p=\u0026APP_ID.:5:\u0026SESSION.::\u0026DEBUG.:5:P5_STORE_ID:\u0026STORE_ID."
           ,"Page":"5"
           ,"Clear Cache":"5"
           ,"Values":{
              "P5_STORE_ID":"\u0026STORE_ID."
            }
          }
         ,"Search Type":"Server: Like \u0026 Ignore Case"
         ,"Search Box Placeholder":"search store.."
        }
       ,"Layout":{
          "Number of Rows Type":"Static Value"
         ,"Number of Rows":15
        }
       ,"Messages":{
          "When No Data Found":"No Stores Yet ! Go Ahead And Create Your First Store"
        }
      }
    }
   ,{
      "id":"21951575655597991016"
     ,"Identification":{
        "Title":"Page Header"
       ,"Type":"Static Content"
      }
     ,"Source":{
        "HTML Code":"\u003Ch2\u003E\u0026USERNAME.\u0027s Stores \u003C\/h2\u003E"
      }
     ,"Layout":{
        "Sequence":10
       ,"Parent Region":"No Parent"
       ,"Position":"REGION_POSITION_08"
       ,"Start New Layout":false
       ,"Start New Row":true
       ,"Column":"Automatic"
       ,"New Column":true
       ,"Column Span":"Automatic"
       ,"Column CSS Classes":[
          "page-header-col"
        ]
      }
     ,"Appearance":{
        "Template":"Standard (19471808805460504264)"
       ,"Template Options":[
          "#DEFAULT#"
         ,"t-Region--removeHeader js-removeLandmark"
         ,"t-Region--accent10"
         ,"t-Region--noUI"
         ,"t-Region--hiddenOverflow"
         ,"margin-right-md"
        ]
       ,"CSS Classes":[
          "page-header"
        ]
       ,"Render Components":"Above Content"
      }
     ,"Accessibility":{
        "Use Landmark":true
       ,"Landmark Type":"Template Default"
      }
     ,"Advanced":{
        "Region Display Selector":false
       ,"Exclude Title from Translation":false
      }
     ,"Server Cache":{
        "Caching":"Disabled"
      }
     ,"Customization":{
        "Customizable":"Not Customizable By End Users"
      }
     ,"Attributes":{
        "Settings":{
          "Output As":"HTML"
         ,"Expand Shortcuts":false
        }
      }
    }
  ]
}
