{
  "id":"18"
 ,"Identification":{
    "Name":"Product Detail"
   ,"Alias":"PRODUCT-DETAIL"
   ,"Title":"\u0026APP_NAME. - Product Details"
  }
 ,"Appearance":{
    "Page Mode":"Normal"
   ,"Page Template":"Theme Default"
   ,"Template Options":[
      "#DEFAULT#"
    ]
  }
 ,"Navigation Menu":{
    "Override User Interface Level":false
  }
 ,"Navigation":{
    "Cursor Focus":"Do not focus cursor"
   ,"Warn on Unsaved Changes":true
  }
 ,"JavaScript":{
    "Function and Global Variable Declaration":"$(function() {\n  \u0027use strict\u0027;\n\n  var slider = $(\u0027#slider\u0027);\n  var sliderList = $(\u0027\u003Cul\u003E\u003C\/ul\u003E\u0027);\n  var bulletList = $(\u0027\u003Cul\u003E\u003C\/ul\u003E\u0027);\n  var sliderJSON = JSON.parse($v(\"P18_PRODUCT_SLIDER_JSON\"));\n  sliderJSON.sort(function(a, b) {\n    return a.order - b.order;\n  });\n\n  $.each(sliderJSON, function(index, element) {\n    sliderList.append(\"\u003Cli\u003E\u003Cimg class=\u0027prod_image\u0027 src=\u0027\" + element.imagePath + \"\u0027 alt=\u0027\u0027\u003E\");\n    bulletList.append(\"\u003Cli id=\u0027bullet_\" + (index + 1) + \"\u0027\u003E\u003C\/li\u003E\");\n  });\n\n  sliderList.addClass(\u0027sliderList\u0027);\n  bulletList.addClass(\u0027bulletList\u0027);\n  slider.append(sliderList);\n  slider.append(bulletList);\n\n  bulletList.find(\"li:first-child\").addClass(\u0027bulletActive\u0027);\n\n  var firstSlide = sliderList.find(\"li:first-child\");\n  var lastSlide = sliderList.find(\"li:last-child\");\n  var buttonPrev = $(\".button-prev\");\n  var buttonNext = $(\".button-next\");\n  var sliderCount = sliderList.children().length;\n  var sliderWidth = 100.0 \/ sliderCount;\n  var slideIndex = 0;\n  var intervalID;\n\n  lastSlide.clone().prependTo(sliderList);\n  firstSlide.clone().appendTo(sliderList);\n\n  sliderList.css({ \"width\": (100 * sliderCount) + \"%\" });\n  sliderList.css({ \"margin-left\": \"-100%\" });\n\n  sliderList.find(\"li\").each(function(index) {\n    var leftPercent = (sliderWidth * index) + \"%\";\n    $(this).css({ \"left\": leftPercent });\n    $(this).css({ \"width\": sliderWidth + \"%\" });\n  });\n\n  buttonPrev.on(\u0027click\u0027, function() {\n    slide(slideIndex - 1);\n  });\n\n  buttonNext.on(\u0027click\u0027, function() {\n    slide(slideIndex + 1);\n  });\n\n  $(\u0027.bulletList li\u0027).on(\u0027click\u0027, function() {\n    var id = ($(this).attr(\u0027id\u0027).split(\u0027_\u0027)[1]) - 1;\n    slide(id);\n  });\n\n  startTimer();\n\n  slider.on(\u0027mouseenter mouseleave\u0027, function(e) {\n    var onMouEnt = (e.type === \u0027mouseenter\u0027) ?\n      clearInterval(intervalID) : startTimer();\n  });\n\n  function slide(newSlideIndex) {\n    var marginLeft = (newSlideIndex * (-100) - 100) + \"%\";\n\n    sliderList.animate({ \"margin-left\": marginLeft }, 400, function() {\n      if (newSlideIndex \u003C 0) {\n        $(\".bulletActive\").removeClass(\u0027bulletActive\u0027);\n        bulletList.find(\"li:last-child\").addClass(\"bulletActive\");\n        sliderList.css({ \"margin-left\": ((sliderCount) * (-100)) + \"%\" });\n        newSlideIndex = sliderCount - 1;\n        slideIndex = newSlideIndex;\n        return;\n      } else if (newSlideIndex \u003E= sliderCount) {\n        $(\".bulletActive\").removeClass(\u0027bulletActive\u0027);\n        bulletList.find(\"li:first-child\").addClass(\"bulletActive\");\n        sliderList.css({ \"margin-left\": \"-100%\" });\n        newSlideIndex = 0;\n        slideIndex = newSlideIndex;\n        return;\n      }\n\n      $(\".bulletActive\").removeClass(\u0027bulletActive\u0027);\n      bulletList.find(\u0027li:nth-child(\u0027 + (newSlideIndex + 1) + \u0027)\u0027).addClass(\u0027bulletActive\u0027);\n      slideIndex = newSlideIndex;\n    });\n  }\n\n  function startTimer() {\n    intervalID = setInterval(function() { buttonNext.click(); }, 7000);\n    return intervalID;\n  }\n});\n"
   ,"Execute when Page Loads":"$(\".heart\").hover(function(){\n  $(this).css(\"color\", \"#B43757\");\n  }, function(){\n  $(this).css(\"color\", \"black\");\n});"
  }
 ,"CSS":{
    "File URLs":[
      "#APP_FILES#Styling\/main_style#MIN#.css"
    ]
   ,"Inline":".product-container {\n  margin-bottom: 20px;\n  border: 1px solid  var(--first-color);\n  padding: 10px;\n}\n\n.product-images-slider {\n    border: none;\n    box-shadow: -1px 33px 35px -13px rgba(207,193,193,0.59);\n    -webkit-box-shadow: -1px 33px 35px -13px rgba(207,193,193,0.59);\n    -moz-box-shadow: -1px 33px 35px -13px rgba(207,193,193,0.59);\n}\n\n.product-details-container{\n    box-shadow: -1px 33px 35px -13px rgba(207,193,193,0.59);\n    -webkit-box-shadow: -1px 33px 35px -13px rgba(207,193,193,0.59);\n    -moz-box-shadow: -1px 33px 35px -13px rgba(207,193,193,0.59);\n    padding-bottom: 15px;\n}\n#product-name {\n  font-weight: bold;\n  font-family: var(--secondary-header-font);\n}\n\n.product-description {\n  margin-top: 5px;\n  color: var(--gret-color);\n  font-family: var(--regular-text-font);\n}\n\n.price-header {\n    font-family: var(--secondary-header-font);\n    font-size: large;\n}\n\n.unit-price {\n  margin-top: 10px;\n  padding: 10px;\n  background-color: var(--first-color);\n  margin: 5px;\n  border-top: 1px solid var(--fouth-color);\n  border-bottom: 1px solid var(--fouth-color);\n  font-family: var(--regular-text-font);\n}\n\n.old-price {\n  text-decoration: line-through;\n}\n\n.new-price {\n  font-weight: bold;\n}\n\n.save-money {\n  padding: 5px;\n  border-radius: 10px;\n  color: var(--first-color);\n  font-size: small;\n  background-color: var(--success-color);\n}\n\n#store-btn { \n  margin-top: 10px;\n  width: 100%;\n  text-align: center;\n  border-top: 1px solid var(--fouth-color);\n  font-family: var(--regular-text-font);\n  font-size: medium;\n  background-color: var(--fouth-color);\n  border-radius: 10px;\n  color: var(--first-color);\n}\n\n#category-btn {\n  margin-top: 10px;\n  width: 100%;\n  text-align: center;\n  border-top: 1px solid var(--fouth-color);\n  font-family: var(--regular-text-font);\n  font-size: medium;\n  background-color: var(--fouth-color);\n  border-radius: 10px;\n  color: var(--first-color);\n}\n\n.variants{\n    font-family: var(--regular-text-font);\n}\n\n#P18_STOCK {\n    background-color: var(--first-color);\n    font-family: var(--regular-text-font);\n}\n\n.out-of-stock-quantity {\n    border-width: 2px !important;\n    border-color: var(--danger-color) !important;\n    color: var(--danger-color);\n}\n\n.in-stock-quantity {\n    border-width: 2px !important;\n    border-color: var(--success-color) !important;\n    color: var(--success-color);\n}\n\n.action-container {\n  margin-top: 10px;\n  padding-top: 5px;\n  border-radius: 0;\n  border-top: 1px solid var(--fouth-color);\n}\n\n.prod-qunatity {\n  width: 100%;\n  height: 50px;\n  display: flex;\n  justify-content: center;\n  align-items: center;\n  border-style: solid;\n  border-color: var(--fouth-color);\n  border-width: 2px 0 2px 0;\n  border-radius: 0;\n}\n\n.quantity-btn {\n  height: 50px;\n  width: 100%;\n  border-style: solid;\n  border-color: var(--fouth-color);\n  border-radius: 0;\n  transition: all 100ms;\n}\n\n.quantity-btn:hover {\n    background-color: var(--fouth-color);\n    color: var(--first-color);\n}\n\n\n#increment_quantity {\n  border-width: 2px 2px 2px 0;\n}\n\n#decrement_quantity {\n  border-width: 2px 0 2px 2px;\n}\n\n.action-btn {\n  display: flex;\n  justify-content: center;\n  align-items: center;\n  font-family: var(--secondary-header-font);\n  font-size: large;\n  font-weight: bold;\n}\n\n.action-btn \u003E button {\n  border-radius: 5px;\n}\n\n.action-btn \u003E button:focus {\n  outline: none;\n}\n\n#add_wishlist_btn {\n  background-color: var(--warning-color);\n  color: var(--fouth-color);\n}\n\n\/*\n  SLIDER\n*\/\n\n.slider {\n  width: 100%;\n  overflow: hidden;\n  height: 550px;\n  position: relative;\n}\n\n.sliderList {\n  position: absolute;\n  top: 0;\n  width: 100%;\n  height: 100%;\n  list-style: none;;\n}\n\n.sliderList li {\n  position: absolute;\n  top: 0;\n  bottom: 0;\n  overflow: hidden;\n  width: 100%;\n  height: 100%;\n  padding: 0;\n  margin: 0;\n}\n\n.sliderList li img {\n  width: 100%;\n  height: 100%;\n  object-fit: contain;\n  border: none;\n}\n\n.bulletList {\n  position: absolute;\n  bottom: 15px;\n  width: 100%;\n  margin: 0px 450px;\n  list-style: none;\n}\n\n.bulletList li {\n  display: inline-block;\n  width: 12px;\n  height: 12px;\n  margin: 0 5px;\n  -webkit-border-radius: 50%;\n  -moz-border-radius: 50%;\n  -ms-border-radius: 50%;\n  border-radius: 50%;\n  background-color: var(--first-color);\n  cursor: pointer;\n}\n\n.bulletList .bulletActive {\n  background-color: var(--fouth-color);\n}\n\n.content {\n  position: absolute;\n  top: 14px;\n  left: 0;\n  right: 0;\n  text-align: center;\n  font-size: 51px;\n  color: #fff;\n}\n\n.button {\n  position: absolute;\n  bottom: 50%;\n  z-index: 2;\n  display: block;\n  width: 40px;\n  height: 40px;\n  box-sizing: border-box;\n  margin: 0;\n  padding: 0;\n  border: none;\n  border-radius: 50px;\n  background-color: var(--fouth-color);\n  color: var(--first-color);\n}\n\n.button-prev {\n  left: 15px;\n}\n\n.button-next {\n  right: 15px;\n}\n\n.heart{\n    position: absolute;\n    top: 5px;\n    left: 40%;\n    background-color: transparent;\n    filter: drop-shadow(0 0 0.5rem var(--fouth-color));\n    transition: filter 200ms ease;\n}\n\n.heart:hover,\n.heart:focus-visible {\n    filter: drop-shadow(0 0 0.1rem var(--danger-color));\n}\n\n\n.a-CardView-media {\n    margin-top: 50px;\n}\n\n\/*Additional Info*\/\n.t-Tabs-link {\n    font-family: var(--main-header-font);\n}\n\n\/*\n    ADD NEW RATING \u0026 REVIEW\n*\/\n.rating {\n    padding-left: 30px !important;\n    display: flex;\n    flex-direction: row;\n    justify-content: flex-start;\n    align-items: flex-start;\n}\n\n#P18_RATING_LABEL {\n    font-size: larger;\n    font-family: var(--secondary-header-font);\n    color: var(--fouth-color);\n\n}\n\n.review-input {\n    font-family: var(--regular-text-font);\n}\n\n.a-StarRating-stars-fg \u003E span {\n    color: var(--warning-color) !important;\n}\n\n\n\n\/*\n    LIST OF CUSTOMERS REIVEWS\n*\/\n\n.customer-review \u003E li {\n    margin: 10px;\n    background-color: var(--second-color);\n    padding: 15px;\n    border-radius: 10px;\n}\n\n.t-Comments-user {\n    font-family: var(--secondary-header-font);\n}\n\n.customer-rating {\n    font-weight: bold;\n    font-size: medium;\n    display: flex;\n    align-items: center;\n    color: var(--second-color);\n    background-color: var(--fouth-color);\n    max-width: fit-content;\n    padding: 5px;\n    border-radius: 5px;\n}\n\n.t-Comments-attributes {\n    margin-top: 5px;\n    font-family: var(--regular-text-font);\n    color: var(--fouth-color);\n}"
  }
 ,"Security":{
    "Authentication":"Page Is Public"
  }
 ,"Advanced":{
    "Enable Meta Tags":false
  }
 ,"Security":{
    "Deep Linking":"Application Default"
   ,"Page Access Protection":"Arguments Must Have Checksum"
   ,"Form Auto Complete":"Off"
   ,"Browser Cache":"Application Default"
  }
 ,"Session Management":{
    "Rejoin Sessions":"Application Default"
  }
 ,"Advanced":{
    "Enable duplicate page submissions":"Yes - Enable page to be re-posted"
   ,"Reload on Submit":"Only for Success"
  }
 ,"Server Cache":{
    "Caching":"Disabled"
  }
 ,"Regions":[
    {
      "id":"22821461511976138518"
     ,"Identification":{
        "Title":"Customer Reviews"
       ,"Type":"Static Content"
      }
     ,"Layout":{
        "Sequence":240
       ,"Parent Region":"No Parent"
       ,"Position":"BODY"
       ,"Start New Layout":false
       ,"Start New Row":true
       ,"Column":"Automatic"
       ,"New Column":true
       ,"Column Span":"Automatic"
      }
     ,"Appearance":{
        "Template":"Tabs Container (19471818692017504268)"
       ,"Template Options":[
          "#DEFAULT#"
         ,"js-useLocalStorage"
         ,"t-TabsRegion-mod--fillLabels"
         ,"t-TabsRegion-mod--simple"
         ,"t-TabsRegion-mod--large"
         ,"margin-top-sm"
        ]
       ,"Render Components":"Above Content"
      }
     ,"Accessibility":{
        "Use Landmark":true
       ,"Landmark Type":"Template Default"
      }
     ,"Advanced":{
        "Static ID":"additional-informations"
       ,"Region Display Selector":false
       ,"Exclude Title from Translation":false
      }
     ,"Server Cache":{
        "Caching":"Disabled"
      }
     ,"Customization":{
        "Customizable":"Not Customizable By End Users"
      }
     ,"Attributes":{
        "Settings":{
          "Output As":"HTML"
         ,"Expand Shortcuts":false
        }
      }
    }
   ,{
      "id":"26541544960163367336"
     ,"Identification":{
        "Title":"Product Details"
       ,"Type":"Static Content"
      }
     ,"Layout":{
        "Sequence":20
       ,"Parent Region":"Product Details (26541545091537367337)"
       ,"Position":"BODY"
       ,"Start New Layout":false
       ,"Start New Row":true
       ,"Column":"Automatic"
       ,"New Column":true
       ,"Column Span":"Automatic"
       ,"Column CSS Classes":[
          "product-details"
        ]
      }
     ,"Appearance":{
        "Template":"Standard (19471808805460504264)"
       ,"Template Options":[
          "#DEFAULT#"
         ,"t-Region--removeHeader js-removeLandmark"
         ,"t-Region--noUI"
         ,"t-Region--scrollBody"
        ]
       ,"Render Components":"Above Content"
      }
     ,"Accessibility":{
        "Use Landmark":true
       ,"Landmark Type":"Template Default"
      }
     ,"Advanced":{
        "Region Display Selector":false
       ,"Exclude Title from Translation":false
      }
     ,"Server Cache":{
        "Caching":"Disabled"
      }
     ,"Customization":{
        "Customizable":"Not Customizable By End Users"
      }
     ,"Attributes":{
        "Settings":{
          "Output As":"HTML"
         ,"Expand Shortcuts":false
        }
      }
    }
   ,{
      "id":"26541545091537367337"
     ,"Identification":{
        "Title":"Product Details"
       ,"Type":"Static Content"
      }
     ,"Layout":{
        "Sequence":230
       ,"Parent Region":"No Parent"
       ,"Position":"BODY"
       ,"Start New Layout":false
       ,"Start New Row":false
       ,"Column":"7"
       ,"New Column":true
       ,"Column Span":"Automatic"
      }
     ,"Appearance":{
        "Template":"Standard (19471808805460504264)"
       ,"Template Options":[
          "#DEFAULT#"
         ,"t-Region--removeHeader js-removeLandmark"
         ,"t-Region--stacked"
         ,"t-Region--hiddenOverflow"
         ,"margin-top-sm"
         ,"margin-bottom-sm"
        ]
       ,"CSS Classes":[
          "product-details-container"
        ]
       ,"Render Components":"Above Content"
      }
     ,"Accessibility":{
        "Use Landmark":true
       ,"Landmark Type":"Template Default"
      }
     ,"Advanced":{
        "Region Display Selector":false
       ,"Exclude Title from Translation":false
      }
     ,"Server Cache":{
        "Caching":"Disabled"
      }
     ,"Customization":{
        "Customizable":"Not Customizable By End Users"
      }
     ,"Attributes":{
        "Settings":{
          "Output As":"HTML"
         ,"Expand Shortcuts":false
        }
      }
    }
   ,{
      "id":"28046134095294995915"
     ,"Identification":{
        "Title":"Quantity"
       ,"Type":"Static Content"
      }
     ,"Layout":{
        "Sequence":10
       ,"Parent Region":"Action-Container (34869894253072248629)"
       ,"Position":"BODY"
       ,"Start New Layout":false
       ,"Start New Row":true
       ,"Column":"Automatic"
       ,"New Column":true
       ,"Column Span":"4"
      }
     ,"Appearance":{
        "Template":"Item Container (19471801147464504260)"
       ,"Template Options":[
          "#DEFAULT#"
         ,"t-ItemContainer--alignCenter"
        ]
       ,"CSS Classes":[
          "qunatity-container"
        ]
       ,"Render Components":"Above Content"
      }
     ,"Accessibility":{
        "Use Landmark":true
       ,"Landmark Type":"Template Default"
      }
     ,"Advanced":{
        "Region Display Selector":false
       ,"Exclude Title from Translation":false
      }
     ,"Server Cache":{
        "Caching":"Disabled"
      }
     ,"Customization":{
        "Customizable":"Not Customizable By End Users"
      }
     ,"Attributes":{
        "Settings":{
          "Output As":"HTML"
         ,"Expand Shortcuts":true
        }
      }
    }
   ,{
      "id":"34869893068895248617"
     ,"Identification":{
        "Title":"Product Images"
       ,"Type":"Static Content"
      }
     ,"Source":{
        "HTML Code":" \u003Cdiv class=\"slider\" id=\"slider\"\u003E\n\t\u003Cbutton type=\"button\" class=\"button button-prev\"\u003E\n\t\t\u003Ci class=\"fa fa-chevron-left\" aria-hidden=\"true\"\u003E\u003C\/i\u003E\n\t\u003C\/button\u003E\n\t\u003Cbutton type=\"button\" class=\"button button-next\"\u003E\n\t\t\u003Ci class=\"fa fa-chevron-right\" aria-hidden=\"true\"\u003E\u003C\/i\u003E\n\t\u003C\/button\u003E\n\u003C\/div\u003E"
      }
     ,"Layout":{
        "Sequence":210
       ,"Parent Region":"No Parent"
       ,"Position":"BODY"
       ,"Start New Layout":false
       ,"Start New Row":true
       ,"Column":"Automatic"
       ,"New Column":true
       ,"Column Span":"Automatic"
      }
     ,"Appearance":{
        "Template":"Standard (19471808805460504264)"
       ,"Template Options":[
          "#DEFAULT#"
         ,"t-Region--removeHeader js-removeLandmark"
         ,"t-Region--noBorder"
         ,"t-Region--scrollBody"
         ,"margin-top-md"
         ,"margin-bottom-md"
        ]
       ,"CSS Classes":[
          "product-images-slider"
        ]
       ,"Render Components":"Above Content"
      }
     ,"Accessibility":{
        "Use Landmark":true
       ,"Landmark Type":"Template Default"
      }
     ,"Advanced":{
        "Region Display Selector":false
       ,"Exclude Title from Translation":false
      }
     ,"Server Cache":{
        "Caching":"Disabled"
      }
     ,"Customization":{
        "Customizable":"Not Customizable By End Users"
      }
     ,"Attributes":{
        "Settings":{
          "Output As":"HTML"
         ,"Expand Shortcuts":false
        }
      }
    }
   ,{
      "id":"34869894082830248627"
     ,"Identification":{
        "Title":"Variants Container"
       ,"Type":"Static Content"
      }
     ,"Layout":{
        "Sequence":50
       ,"Parent Region":"Product Details (26541545091537367337)"
       ,"Position":"BODY"
       ,"Start New Layout":false
       ,"Start New Row":true
       ,"Column":"Automatic"
       ,"New Column":true
       ,"Column Span":"Automatic"
      }
     ,"Appearance":{
        "Template":"Blank with Attributes (19471542261328504234)"
       ,"Template Options":[
          "#DEFAULT#"
        ]
       ,"CSS Classes":[
          "variants-container"
        ]
       ,"Render Components":"Above Content"
      }
     ,"Accessibility":{
        "Use Landmark":true
       ,"Landmark Type":"Template Default"
      }
     ,"Advanced":{
        "Region Display Selector":false
       ,"Exclude Title from Translation":false
      }
     ,"Server Cache":{
        "Caching":"Disabled"
      }
     ,"Customization":{
        "Customizable":"Not Customizable By End Users"
      }
     ,"Attributes":{
        "Settings":{
          "Output As":"HTML"
         ,"Expand Shortcuts":false
        }
      }
    }
   ,{
      "id":"34869894253072248629"
     ,"Identification":{
        "Title":"Action-Container"
       ,"Type":"Static Content"
      }
     ,"Layout":{
        "Sequence":60
       ,"Parent Region":"Product Details (26541545091537367337)"
       ,"Position":"BODY"
       ,"Start New Layout":false
       ,"Start New Row":true
       ,"Column":"Automatic"
       ,"New Column":true
       ,"Column Span":"Automatic"
      }
     ,"Appearance":{
        "Template":"Standard (19471808805460504264)"
       ,"Template Options":[
          "#DEFAULT#"
         ,"t-Region--noPadding"
         ,"t-Region--removeHeader js-removeLandmark"
         ,"t-Region--noBorder"
         ,"t-Region--scrollBody"
        ]
       ,"CSS Classes":[
          "action-container"
        ]
       ,"Render Components":"Above Content"
      }
     ,"Accessibility":{
        "Use Landmark":true
       ,"Landmark Type":"Template Default"
      }
     ,"Advanced":{
        "Region Display Selector":false
       ,"Exclude Title from Translation":false
      }
     ,"Server Cache":{
        "Caching":"Disabled"
      }
     ,"Customization":{
        "Customizable":"Not Customizable By End Users"
      }
     ,"Attributes":{
        "Settings":{
          "Output As":"HTML"
         ,"Expand Shortcuts":false
        }
      }
    }
   ,{
      "id":"42887194787885190827"
     ,"Identification":{
        "Title":"Product name"
       ,"Type":"Static Content"
      }
     ,"Layout":{
        "Sequence":10
       ,"Parent Region":"Product Details (26541545091537367337)"
       ,"Position":"BODY"
       ,"Start New Layout":false
       ,"Start New Row":true
       ,"Column":"Automatic"
       ,"New Column":true
       ,"Column Span":"Automatic"
      }
     ,"Appearance":{
        "Template":"Standard (19471808805460504264)"
       ,"Template Options":[
          "#DEFAULT#"
         ,"t-Region--removeHeader js-removeLandmark"
         ,"t-Region--noUI"
         ,"t-Region--scrollBody"
        ]
       ,"Render Components":"Above Content"
      }
     ,"Accessibility":{
        "Use Landmark":true
       ,"Landmark Type":"Template Default"
      }
     ,"Advanced":{
        "Static ID":"product-name"
       ,"Region Display Selector":false
       ,"Exclude Title from Translation":false
      }
     ,"Server Cache":{
        "Caching":"Disabled"
      }
     ,"Customization":{
        "Customizable":"Not Customizable By End Users"
      }
     ,"Attributes":{
        "Settings":{
          "Output As":"HTML"
         ,"Expand Shortcuts":false
        }
      }
    }
   ,{
      "id":"42887195006199190830"
     ,"Identification":{
        "Title":"Add Your Review"
       ,"Type":"Static Content"
      }
     ,"Layout":{
        "Sequence":20
       ,"Parent Region":"Customer Reviews (22821461511976138518)"
       ,"Position":"SUB_REGIONS"
       ,"Start New Layout":false
       ,"Start New Row":true
       ,"Column":"Automatic"
       ,"New Column":true
       ,"Column Span":"Automatic"
      }
     ,"Appearance":{
        "Template":"Standard (19471808805460504264)"
       ,"Template Options":[
          "#DEFAULT#"
         ,"t-Region--stacked"
         ,"t-Region--hiddenOverflow"
         ,"margin-top-sm"
        ]
       ,"Render Components":"Above Content"
      }
     ,"Accessibility":{
        "Use Landmark":true
       ,"Landmark Type":"Template Default"
      }
     ,"Advanced":{
        "Region Display Selector":false
       ,"Exclude Title from Translation":false
      }
     ,"Server Cache":{
        "Caching":"Disabled"
      }
     ,"Customization":{
        "Customizable":"Not Customizable By End Users"
      }
     ,"Attributes":{
        "Settings":{
          "Output As":"HTML"
         ,"Expand Shortcuts":false
        }
      }
    }
   ,{
      "id":"42887195104622190831"
     ,"Identification":{
        "Title":"Our Customers Also Said "
       ,"Type":"Comments"
      }
     ,"Source":{
        "Location":"Local Database"
       ,"Type":"SQL Query"
       ,"SQL Query":"select REVIEW_ID,\n       REVIEW,\n       \u0027\u003Cspan class=\"customer-rating\"\u003E \u0027|| RATING  || \u0027\/5 \u003Cspan class=\"fa fa-star\" aria-hidden=\"true\" style=\"margin-left: 2px;\"\u003E\u003C\/span\u003E\u003C\/span\u003E\u0027 as rating,\n       r.CUSTOMER_ID,\n       c.firstname as customer_name,\n       c.firstname || \u0027 \u0027 ||c.lastname as review_text,\n       PRODUCT_ID\n  from REVIEWS r\n  left join customer c on r.CUSTOMER_ID = c.customer_id"
      }
     ,"Layout":{
        "Sequence":30
       ,"Parent Region":"Customer Reviews (22821461511976138518)"
       ,"Position":"SUB_REGIONS"
       ,"Start New Layout":false
       ,"Start New Row":true
       ,"Column":"Automatic"
       ,"New Column":true
       ,"Column Span":"Automatic"
      }
     ,"Appearance":{
        "Template":"Standard (19471808805460504264)"
       ,"Template Options":[
          "#DEFAULT#"
         ,"t-Region--textContent"
         ,"t-Region--scrollBody"
        ]
       ,"Render Components":"Above Content"
      }
     ,"Accessibility":{
        "Use Landmark":true
       ,"Landmark Type":"Region"
      }
     ,"Advanced":{
        "Region Display Selector":false
       ,"Exclude Title from Translation":false
      }
     ,"Server Cache":{
        "Caching":"Disabled"
      }
     ,"Customization":{
        "Customizable":"Not Customizable By End Users"
      }
     ,"Attributes":{
        "Appearance":{
          "Display":"Multiple (Report)"
         ,"CSS Classes":[
            "customer-review"
          ]
        }
       ,"Settings":{
          "Comment Text":"RATING"
         ,"User Name":"CUSTOMER_NAME"
         ,"Attributes":"\u0026REVIEW. dasdasdas"
         ,"Display Avatar":true
         ,"Style":"Basic"
         ,"Apply Theme Colors":true
        }
       ,"AVATAR":{
          "Type":"Icon"
         ,"Icon":"fa-user"
         ,"Shape":"Rounded"
        }
       ,"Performance":{
          "Lazy Loading":false
        }
       ,"Pagination":{
          "Type":"Page"
         ,"Entities per Page":15
         ,"Show Total Count":false
        }
      }
     ,"Columns":[
        {
          "id":"42887195246503190832"
         ,"Identification":{
            "Name":"REVIEW_ID"
          }
         ,"Layout":{
            "Sequence":10
          }
         ,"Source":{
            "Type":"Database Column"
           ,"Database Column":"REVIEW_ID"
           ,"Data Type":"NUMBER"
           ,"Primary Key":true
          }
        }
       ,{
          "id":"42887195353328190833"
         ,"Identification":{
            "Name":"REVIEW"
          }
         ,"Layout":{
            "Sequence":20
          }
         ,"Source":{
            "Type":"Database Column"
           ,"Database Column":"REVIEW"
           ,"Data Type":"VARCHAR2"
           ,"Primary Key":false
          }
        }
       ,{
          "id":"42887195417947190834"
         ,"Identification":{
            "Name":"RATING"
          }
         ,"Layout":{
            "Sequence":30
          }
         ,"Source":{
            "Type":"Database Column"
           ,"Database Column":"RATING"
           ,"Data Type":"VARCHAR2"
           ,"Primary Key":false
          }
        }
       ,{
          "id":"42887195560176190835"
         ,"Identification":{
            "Name":"CUSTOMER_ID"
          }
         ,"Layout":{
            "Sequence":40
          }
         ,"Source":{
            "Type":"Database Column"
           ,"Database Column":"CUSTOMER_ID"
           ,"Data Type":"NUMBER"
           ,"Primary Key":false
          }
        }
       ,{
          "id":"42887195624079190836"
         ,"Identification":{
            "Name":"PRODUCT_ID"
          }
         ,"Layout":{
            "Sequence":50
          }
         ,"Source":{
            "Type":"Database Column"
           ,"Database Column":"PRODUCT_ID"
           ,"Data Type":"NUMBER"
           ,"Primary Key":false
          }
        }
       ,{
          "id":"42887196345894190843"
         ,"Identification":{
            "Name":"REVIEW_TEXT"
          }
         ,"Layout":{
            "Sequence":60
          }
         ,"Source":{
            "Type":"Database Column"
           ,"Database Column":"REVIEW_TEXT"
           ,"Data Type":"VARCHAR2"
           ,"Primary Key":false
          }
        }
       ,{
          "id":"42887196476373190844"
         ,"Identification":{
            "Name":"CUSTOMER_NAME"
          }
         ,"Layout":{
            "Sequence":70
          }
         ,"Source":{
            "Type":"Database Column"
           ,"Database Column":"CUSTOMER_NAME"
           ,"Data Type":"VARCHAR2"
           ,"Primary Key":false
          }
        }
      ]
    }
   ,{
      "id":"42887196520202190845"
     ,"Identification":{
        "Title":"Product Description"
       ,"Type":"Dynamic Content"
      }
     ,"Source":{
        "Language":"PL\/SQL"
       ,"PL\/SQL Function Body returning a CLOB":"DECLARE\n    l_productDesc product.product_description%TYPE;\nBEGIN\n    SELECT \n        product_description\n    INTO\n        l_productDesc\n    FROM \n        product\n    WHERE\n        product_id = :P18_PRODUCT_ID;\n    \n\n    RETURN \n        \u0027\u003Cp class=\"product-description\"\u003E \u0027 || l_productDesc || \u0027\u003C\/p\u003E\u0027;\n       \nEND;"
      }
     ,"Layout":{
        "Sequence":10
       ,"Parent Region":"Customer Reviews (22821461511976138518)"
       ,"Position":"SUB_REGIONS"
       ,"Start New Layout":false
       ,"Start New Row":true
       ,"Column":"Automatic"
       ,"New Column":true
       ,"Column Span":"Automatic"
      }
     ,"Appearance":{
        "Template":"Standard (19471808805460504264)"
       ,"Template Options":[
          "#DEFAULT#"
         ,"t-Region--removeHeader js-removeLandmark"
         ,"t-Region--stacked"
         ,"t-Region--scrollBody"
         ,"margin-top-sm"
        ]
       ,"Render Components":"Above Content"
      }
     ,"Accessibility":{
        "Use Landmark":true
       ,"Landmark Type":"Template Default"
      }
     ,"Advanced":{
        "Region Display Selector":false
       ,"Exclude Title from Translation":false
      }
     ,"Server Cache":{
        "Caching":"Disabled"
      }
     ,"Customization":{
        "Customizable":"Not Customizable By End Users"
      }
     ,"Attributes":{
        "Performance":{
          "Lazy Loading":false
        }
      }
    }
   ,{
      "id":"71667913928993535014"
     ,"Identification":{
        "Title":"Similar Products"
       ,"Type":"Static Content"
      }
     ,"Layout":{
        "Sequence":250
       ,"Parent Region":"No Parent"
       ,"Position":"BODY"
       ,"Start New Layout":false
       ,"Start New Row":true
       ,"Column":"Automatic"
       ,"New Column":true
       ,"Column Span":"Automatic"
      }
     ,"Appearance":{
        "Template":"Standard (19471808805460504264)"
       ,"Template Options":[
          "#DEFAULT#"
         ,"t-Region--stacked"
         ,"t-Region--scrollBody"
         ,"margin-top-md"
        ]
       ,"Render Components":"Above Content"
      }
     ,"Accessibility":{
        "Use Landmark":true
       ,"Landmark Type":"Template Default"
      }
     ,"Advanced":{
        "Region Display Selector":false
       ,"Exclude Title from Translation":false
      }
     ,"Server-side Condition":{
        "Type":"Function Body"
       ,"Language":"PL\/SQL"
       ,"PL\/SQL Function Body":"declare\nv_count number;\n\nbegin\nif to_number(:USER_ID) is not null then \n    select count(*) into v_count from customer_activity where customer_id = to_number(:USER_ID);\n            if v_count = 0 then \n                    return false ;\n            else\n                    return true;\n             end if;       \nelse \nreturn false;\nend if ;\nend;"
      }
     ,"Server Cache":{
        "Caching":"Disabled"
      }
     ,"Customization":{
        "Customizable":"Not Customizable By End Users"
      }
     ,"Attributes":{
        "Settings":{
          "Output As":"HTML"
         ,"Expand Shortcuts":false
        }
      }
    }
   ,{
      "id":"72436807694934506498"
     ,"Identification":{
        "Title":"Recently_seen_card"
       ,"Type":"Cards"
      }
     ,"Source":{
        "Location":"Local Database"
       ,"Type":"SQL Query"
       ,"SQL Query":"SELECT p.product_id,\n        p.product_name,\n        p.unit_price,\n        discount,\n        NEW_PRICE (P.PRODUCT_ID) new_price,\n        AMOUNT_SOLD(P.PRODUCT_ID) amount_sold,\n        pi.image,\n        c.customer_id\nFROM    product p\n        join (SELECT image_id,\n            product_id,\n            image\n            FROM(SELECT image_id,\n                        product_id,\n                        image,\n                        Row_number()\n                            over (\n                            PARTITION BY product_id\n                            ORDER BY image_id) AS rn\n                FROM   product_images) img\n                WHERE  rn = 1) pi\n        ON p.product_id = pi.product_id\n\n        join (select distinct customer_id,\n                product_id\n            from customer_activity)c\n            on p.product_id = c.product_id\nWHERE to_number(:USER_ID) = c.customer_id;\n\n\n"
      }
     ,"Layout":{
        "Sequence":10
       ,"Parent Region":"Similar Products (71667913928993535014)"
       ,"Position":"SUB_REGIONS"
       ,"Start New Layout":false
       ,"Start New Row":true
       ,"Column":"Automatic"
       ,"New Column":true
       ,"Column Span":"Automatic"
      }
     ,"Appearance":{
        "Template":"Cards Container (19471549395551504237)"
       ,"Template Options":[
          "#DEFAULT#"
         ,"t-CardsRegion--styleC"
         ,"margin-top-md"
        ]
       ,"Render Components":"Above Content"
      }
     ,"Accessibility":{
        "Use Landmark":true
       ,"Landmark Type":"Template Default"
      }
     ,"Advanced":{
        "Region Display Selector":false
       ,"Exclude Title from Translation":false
      }
     ,"Server Cache":{
        "Caching":"Disabled"
      }
     ,"Customization":{
        "Customizable":"Not Customizable By End Users"
      }
     ,"Attributes":{
        "id":"37838757005192245373"
       ,"Appearance":{
          "Layout":"Grid"
         ,"Grid Columns":"5 Columns"
        }
       ,"Card":{
          "Primary Key Column 1":"PRODUCT_ID"
        }
       ,"Title":{
          "Advanced Formatting":false
         ,"Column":"PRODUCT_NAME"
        }
       ,"Subtitle":{
          "Advanced Formatting":true
         ,"HTML Expression":"{case DISCOUNT\/}\n{when 0\/}\n\u003Cb\u003E\u0026NEW_PRICE. TN\u003C\/b\u003E\n{otherwise\/}\n\u0026DISCOUNT.% \u0026emsp;\n\u003Cb\u003E\u0026NEW_PRICE. TN \u003C\/b\u003E\u0026emsp;\n\u003Cs\u003E \u0026UNIT_PRICE. TN\u003C\/s\u003E\n\n\n{endcase\/}"
        }
       ,"Body":{
          "Advanced Formatting":false
        }
       ,"Secondary Body":{
          "Advanced Formatting":false
        }
       ,"Icon and Badge":{
          "Icon Source":"No Icon"
        }
       ,"Media":{
          "Advanced Formatting":false
         ,"Source":"BLOB Column"
         ,"BLOB Column":"IMAGE"
         ,"Position":"First"
         ,"Appearance":"Widescreen"
         ,"Sizing":"Cover"
        }
       ,"Performance":{
          "Lazy Loading":false
        }
       ,"Pagination":{
          "Type":"Scroll"
         ,"Show Total Count":false
        }
       ,"Actions":[
          {
            "id":"37838758701178245376"
           ,"Identification":{
              "Type":"Full Card"
            }
           ,"Layout":{
              "Sequence":10
            }
           ,"Link":{
              "Type":"Redirect to Page in this Application"
             ,"Target":{
                "url":"f?p=\u0026APP_ID.:18:\u0026SESSION.::\u0026DEBUG.:18:P18_PRODUCT_ID:\u0026PRODUCT_ID."
               ,"Page":"18"
               ,"Clear Cache":"18"
               ,"Values":{
                  "P18_PRODUCT_ID":"\u0026PRODUCT_ID."
                }
              }
            }
          }
        ]
      }
    }
  ]
 ,"Page Items":[
    {
      "id":"22821462164902138524"
     ,"Identification":{
        "Name":"P18_QUANTITY"
       ,"Type":"Number Field"
      }
     ,"Label":{
        "Alignment":"Left"
      }
     ,"Settings":{
        "Minimum Value":0
       ,"Number Alignment":"Center"
       ,"Virtual Keyboard":"Decimal"
      }
     ,"Layout":{
        "Sequence":10
       ,"Region":"Quantity (28046134095294995915)"
       ,"Position":"BODY"
       ,"Alignment":"Left"
       ,"Start New Layout":false
       ,"Start New Row":true
       ,"Column":"Automatic"
       ,"New Column":true
       ,"Column Span":"Automatic"
       ,"Label Column Span":"Page Template Default"
      }
     ,"Appearance":{
        "Width":2
       ,"Value Placeholder":"Quantity"
      }
     ,"Validation":{
        "Value Required":true
      }
     ,"Advanced":{
        "CSS Classes":[
          "prod-qunatity"
        ]
       ,"Warn on Unsaved Changes":"Ignore"
      }
     ,"Source":{
        "Type":"Null"
       ,"Used":"Only when current value in session state is null"
      }
     ,"Session State":{
        "Storage":"Per Session (Persistent)"
      }
     ,"Quick Picks":{
        "Show Quick Picks":false
      }
     ,"Security":{
        "Session State Protection":"Unrestricted"
       ,"Store value encrypted in session state":true
       ,"Restricted Characters":"All characters can be saved."
      }
    }
   ,{
      "id":"26541541610181367303"
     ,"Identification":{
        "Name":"P18_PRODUCT_NAME"
       ,"Type":"Hidden"
      }
     ,"Settings":{
        "Value Protected":false
      }
     ,"Layout":{
        "Sequence":30
       ,"Region":"No Parent"
       ,"Position":"BODY"
      }
     ,"Advanced":{
        "Warn on Unsaved Changes":"Page Default"
      }
     ,"Source":{
        "Type":"Null"
       ,"Used":"Only when current value in session state is null"
      }
     ,"Session State":{
        "Data Type":"VARCHAR2"
       ,"Storage":"Per Session (Persistent)"
      }
     ,"Security":{
        "Session State Protection":"Unrestricted"
       ,"Store value encrypted in session state":true
       ,"Restricted Characters":"All characters can be saved."
      }
    }
   ,{
      "id":"26541541782165367304"
     ,"Identification":{
        "Name":"P18_PRODUCT_ID"
       ,"Type":"Hidden"
      }
     ,"Settings":{
        "Value Protected":false
      }
     ,"Layout":{
        "Sequence":20
       ,"Region":"No Parent"
       ,"Position":"BODY"
      }
     ,"Advanced":{
        "Warn on Unsaved Changes":"Page Default"
      }
     ,"Source":{
        "Type":"Null"
       ,"Used":"Only when current value in session state is null"
      }
     ,"Session State":{
        "Data Type":"VARCHAR2"
       ,"Storage":"Per Session (Persistent)"
      }
     ,"Security":{
        "Session State Protection":"Unrestricted"
       ,"Store value encrypted in session state":true
       ,"Restricted Characters":"All characters can be saved."
      }
    }
   ,{
      "id":"26541541996995367306"
     ,"Identification":{
        "Name":"P18_PRODUCT_DESCRIPTION"
       ,"Type":"Hidden"
      }
     ,"Settings":{
        "Value Protected":false
      }
     ,"Layout":{
        "Sequence":40
       ,"Region":"No Parent"
       ,"Position":"BODY"
      }
     ,"Advanced":{
        "Warn on Unsaved Changes":"Page Default"
      }
     ,"Source":{
        "Type":"Null"
       ,"Used":"Only when current value in session state is null"
      }
     ,"Session State":{
        "Data Type":"VARCHAR2"
       ,"Storage":"Per Session (Persistent)"
      }
     ,"Security":{
        "Session State Protection":"Unrestricted"
       ,"Store value encrypted in session state":true
       ,"Restricted Characters":"All characters can be saved."
      }
    }
   ,{
      "id":"26541542018589367307"
     ,"Identification":{
        "Name":"P18_UNIT_PRICE"
       ,"Type":"Hidden"
      }
     ,"Settings":{
        "Value Protected":false
      }
     ,"Layout":{
        "Sequence":50
       ,"Region":"No Parent"
       ,"Position":"BODY"
      }
     ,"Advanced":{
        "Warn on Unsaved Changes":"Page Default"
      }
     ,"Source":{
        "Type":"Null"
       ,"Used":"Only when current value in session state is null"
      }
     ,"Session State":{
        "Data Type":"VARCHAR2"
       ,"Storage":"Per Session (Persistent)"
      }
     ,"Security":{
        "Session State Protection":"Unrestricted"
       ,"Store value encrypted in session state":true
       ,"Restricted Characters":"All characters can be saved."
      }
    }
   ,{
      "id":"26541542741477367314"
     ,"Identification":{
        "Name":"P18_STORE_NAME"
       ,"Type":"Hidden"
      }
     ,"Settings":{
        "Value Protected":false
      }
     ,"Layout":{
        "Sequence":110
       ,"Region":"No Parent"
       ,"Position":"BODY"
      }
     ,"Advanced":{
        "Warn on Unsaved Changes":"Page Default"
      }
     ,"Source":{
        "Type":"Null"
       ,"Used":"Only when current value in session state is null"
      }
     ,"Session State":{
        "Data Type":"VARCHAR2"
       ,"Storage":"Per Session (Persistent)"
      }
     ,"Security":{
        "Session State Protection":"Unrestricted"
       ,"Store value encrypted in session state":true
       ,"Restricted Characters":"All characters can be saved."
      }
    }
   ,{
      "id":"26571017328986157644"
     ,"Identification":{
        "Name":"P18_VARIANT_1_NAME"
       ,"Type":"Hidden"
      }
     ,"Settings":{
        "Value Protected":false
      }
     ,"Layout":{
        "Sequence":160
       ,"Region":"No Parent"
       ,"Position":"BODY"
      }
     ,"Advanced":{
        "Warn on Unsaved Changes":"Page Default"
      }
     ,"Source":{
        "Type":"Null"
       ,"Used":"Only when current value in session state is null"
      }
     ,"Session State":{
        "Data Type":"VARCHAR2"
       ,"Storage":"Per Session (Persistent)"
      }
     ,"Security":{
        "Session State Protection":"Unrestricted"
       ,"Store value encrypted in session state":true
       ,"Restricted Characters":"All characters can be saved."
      }
    }
   ,{
      "id":"26571017438590157645"
     ,"Identification":{
        "Name":"P18_VARIANT_2_NAME"
       ,"Type":"Hidden"
      }
     ,"Settings":{
        "Value Protected":false
      }
     ,"Layout":{
        "Sequence":170
       ,"Region":"No Parent"
       ,"Position":"BODY"
      }
     ,"Advanced":{
        "Warn on Unsaved Changes":"Page Default"
      }
     ,"Source":{
        "Type":"Null"
       ,"Used":"Only when current value in session state is null"
      }
     ,"Session State":{
        "Data Type":"VARCHAR2"
       ,"Storage":"Per Session (Persistent)"
      }
     ,"Security":{
        "Session State Protection":"Unrestricted"
       ,"Store value encrypted in session state":true
       ,"Restricted Characters":"All characters can be saved."
      }
    }
   ,{
      "id":"26571017557664157646"
     ,"Identification":{
        "Name":"P18_VARIANT_3_NAME"
       ,"Type":"Hidden"
      }
     ,"Settings":{
        "Value Protected":false
      }
     ,"Layout":{
        "Sequence":180
       ,"Region":"No Parent"
       ,"Position":"BODY"
      }
     ,"Advanced":{
        "Warn on Unsaved Changes":"Page Default"
      }
     ,"Source":{
        "Type":"Null"
       ,"Used":"Only when current value in session state is null"
      }
     ,"Session State":{
        "Data Type":"VARCHAR2"
       ,"Storage":"Per Session (Persistent)"
      }
     ,"Security":{
        "Session State Protection":"Unrestricted"
       ,"Store value encrypted in session state":true
       ,"Restricted Characters":"All characters can be saved."
      }
    }
   ,{
      "id":"26571017622891157647"
     ,"Identification":{
        "Name":"P18_DISCOUNT"
       ,"Type":"Hidden"
      }
     ,"Settings":{
        "Value Protected":false
      }
     ,"Layout":{
        "Sequence":130
       ,"Region":"No Parent"
       ,"Position":"BODY"
      }
     ,"Advanced":{
        "Warn on Unsaved Changes":"Page Default"
      }
     ,"Source":{
        "Type":"Null"
       ,"Used":"Only when current value in session state is null"
      }
     ,"Session State":{
        "Data Type":"VARCHAR2"
       ,"Storage":"Per Request (Memory Only)"
      }
     ,"Security":{
        "Session State Protection":"Unrestricted"
       ,"Store value encrypted in session state":true
       ,"Restricted Characters":"All characters can be saved."
      }
    }
   ,{
      "id":"26571017743912157648"
     ,"Identification":{
        "Name":"P18_CATEGORY_NAME"
       ,"Type":"Hidden"
      }
     ,"Settings":{
        "Value Protected":false
      }
     ,"Layout":{
        "Sequence":80
       ,"Region":"No Parent"
       ,"Position":"BODY"
      }
     ,"Advanced":{
        "Warn on Unsaved Changes":"Page Default"
      }
     ,"Source":{
        "Type":"Null"
       ,"Used":"Only when current value in session state is null"
      }
     ,"Session State":{
        "Data Type":"VARCHAR2"
       ,"Storage":"Per Session (Persistent)"
      }
     ,"Security":{
        "Session State Protection":"Unrestricted"
       ,"Store value encrypted in session state":true
       ,"Restricted Characters":"All characters can be saved."
      }
    }
   ,{
      "id":"33975089793187940913"
     ,"Identification":{
        "Name":"P18_VARIANT_1"
       ,"Type":"Select List"
      }
     ,"Label":{
        "Label":"\u0026P18_VARIANT_1_NAME."
       ,"Alignment":"Left"
      }
     ,"Settings":{
        "Page Action on Selection":"None"
       ,"Allow Multi Selection":false
      }
     ,"Layout":{
        "Sequence":70
       ,"Region":"Variants Container (34869894082830248627)"
       ,"Position":"BODY"
       ,"Alignment":"Left"
       ,"Start New Layout":false
       ,"Start New Row":true
       ,"Column":"Automatic"
       ,"New Column":true
       ,"Column Span":"Automatic"
       ,"Label Column Span":"Page Template Default"
      }
     ,"Appearance":{
        "Template":"Required - Floating (19471880875514504303)"
       ,"Template Options":[
          "#DEFAULT#"
        ]
       ,"CSS Classes":[
          "variants"
        ]
       ,"Height":1
      }
     ,"Validation":{
        "Value Required":false
      }
     ,"List of Values":{
        "Type":"SQL Query"
       ,"SQL Query":"SELECT DISTINCT\n    variant_1 as display_value, variant_1 as return_value\nFROM\n    variant_stock\nWHERE\n    product_id = :P18_PRODUCT_ID;"
       ,"Display Extra Values":false
       ,"Display Null Value":true
       ,"Null Display Value":"-- Select \u0026P18_VARIANT_1_NAME. --"
      }
     ,"Advanced":{
        "Warn on Unsaved Changes":"Page Default"
      }
     ,"Source":{
        "Type":"Null"
       ,"Used":"Only when current value in session state is null"
      }
     ,"Session State":{
        "Storage":"Per Session (Persistent)"
      }
     ,"Quick Picks":{
        "Show Quick Picks":false
      }
     ,"Security":{
        "Session State Protection":"Unrestricted"
       ,"Store value encrypted in session state":true
       ,"Restricted Characters":"All characters can be saved."
      }
    }
   ,{
      "id":"33975089882724940914"
     ,"Identification":{
        "Name":"P18_VARIANT_2"
       ,"Type":"Select List"
      }
     ,"Label":{
        "Label":"\u0026P18_VARIANT_2_NAME."
       ,"Alignment":"Left"
      }
     ,"Settings":{
        "Page Action on Selection":"None"
       ,"Allow Multi Selection":false
      }
     ,"Layout":{
        "Sequence":80
       ,"Region":"Variants Container (34869894082830248627)"
       ,"Position":"BODY"
       ,"Alignment":"Left"
       ,"Start New Layout":false
       ,"Start New Row":false
       ,"Column":"Automatic"
       ,"New Column":true
       ,"Column Span":"4"
       ,"Label Column Span":"Page Template Default"
      }
     ,"Appearance":{
        "Template":"Required - Floating (19471880875514504303)"
       ,"Template Options":[
          "#DEFAULT#"
        ]
       ,"CSS Classes":[
          "variants"
        ]
       ,"Height":1
      }
     ,"Validation":{
        "Value Required":false
      }
     ,"List of Values":{
        "Type":"SQL Query"
       ,"SQL Query":"SELECT DISTINCT\n    variant_2 as display_value, variant_2 as return_value\nFROM\n    variant_stock\nWHERE\n    product_id = :P18_PRODUCT_ID\nAND\n    variant_1 = :P18_VARIANT_1;"
       ,"Display Extra Values":false
       ,"Display Null Value":true
       ,"Null Display Value":"-- Select \u0026P18_VARIANT_2_NAME. --"
      }
     ,"Cascading List of Values":{
        "Parent Item(s)":[
          "P18_VARIANT_1"
        ]
       ,"Parent Required":true
      }
     ,"Advanced":{
        "Warn on Unsaved Changes":"Page Default"
      }
     ,"Source":{
        "Type":"Null"
       ,"Used":"Only when current value in session state is null"
      }
     ,"Session State":{
        "Storage":"Per Session (Persistent)"
      }
     ,"Quick Picks":{
        "Show Quick Picks":false
      }
     ,"Security":{
        "Session State Protection":"Unrestricted"
       ,"Store value encrypted in session state":true
       ,"Restricted Characters":"All characters can be saved."
      }
    }
   ,{
      "id":"33975089946093940915"
     ,"Identification":{
        "Name":"P18_VARIANT_3"
       ,"Type":"Select List"
      }
     ,"Label":{
        "Label":"\u0026P18_VARIANT_3_NAME."
       ,"Alignment":"Left"
      }
     ,"Settings":{
        "Page Action on Selection":"None"
       ,"Allow Multi Selection":false
      }
     ,"Layout":{
        "Sequence":90
       ,"Region":"Variants Container (34869894082830248627)"
       ,"Position":"BODY"
       ,"Alignment":"Left"
       ,"Start New Layout":false
       ,"Start New Row":false
       ,"Column":"Automatic"
       ,"New Column":true
       ,"Column Span":"Automatic"
       ,"Label Column Span":"Page Template Default"
      }
     ,"Appearance":{
        "Template":"Required - Floating (19471880875514504303)"
       ,"Template Options":[
          "#DEFAULT#"
        ]
       ,"CSS Classes":[
          "variants"
        ]
       ,"Height":1
      }
     ,"Validation":{
        "Value Required":false
      }
     ,"List of Values":{
        "Type":"SQL Query"
       ,"SQL Query":"SELECT DISTINCT\n    variant_3 as display_value, variant_3 as return_value\nFROM\n    variant_stock\nWHERE\n    product_id = :P18_PRODUCT_ID\n    AND variant_1 = :P18_VARIANT_1\n    AND variant_2 = :P18_VARIANT_2"
       ,"Display Extra Values":false
       ,"Display Null Value":true
       ,"Null Display Value":"-- Select \u0026P18_VARIANT_3_NAME. --"
      }
     ,"Cascading List of Values":{
        "Parent Item(s)":[
          "P18_VARIANT_2"
        ]
       ,"Parent Required":true
      }
     ,"Advanced":{
        "Warn on Unsaved Changes":"Page Default"
      }
     ,"Source":{
        "Type":"Null"
       ,"Used":"Only when current value in session state is null"
      }
     ,"Session State":{
        "Storage":"Per Session (Persistent)"
      }
     ,"Quick Picks":{
        "Show Quick Picks":false
      }
     ,"Security":{
        "Session State Protection":"Unrestricted"
       ,"Store value encrypted in session state":true
       ,"Restricted Characters":"All characters can be saved."
      }
    }
   ,{
      "id":"33975091984047940935"
     ,"Identification":{
        "Name":"P18_STOCK"
       ,"Type":"Display Only"
      }
     ,"Label":{
        "Label":"Quantity Available in Stock"
       ,"Alignment":"Left"
      }
     ,"Settings":{
        "Format":"Plain Text"
       ,"Based On":"Item Value"
       ,"Show Line Breaks":false
       ,"Send On Page Submit":false
      }
     ,"Layout":{
        "Sequence":100
       ,"Region":"Variants Container (34869894082830248627)"
       ,"Position":"BODY"
       ,"Alignment":"Left"
       ,"Start New Layout":false
       ,"Start New Row":true
       ,"Column":"Automatic"
       ,"New Column":true
       ,"Column Span":"Automatic"
       ,"Label Column Span":"Page Template Default"
      }
     ,"Appearance":{
        "Template":"Optional - Floating (19471879586967504303)"
       ,"Template Options":[
          "#DEFAULT#"
        ]
       ,"CSS Classes":[
          "available-stock"
        ]
      }
     ,"Advanced":{
        "Warn on Unsaved Changes":"Page Default"
      }
     ,"Source":{
        "Type":"Null"
       ,"Used":"Only when current value in session state is null"
      }
     ,"Default":{
        "Type":"Static"
       ,"Static Value":"Choose variants to get the quantity available in stock"
      }
     ,"Session State":{
        "Data Type":"VARCHAR2"
       ,"Storage":"Per Session (Persistent)"
      }
     ,"Security":{
        "Session State Protection":"Unrestricted"
       ,"Store value encrypted in session state":true
       ,"Restricted Characters":"All characters can be saved."
      }
    }
   ,{
      "id":"34869892054281248607"
     ,"Identification":{
        "Name":"P18_STORE_ID"
       ,"Type":"Hidden"
      }
     ,"Settings":{
        "Value Protected":false
      }
     ,"Layout":{
        "Sequence":100
       ,"Region":"No Parent"
       ,"Position":"BODY"
      }
     ,"Advanced":{
        "Warn on Unsaved Changes":"Page Default"
      }
     ,"Source":{
        "Type":"Null"
       ,"Used":"Only when current value in session state is null"
      }
     ,"Session State":{
        "Data Type":"VARCHAR2"
       ,"Storage":"Per Session (Persistent)"
      }
     ,"Security":{
        "Session State Protection":"Unrestricted"
       ,"Store value encrypted in session state":true
       ,"Restricted Characters":"All characters can be saved."
      }
    }
   ,{
      "id":"34869892445052248611"
     ,"Identification":{
        "Name":"P18_STORE_URL"
       ,"Type":"Hidden"
      }
     ,"Settings":{
        "Value Protected":true
      }
     ,"Layout":{
        "Sequence":70
       ,"Region":"Product Details (26541545091537367337)"
       ,"Position":"BODY"
      }
     ,"Advanced":{
        "Warn on Unsaved Changes":"Page Default"
      }
     ,"Source":{
        "Type":"Null"
       ,"Used":"Only when current value in session state is null"
      }
     ,"Session State":{
        "Data Type":"VARCHAR2"
       ,"Storage":"Per Session (Persistent)"
      }
     ,"Security":{
        "Session State Protection":"Unrestricted"
       ,"Store value encrypted in session state":true
       ,"Restricted Characters":"All characters can be saved."
      }
    }
   ,{
      "id":"34869893210850248619"
     ,"Identification":{
        "Name":"P18_PRODUCT_SLIDER_JSON"
       ,"Type":"Hidden"
      }
     ,"Settings":{
        "Value Protected":false
      }
     ,"Layout":{
        "Sequence":200
       ,"Region":"No Parent"
       ,"Position":"BODY"
      }
     ,"Advanced":{
        "Warn on Unsaved Changes":"Page Default"
      }
     ,"Source":{
        "Type":"Null"
       ,"Used":"Only when current value in session state is null"
      }
     ,"Session State":{
        "Data Type":"VARCHAR2"
       ,"Storage":"Per Session (Persistent)"
      }
     ,"Security":{
        "Session State Protection":"Unrestricted"
       ,"Store value encrypted in session state":true
       ,"Restricted Characters":"All characters can be saved."
      }
    }
   ,{
      "id":"34869893936804248626"
     ,"Identification":{
        "Name":"P18_NEW_PRICE"
       ,"Type":"Hidden"
      }
     ,"Settings":{
        "Value Protected":false
      }
     ,"Layout":{
        "Sequence":140
       ,"Region":"No Parent"
       ,"Position":"BODY"
      }
     ,"Advanced":{
        "Warn on Unsaved Changes":"Page Default"
      }
     ,"Source":{
        "Type":"Null"
       ,"Used":"Only when current value in session state is null"
      }
     ,"Session State":{
        "Data Type":"VARCHAR2"
       ,"Storage":"Per Request (Memory Only)"
      }
     ,"Security":{
        "Session State Protection":"Unrestricted"
       ,"Store value encrypted in session state":true
       ,"Restricted Characters":"All characters can be saved."
      }
    }
   ,{
      "id":"37036233395482922413"
     ,"Identification":{
        "Name":"P18_STOCK_ID"
       ,"Type":"Hidden"
      }
     ,"Settings":{
        "Value Protected":true
      }
     ,"Layout":{
        "Sequence":190
       ,"Region":"No Parent"
       ,"Position":"BODY"
      }
     ,"Advanced":{
        "Warn on Unsaved Changes":"Page Default"
      }
     ,"Source":{
        "Type":"Null"
       ,"Used":"Only when current value in session state is null"
      }
     ,"Session State":{
        "Data Type":"VARCHAR2"
       ,"Storage":"Per Session (Persistent)"
      }
     ,"Security":{
        "Session State Protection":"Unrestricted"
       ,"Store value encrypted in session state":true
       ,"Restricted Characters":"All characters can be saved."
      }
    }
   ,{
      "id":"42374009587370189342"
     ,"Identification":{
        "Name":"P18_STORE_OWNER_ID"
       ,"Type":"Hidden"
      }
     ,"Settings":{
        "Value Protected":false
      }
     ,"Layout":{
        "Sequence":120
       ,"Region":"No Parent"
       ,"Position":"BODY"
      }
     ,"Advanced":{
        "Warn on Unsaved Changes":"Page Default"
      }
     ,"Source":{
        "Type":"Null"
       ,"Used":"Only when current value in session state is null"
      }
     ,"Session State":{
        "Data Type":"VARCHAR2"
       ,"Storage":"Per Session (Persistent)"
      }
     ,"Security":{
        "Session State Protection":"Unrestricted"
       ,"Store value encrypted in session state":true
       ,"Restricted Characters":"All characters can be saved."
      }
    }
   ,{
      "id":"42887193722949190817"
     ,"Identification":{
        "Name":"P18_CATEGORY_ID"
       ,"Type":"Hidden"
      }
     ,"Settings":{
        "Value Protected":false
      }
     ,"Layout":{
        "Sequence":90
       ,"Region":"No Parent"
       ,"Position":"BODY"
      }
     ,"Advanced":{
        "Warn on Unsaved Changes":"Page Default"
      }
     ,"Source":{
        "Type":"Null"
       ,"Used":"Only when current value in session state is null"
      }
     ,"Session State":{
        "Data Type":"VARCHAR2"
       ,"Storage":"Per Session (Persistent)"
      }
     ,"Security":{
        "Session State Protection":"Unrestricted"
       ,"Store value encrypted in session state":true
       ,"Restricted Characters":"All characters can be saved."
      }
    }
   ,{
      "id":"42887194846731190828"
     ,"Identification":{
        "Name":"P18_REVIEW_INPUT"
       ,"Type":"Textarea"
      }
     ,"Label":{
        "Label":"Describe your experience with this product (optional)"
       ,"Alignment":"Left"
      }
     ,"Settings":{
        "Resizable":false
       ,"Auto-Height":false
       ,"Character Counter":false
       ,"Trim Spaces":"Leading and Trailing"
      }
     ,"Layout":{
        "Sequence":30
       ,"Region":"Add Your Review (42887195006199190830)"
       ,"Position":"BODY"
       ,"Alignment":"Left"
       ,"Start New Layout":false
       ,"Start New Row":true
       ,"Column":"Automatic"
       ,"New Column":true
       ,"Column Span":"Automatic"
       ,"Label Column Span":"Page Template Default"
      }
     ,"Appearance":{
        "Template":"Optional - Floating (19471879586967504303)"
       ,"Template Options":[
          "#DEFAULT#"
         ,"t-Form-fieldContainer--stretchInputs"
         ,"t-Form-fieldContainer--xlarge"
        ]
       ,"CSS Classes":[
          "review-input"
        ]
       ,"Width":30
       ,"Height":5
      }
     ,"Validation":{
        "Value Required":false
      }
     ,"Advanced":{
        "Warn on Unsaved Changes":"Page Default"
      }
     ,"Source":{
        "Type":"Null"
       ,"Used":"Only when current value in session state is null"
      }
     ,"Session State":{
        "Data Type":"VARCHAR2"
       ,"Storage":"Per Session (Persistent)"
      }
     ,"Quick Picks":{
        "Show Quick Picks":false
      }
     ,"Security":{
        "Session State Protection":"Unrestricted"
       ,"Store value encrypted in session state":true
       ,"Restricted Characters":"All characters can be saved."
      }
    }
   ,{
      "id":"42887194973796190829"
     ,"Identification":{
        "Name":"P18_RATING"
       ,"Type":"Star Rating"
      }
     ,"Label":{
        "Label":"Add Rating "
       ,"Alignment":"Left"
      }
     ,"Settings":{
        "Number of Stars":"5"
       ,"Use Defaults":true
      }
     ,"Layout":{
        "Sequence":20
       ,"Region":"Add Your Review (42887195006199190830)"
       ,"Position":"BODY"
       ,"Start New Layout":false
       ,"Start New Row":true
       ,"Row CSS Classes":[
          "rating-row"
        ]
       ,"Column":"Automatic"
       ,"New Column":true
       ,"Column Span":"Automatic"
       ,"Label Column Span":"Page Template Default"
       ,"Column CSS Classes":[
          "rating-col"
        ]
      }
     ,"Appearance":{
        "Template":"Optional - Floating (19471879586967504303)"
       ,"Template Options":[
          "#DEFAULT#"
         ,"t-Form-fieldContainer--boldDisplay"
        ]
       ,"CSS Classes":[
          "rating"
        ]
      }
     ,"Validation":{
        "Value Required":false
      }
     ,"Advanced":{
        "Warn on Unsaved Changes":"Page Default"
      }
     ,"Source":{
        "Type":"Null"
       ,"Used":"Only when current value in session state is null"
      }
     ,"Session State":{
        "Storage":"Per Session (Persistent)"
      }
     ,"Security":{
        "Session State Protection":"Unrestricted"
       ,"Store value encrypted in session state":true
       ,"Restricted Characters":"All characters can be saved."
      }
    }
  ]
 ,"Buttons":[
    {
      "id":"22821462276868138525"
     ,"Identification":{
        "Button Name":"Add_To_Cart"
       ,"Label":"Add to Cart"
      }
     ,"Layout":{
        "Sequence":30
       ,"Region":"Action-Container (34869894253072248629)"
       ,"Position":"BODY"
       ,"Start New Layout":false
       ,"Start New Row":false
       ,"Column":"Automatic"
       ,"New Column":true
       ,"Column Span":"4"
       ,"Column CSS Classes":[
          "action-btn"
        ]
       ,"Alignment":"Left center"
      }
     ,"Appearance":{
        "Button Template":"Text with Icon (19471882117602504304)"
       ,"Hot":true
       ,"Template Options":[
          "#DEFAULT#"
         ,"t-Button--large"
         ,"t-Button--iconLeft"
         ,"t-Button--hoverIconPush"
         ,"t-Button--stretch"
        ]
       ,"Icon":"fa-plus-square"
      }
     ,"Behavior":{
        "Action":"Submit Page"
       ,"Execute Validations":true
       ,"Warn on Unsaved Changes":"Do Not Check"
      }
    }
   ,{
      "id":"26571013322999157604"
     ,"Identification":{
        "Button Name":"Add_To_Wishlist"
       ,"Label":"Add To Wishlist"
      }
     ,"Layout":{
        "Sequence":40
       ,"Region":"Action-Container (34869894253072248629)"
       ,"Position":"BODY"
       ,"Start New Layout":false
       ,"Start New Row":false
       ,"Column":"Automatic"
       ,"New Column":true
       ,"Column Span":"4"
       ,"Column CSS Classes":[
          "action-btn"
        ]
       ,"Alignment":"Left center"
      }
     ,"Appearance":{
        "Button Template":"Text with Icon (19471882117602504304)"
       ,"Hot":false
       ,"Template Options":[
          "#DEFAULT#"
         ,"t-Button--large"
         ,"t-Button--iconLeft"
         ,"t-Button--hoverIconPush"
         ,"t-Button--pillEnd"
         ,"t-Button--stretch"
         ,"t-Button--padLeft"
        ]
       ,"Icon":"fa-heart"
      }
     ,"Behavior":{
        "Action":"Submit Page"
       ,"Execute Validations":true
       ,"Warn on Unsaved Changes":"Do Not Check"
      }
     ,"Advanced":{
        "Static ID":"add_wishlist_btn"
      }
    }
   ,{
      "id":"28046133169371995906"
     ,"Identification":{
        "Button Name":"Decrement_quantity"
       ,"Label":"Decrement Quantity"
      }
     ,"Layout":{
        "Sequence":10
       ,"Region":"Quantity (28046134095294995915)"
       ,"Position":"BUTTON_START"
       ,"Start New Layout":false
       ,"Start New Row":true
       ,"Column":"Automatic"
       ,"New Column":true
       ,"Column Span":"Automatic"
      }
     ,"Appearance":{
        "Button Template":"Icon (19471881378436504304)"
       ,"Hot":false
       ,"Template Options":[
          "#DEFAULT#"
         ,"t-Button--noUI"
         ,"t-Button--hoverIconPush"
        ]
       ,"CSS Classes":[
          "quantity-btn"
        ]
       ,"Icon":"fa-minus"
      }
     ,"Behavior":{
        "Action":"Defined by Dynamic Action"
       ,"Execute Validations":true
      }
     ,"Advanced":{
        "Static ID":"decrement_quantity"
      }
    }
   ,{
      "id":"28046133274890995907"
     ,"Identification":{
        "Button Name":"Increment_quantity"
       ,"Label":"Increment Quantity"
      }
     ,"Layout":{
        "Sequence":10
       ,"Region":"Quantity (28046134095294995915)"
       ,"Position":"BUTTON_END"
       ,"Start New Layout":false
       ,"Start New Row":true
       ,"Column":"Automatic"
       ,"New Column":true
       ,"Column Span":"Automatic"
      }
     ,"Appearance":{
        "Button Template":"Icon (19471881378436504304)"
       ,"Hot":false
       ,"Template Options":[
          "#DEFAULT#"
         ,"t-Button--noUI"
        ]
       ,"CSS Classes":[
          "quantity-btn"
        ]
       ,"Icon":"fa-plus"
      }
     ,"Behavior":{
        "Action":"Defined by Dynamic Action"
       ,"Execute Validations":true
      }
     ,"Advanced":{
        "Static ID":"increment_quantity"
      }
    }
   ,{
      "id":"33975093166806940947"
     ,"Identification":{
        "Button Name":"To_Store"
       ,"Label":"."
      }
     ,"Layout":{
        "Sequence":40
       ,"Region":"Product Details (26541545091537367337)"
       ,"Position":"BODY"
       ,"Start New Layout":false
       ,"Start New Row":true
       ,"Column":"Automatic"
       ,"New Column":true
       ,"Column Span":"Automatic"
       ,"Alignment":"Left center"
      }
     ,"Appearance":{
        "Button Template":"Text (19471882000429504304)"
       ,"Hot":false
       ,"Template Options":[
          "#DEFAULT#"
         ,"t-Button--large"
         ,"t-Button--link"
        ]
      }
     ,"Behavior":{
        "Action":"Defined by Dynamic Action"
       ,"Execute Validations":false
      }
     ,"Advanced":{
        "Static ID":"store-btn"
      }
    }
   ,{
      "id":"42887192530403190805"
     ,"Identification":{
        "Button Name":"To_categories"
       ,"Label":"."
      }
     ,"Layout":{
        "Sequence":30
       ,"Region":"Product Details (26541545091537367337)"
       ,"Position":"BODY"
       ,"Start New Layout":false
       ,"Start New Row":true
       ,"Column":"Automatic"
       ,"New Column":true
       ,"Column Span":"Automatic"
       ,"Alignment":"Left center"
      }
     ,"Appearance":{
        "Button Template":"Text (19471882000429504304)"
       ,"Hot":false
       ,"Template Options":[
          "#DEFAULT#"
         ,"t-Button--large"
         ,"t-Button--link"
        ]
      }
     ,"Behavior":{
        "Action":"Redirect to Page in this Application"
       ,"Target":{
          "url":"f?p=\u0026APP_ID.:2:\u0026SESSION.::\u0026DEBUG.:2:P2_CATEG_ID:\u0026P18_CATEGORY_ID."
         ,"Page":"2"
         ,"Clear Cache":"2"
         ,"Values":{
            "P2_CATEG_ID":"\u0026P18_CATEGORY_ID."
          }
        }
       ,"Warn on Unsaved Changes":"Do Not Check"
      }
     ,"Advanced":{
        "Static ID":"category-btn"
      }
    }
   ,{
      "id":"42887195770403190837"
     ,"Identification":{
        "Button Name":"Submit_review"
       ,"Label":"Submit my  Review"
      }
     ,"Layout":{
        "Sequence":40
       ,"Region":"Add Your Review (42887195006199190830)"
       ,"Position":"BODY"
       ,"Start New Layout":false
       ,"Start New Row":true
       ,"Column":"Automatic"
       ,"New Column":true
       ,"Column Span":"Automatic"
       ,"Alignment":"Left center"
      }
     ,"Appearance":{
        "Button Template":"Text with Icon (19471882117602504304)"
       ,"Hot":false
       ,"Template Options":[
          "#DEFAULT#"
         ,"t-Button--success"
         ,"t-Button--iconLeft"
         ,"t-Button--hoverIconPush"
         ,"t-Button--stretch"
        ]
       ,"Icon":"fa-star"
      }
     ,"Behavior":{
        "Action":"Defined by Dynamic Action"
       ,"Execute Validations":false
      }
    }
  ]
 ,"Dynamic Actions":[
    {
      "id":"26541542511349367312"
     ,"Identification":{
        "Name":"Get Product Data"
      }
     ,"Execution":{
        "Sequence":10
      }
     ,"When":{
        "Event":"EVENT.EVENT.BROWSER.READY"
      }
     ,"Execution":{
        "Event Scope":"Static"
      }
     ,"Actions":[
        {
          "id":"26541542807784367315"
         ,"Identification":{
            "Action":"Execute JavaScript Code"
          }
         ,"Settings":{
            "Code":"const productName = document.getElementById(\"product-name\");\nconst prodDesc = document.getElementsByClassName(\"product-details\")[0];\nconst toStore = document.getElementById(\"store-btn\");\nconst to_category = document.getElementById(\"category-btn\");\n\nlet priceDisplay =  parseInt($v(\"P18_DISCOUNT\")) \u003E 0 ?\n    \u0060\u003Cspan class=\"old-price\"\u003E${$v(\"P18_UNIT_PRICE\")} TDN\u003C\/span\u003E\u0026nbsp;\u003Cspan class=\"new-price\"\u003E ${$v(\"P18_NEW_PRICE\")} TDN\u003C\/span\u003E\u0060\n    :\n    \u0060\u003Cspan class=\"new-price\"\u003E ${$v(\"P18_NEW_PRICE\")} TDN\u003C\/span\u003E\u0060;\n\nproductName.innerHTML = \u0060\u003Ch1\u003E${$v(\"P18_PRODUCT_NAME\")}\u003C\/h1\u003E\u0060\nprodDesc.innerHTML = \u0060\n    \u003Ch3 class=\"unit-price\"\u003E\u003Cspan class=\"price-header\"\u003EPrice : \u003C\/span\u003E ${priceDisplay} \n    ${parseFloat($v(\"P18_DISCOUNT\")) \u003E 0 ?\n        \u0060\u003Cspan class=\"save-money\"\u003Esave ${parseInt($v(\"P18_UNIT_PRICE\")) - parseInt($v(\"P18_NEW_PRICE\"))} TDN\u003C\/span\u003E\u0060: \u0027\u0027}\n    \u003C\/h3\u003E\n  \u0060;\n\ntoStore.innerText =\u0060Store : ${$v(\"P18_STORE_NAME\")} \u0060;\nto_category.innerText = \u0060Category : ${$v(\"P18_CATEGORY_NAME\")} \u0060"
          }
         ,"Execution":{
            "Sequence":40
           ,"Event":"Get Product Data (26541542511349367312)"
           ,"Fire When Event Result Is":"True"
           ,"Fire on Initialization":false
          }
        }
       ,{
          "id":"28046136190587995936"
         ,"Identification":{
            "Name":"Get Product Info"
           ,"Action":"Execute Server-side Code"
          }
         ,"Settings":{
            "Language":"PE.PROPERTY.SOURCE_SNIPPET_LANG.LOV.PLSQL.D"
           ,"PL\/SQL Code":"MANAGE_PRODUCTS.get_product_data(\n    :P18_PRODUCT_ID, \n    :P18_PRODUCT_NAME, \n    :P18_PRODUCT_DESCRIPTION, \n    :P18_UNIT_PRICE,\n    :P18_DISCOUNT,\n    :P18_NEW_PRICE,\n    :P18_CATEGORY_ID,\n    :P18_CATEGORY_NAME,\n    :P18_STORE_ID,\n    :P18_VARIANT_1_NAME,\n    :P18_VARIANT_2_NAME,\n    :P18_VARIANT_3_NAME\n);"
           ,"Items to Submit":[
              "P18_PRODUCT_ID"
            ]
           ,"Items to Return":[
              "P18_PRODUCT_NAME"
             ,"P18_PRODUCT_DESCRIPTION"
             ,"P18_UNIT_PRICE"
             ,"P18_DISCOUNT"
             ,"P18_NEW_PRICE"
             ,"P18_CATEGORY_ID"
             ,"P18_CATEGORY_NAME"
             ,"P18_STORE_ID"
             ,"P18_VARIANT_1_NAME"
             ,"P18_VARIANT_2_NAME"
             ,"P18_VARIANT_3_NAME"
            ]
           ,"Suppress Change Event":false
          }
         ,"Execution":{
            "Sequence":10
           ,"Event":"Get Product Data (26541542511349367312)"
           ,"Fire When Event Result Is":"True"
           ,"Fire on Initialization":false
           ,"Stop Execution On Error":true
           ,"Wait For Result":true
          }
        }
       ,{
          "id":"33975090615076940922"
         ,"Identification":{
            "Action":"Execute JavaScript Code"
          }
         ,"Settings":{
            "Code":"$s(\"P18_VARIANT_1_LABEL\", $v(\"P18_VARIANT_1_NAME\"));\n$s(\"P18_VARIANT_2_LABEL\", $v(\"P18_VARIANT_2_NAME\"));\n$s(\"P18_VARIANT_3_LABEL\", $v(\"P18_VARIANT_3_NAME\"));"
          }
         ,"Execution":{
            "Sequence":50
           ,"Event":"Get Product Data (26541542511349367312)"
           ,"Fire When Event Result Is":"True"
           ,"Fire on Initialization":false
          }
        }
       ,{
          "id":"42887194527282190825"
         ,"Identification":{
            "Name":"Get Store Data"
           ,"Action":"Execute Server-side Code"
          }
         ,"Settings":{
            "Language":"PE.PROPERTY.SOURCE_SNIPPET_LANG.LOV.PLSQL.D"
           ,"PL\/SQL Code":"SELECT \n    store_name,\n    customer_id\nINTO\n    :P18_STORE_NAME,\n    :P18_STORE_OWNER_ID\nFROM \n    stores\nWHERE\n    store_id = :P18_STORE_ID;"
           ,"Items to Submit":[
              "P18_STORE_ID"
            ]
           ,"Items to Return":[
              "P18_STORE_NAME"
             ,"P18_STORE_OWNER_ID"
            ]
           ,"Suppress Change Event":false
          }
         ,"Execution":{
            "Sequence":20
           ,"Event":"Get Product Data (26541542511349367312)"
           ,"Fire When Event Result Is":"True"
           ,"Fire on Initialization":false
           ,"Stop Execution On Error":true
           ,"Wait For Result":true
          }
        }
      ]
    }
   ,{
      "id":"28046132765931995902"
     ,"Identification":{
        "Name":"Set Shopping Cart Icon"
      }
     ,"Execution":{
        "Sequence":20
      }
     ,"When":{
        "Event":"EVENT.EVENT.FAMEWORK.APEXAFTERCLOSEDIALOG"
       ,"Selection Type":"Region"
       ,"Region":"Product Details (26541545091537367337)"
      }
     ,"Execution":{
        "Event Scope":"Static"
       ,"Type":"Immediate"
      }
     ,"Actions":[
        {
          "id":"28046132822686995903"
         ,"Identification":{
            "Action":"Execute Server-side Code"
          }
         ,"Settings":{
            "Language":"PE.PROPERTY.SOURCE_SNIPPET_LANG.LOV.PLSQL.D"
           ,"PL\/SQL Code":":SHOPPING_CART_ITEMS := manage_orders.get_quantity;"
          }
         ,"Execution":{
            "Sequence":10
           ,"Event":"Set Shopping Cart Icon (28046132765931995902)"
           ,"Fire When Event Result Is":"True"
           ,"Fire on Initialization":false
           ,"Stop Execution On Error":true
           ,"Wait For Result":true
          }
        }
      ]
    }
   ,{
      "id":"28046134186286995916"
     ,"Identification":{
        "Name":"Decrement Quantity"
      }
     ,"Execution":{
        "Sequence":40
      }
     ,"When":{
        "Event":"EVENT.EVENT.BROWSER.CLICK"
       ,"Selection Type":"Button"
       ,"Button":"Decrement_quantity (28046133169371995906)"
      }
     ,"Execution":{
        "Event Scope":"Static"
       ,"Type":"Immediate"
      }
     ,"Actions":[
        {
          "id":"28046134327360995918"
         ,"Identification":{
            "Action":"Execute JavaScript Code"
          }
         ,"Settings":{
            "Code":"$s(\"P18_QUANTITY\", parseInt($v(\"P18_QUANTITY\")) - 1);\n"
          }
         ,"Execution":{
            "Sequence":10
           ,"Event":"Decrement Quantity (28046134186286995916)"
           ,"Fire When Event Result Is":"True"
           ,"Fire on Initialization":false
          }
         ,"Client-side Condition":{
            "Type":"Item \u003E Value"
           ,"Item":"P18_QUANTITY"
           ,"Value":"1"
          }
        }
      ]
    }
   ,{
      "id":"28046134503478995920"
     ,"Identification":{
        "Name":"Increment Quantity "
      }
     ,"Execution":{
        "Sequence":50
      }
     ,"When":{
        "Event":"EVENT.EVENT.BROWSER.CLICK"
       ,"Selection Type":"Button"
       ,"Button":"Increment_quantity (28046133274890995907)"
      }
     ,"Execution":{
        "Event Scope":"Static"
       ,"Type":"Immediate"
      }
     ,"Actions":[
        {
          "id":"28046134669713995921"
         ,"Identification":{
            "Action":"Execute JavaScript Code"
          }
         ,"Settings":{
            "Code":"if($v(\"P18_QUANTITY\") === \"\" \u0026\u0026 $v(\"P18_VARIANT_3\") !== \"\" \u0026\u0026 $v(\"P18_STOCK\") != \u0027Out Of Stock !\u0027) {\n    $s(\"P18_QUANTITY\", \"1\");\n}else if($v(\"P18_VARIANT_3\") === \"\"){\n    apex.message.showErrors([\n    {\n        type:       \"error\",\n        location:   [ \"page\" ],\n        message:    \"Variants are required before Choosing quantity\",\n        unsafe:     false\n    },\n]);\nsetTimeout(apex.message.clearErrors, 3000);\n}else if(parseInt($v(\"P18_QUANTITY\")) \u003C parseInt($v(\"P18_STOCK\"))){\n    console.log(parseInt($v(\"P18_STOCK\")), parseInt($v(\"P18_QUANTITY\")))\n    $s(\"P18_QUANTITY\", parseInt($v(\"P18_QUANTITY\")) + 1);\n}\n"
          }
         ,"Execution":{
            "Sequence":10
           ,"Event":"Increment Quantity  (28046134503478995920)"
           ,"Fire When Event Result Is":"True"
           ,"Fire on Initialization":false
          }
        }
      ]
    }
   ,{
      "id":"33975092082324940936"
     ,"Identification":{
        "Name":"Get New Stock Quantity"
      }
     ,"Execution":{
        "Sequence":60
      }
     ,"When":{
        "Event":"EVENT.EVENT.BROWSER.CHANGE"
       ,"Selection Type":"Item(s)"
       ,"Item(s)":[
          "P18_VARIANT_3"
        ]
      }
     ,"Client-side Condition":{
        "Type":"Item is not null"
       ,"Item":"P18_VARIANT_3"
      }
     ,"Execution":{
        "Event Scope":"Static"
       ,"Type":"Immediate"
      }
     ,"Actions":[
        {
          "id":"33975092183685940937"
         ,"Identification":{
            "Action":"Execute Server-side Code"
          }
         ,"Settings":{
            "Language":"PE.PROPERTY.SOURCE_SNIPPET_LANG.LOV.PLSQL.D"
           ,"PL\/SQL Code":"SELECT \n    STOCK_QUANTITY\nINTO\n    :P18_STOCK\nFROM\n    VARIANT_STOCK\nWHERE\n    product_id = :P18_PRODUCT_ID\n    AND VARIANT_1 = :P18_VARIANT_1\n    AND VARIANT_2 = :P18_VARIANT_2\n    AND VARIANT_3 = :P18_VARIANT_3;"
           ,"Items to Submit":[
              "P18_PRODUCT_ID"
             ,"P18_VARIANT_1"
             ,"P18_VARIANT_2"
             ,"P18_VARIANT_3"
            ]
           ,"Items to Return":[
              "P18_STOCK"
            ]
           ,"Suppress Change Event":false
          }
         ,"Execution":{
            "Sequence":10
           ,"Event":"Get New Stock Quantity (33975092082324940936)"
           ,"Fire When Event Result Is":"True"
           ,"Fire on Initialization":false
           ,"Stop Execution On Error":true
           ,"Wait For Result":true
          }
        }
       ,{
          "id":"33975092218736940938"
         ,"Identification":{
            "Action":"Refresh"
          }
         ,"Affected Elements":{
            "Selection Type":"Item(s)"
           ,"Item(s)":[
              "P18_STOCK"
            ]
          }
         ,"Execution":{
            "Sequence":30
           ,"Event":"Get New Stock Quantity (33975092082324940936)"
           ,"Fire When Event Result Is":"True"
           ,"Fire on Initialization":false
          }
        }
       ,{
          "id":"42887196620349190846"
         ,"Identification":{
            "Action":"Execute JavaScript Code"
          }
         ,"Settings":{
            "Code":"$s(\"P18_STOCK\", \"Choose variants to get the quantity available in stock\")"
          }
         ,"Execution":{
            "Sequence":30
           ,"Event":"Get New Stock Quantity (33975092082324940936)"
           ,"Fire When Event Result Is":"False"
           ,"Fire on Initialization":false
          }
        }
       ,{
          "id":"43793958741269167601"
         ,"Identification":{
            "Action":"Execute JavaScript Code"
          }
         ,"Settings":{
            "Code":"if(parseInt($v(\"P18_STOCK\")) === 0) {\n    $s(\"P18_STOCK\", \"Out Of Stock !\")\n    $(\"#P18_STOCK\").addClass(\"out-of-stock-quantity\");\n}else if(parseInt($v(\"P18_STOCK\")) \u003E 0){\n    $(\"#P18_STOCK\").addClass(\"in-stock-quantity\");\n}"
          }
         ,"Execution":{
            "Sequence":20
           ,"Event":"Get New Stock Quantity (33975092082324940936)"
           ,"Fire When Event Result Is":"True"
           ,"Fire on Initialization":false
          }
        }
       ,{
          "id":"43793958874213167602"
         ,"Identification":{
            "Action":"Execute JavaScript Code"
          }
         ,"Settings":{
            "Code":"$(\"#P18_STOCK\").removeClass(\"out-of-stock-quantity\");\n$(\"#P18_STOCK\").removeClass(\"in-stock-quantity\");"
          }
         ,"Execution":{
            "Sequence":40
           ,"Event":"Get New Stock Quantity (33975092082324940936)"
           ,"Fire When Event Result Is":"False"
           ,"Fire on Initialization":false
          }
        }
      ]
    }
   ,{
      "id":"34869892166404248608"
     ,"Identification":{
        "Name":"Redirect To Store"
      }
     ,"Execution":{
        "Sequence":70
      }
     ,"When":{
        "Event":"EVENT.EVENT.BROWSER.CLICK"
       ,"Selection Type":"Button"
       ,"Button":"To_Store (33975093166806940947)"
      }
     ,"Execution":{
        "Event Scope":"Static"
       ,"Type":"Immediate"
      }
     ,"Actions":[
        {
          "id":"34869892331017248610"
         ,"Identification":{
            "Action":"Execute Server-side Code"
          }
         ,"Settings":{
            "Language":"PE.PROPERTY.SOURCE_SNIPPET_LANG.LOV.PLSQL.D"
           ,"PL\/SQL Code":"BEGIN\n :P18_STORE_URL := APEX_UTIL.PREPARE_URL(\n     \u0027f?p=\u0026APP_ID.:5:\u0026APP_SESSION.::::P5_STORE_ID,P5_STORE_OWNER_ID:\u0027 \n     || :P18_STORE_ID \n     || \u0027,\u0027 \n     ||:P18_STORE_OWNER_ID\n  );\nEND;"
           ,"Items to Submit":[
              "P18_PRODUCT_SLIDER_JSON"
            ]
           ,"Items to Return":[
              "P18_STORE_URL"
            ]
           ,"Suppress Change Event":false
          }
         ,"Execution":{
            "Sequence":10
           ,"Event":"Redirect To Store (34869892166404248608)"
           ,"Fire When Event Result Is":"True"
           ,"Fire on Initialization":false
           ,"Stop Execution On Error":true
           ,"Wait For Result":true
          }
        }
       ,{
          "id":"34869892571798248612"
         ,"Identification":{
            "Action":"Execute JavaScript Code"
          }
         ,"Settings":{
            "Code":"let url = $v(\"P18_STORE_URL\");\napex.navigation.redirect(url);"
          }
         ,"Execution":{
            "Sequence":20
           ,"Event":"Redirect To Store (34869892166404248608)"
           ,"Fire When Event Result Is":"True"
           ,"Fire on Initialization":false
          }
        }
      ]
    }
   ,{
      "id":"35414745458344934208"
     ,"Identification":{
        "Name":"activity_customer"
      }
     ,"Execution":{
        "Sequence":80
      }
     ,"When":{
        "Event":"EVENT.EVENT.BROWSER.READY"
      }
     ,"Execution":{
        "Event Scope":"Static"
      }
     ,"Actions":[
        {
          "id":"35414745538308934209"
         ,"Identification":{
            "Action":"Execute Server-side Code"
          }
         ,"Settings":{
            "Language":"PE.PROPERTY.SOURCE_SNIPPET_LANG.LOV.PLSQL.D"
           ,"PL\/SQL Code":"declare\n\nbegin\n--select \n--if count(*) ==0then\n    INSERT INTO customer_activity (activity_id, customer_id, product_id, visit_date, number_visit)\n    VALUES (customer_activity_id_seq.nextval, to_number(:USER_ID), :P18_PRODUCT_ID, SYSDATE, 1);\n--end if;\nend;"
          }
         ,"Execution":{
            "Sequence":10
           ,"Event":"activity_customer (35414745458344934208)"
           ,"Fire When Event Result Is":"True"
           ,"Fire on Initialization":false
           ,"Stop Execution On Error":true
           ,"Wait For Result":true
          }
        }
      ]
    }
   ,{
      "id":"37838802026844265013"
     ,"Identification":{
        "Name":"wishlist"
      }
     ,"Execution":{
        "Sequence":90
      }
     ,"When":{
        "Event":"EVENT.EVENT.BROWSER.CLICK"
       ,"Selection Type":"jQuery Selector"
       ,"jQuery Selector":".heart"
      }
     ,"Execution":{
        "Event Scope":"Dynamic"
       ,"Type":"Immediate"
      }
     ,"Server-side Condition":{
        "Type":"Expression"
       ,"Language":"PL\/SQL"
       ,"PL\/SQL Expression":"APEX_AUTHENTICATION.IS_AUTHENTICATED"
      }
     ,"Actions":[
        {
          "id":"37838802486375265015"
         ,"Identification":{
            "Action":"Execute JavaScript Code"
          }
         ,"Settings":{
            "Code":"console.log($v(\u0027P18_PRODUCT_ID\u0027))"
          }
         ,"Execution":{
            "Sequence":20
           ,"Event":"wishlist (37838802026844265013)"
           ,"Fire When Event Result Is":"True"
           ,"Fire on Initialization":false
          }
        }
       ,{
          "id":"37838802980592265015"
         ,"Identification":{
            "Name":"set value"
           ,"Action":"Set Value"
          }
         ,"Settings":{
            "Set Type":"JavaScript Expression"
           ,"JavaScript Expression":"$(this.triggeringElement).data(\u0027id\u0027)"
           ,"Suppress Change Event":false
          }
         ,"Affected Elements":{
            "Selection Type":"Item(s)"
           ,"Item(s)":[
              "P18_PRODUCT_ID"
            ]
          }
         ,"Execution":{
            "Sequence":10
           ,"Event":"wishlist (37838802026844265013)"
           ,"Fire When Event Result Is":"True"
           ,"Fire on Initialization":true
           ,"Stop Execution On Error":true
           ,"Wait For Result":true
          }
        }
       ,{
          "id":"37838803481179265015"
         ,"Identification":{
            "Name":"add_wishlist"
           ,"Action":"Execute Server-side Code"
          }
         ,"Settings":{
            "Language":"PE.PROPERTY.SOURCE_SNIPPET_LANG.LOV.PLSQL.D"
           ,"PL\/SQL Code":"BEGIN\n  IF APEX_AUTHENTICATION.IS_AUTHENTICATED THEN\n    ADD_TO_WISHLIST.ADD_PRODUCT(:P18_PRODUCT_ID, to_number(:USER_ID));\n  ELSE\n    apex_error.add_error (\n      p_message =\u003E \u0027Login first to unlock this action.\u0027,\n      p_display_location =\u003E apex_error.c_inline_in_notification\n    );\n  END IF;\nEND;\n"
           ,"Items to Submit":[
              "P18_PRODUCT_ID"
            ]
          }
         ,"Execution":{
            "Sequence":40
           ,"Event":"wishlist (37838802026844265013)"
           ,"Fire When Event Result Is":"True"
           ,"Fire on Initialization":false
           ,"Stop Execution On Error":true
           ,"Wait For Result":true
          }
        }
       ,{
          "id":"37838803978231265016"
         ,"Identification":{
            "Action":"Execute JavaScript Code"
          }
         ,"Settings":{
            "Code":"apex.message.showPageSuccess( \u0027Product added to wishlist\u0027 );"
          }
         ,"Execution":{
            "Sequence":50
           ,"Event":"wishlist (37838802026844265013)"
           ,"Fire When Event Result Is":"True"
           ,"Fire on Initialization":false
          }
        }
      ]
    }
   ,{
      "id":"37840529979121548877"
     ,"Identification":{
        "Name":"wishlist_error"
      }
     ,"Execution":{
        "Sequence":100
      }
     ,"When":{
        "Event":"EVENT.EVENT.BROWSER.CLICK"
       ,"Selection Type":"jQuery Selector"
       ,"jQuery Selector":".heart"
      }
     ,"Execution":{
        "Event Scope":"Dynamic"
       ,"Type":"Immediate"
      }
     ,"Server-side Condition":{
        "Type":"Expression"
       ,"Language":"PL\/SQL"
       ,"PL\/SQL Expression":"not APEX_AUTHENTICATION.IS_AUTHENTICATED"
      }
     ,"Actions":[
        {
          "id":"37840530360241548879"
         ,"Identification":{
            "Action":"Execute JavaScript Code"
          }
         ,"Settings":{
            "Code":"apex.message.showErrors([\n    {\n        type:       \"error\",\n        location:   [ \"page\" ],\n        message:    \"You Must Be Authenticated Before Adding Product To Wishlist !\",\n        unsafe:     false\n    }\n]);\n"
          }
         ,"Execution":{
            "Sequence":10
           ,"Event":"wishlist_error (37840529979121548877)"
           ,"Fire When Event Result Is":"True"
           ,"Fire on Initialization":false
          }
        }
      ]
    }
   ,{
      "id":"42887195889818190838"
     ,"Identification":{
        "Name":"Submit Review"
      }
     ,"Execution":{
        "Sequence":110
      }
     ,"When":{
        "Event":"EVENT.EVENT.BROWSER.CLICK"
       ,"Selection Type":"Button"
       ,"Button":"Submit_review (42887195770403190837)"
      }
     ,"Execution":{
        "Event Scope":"Static"
       ,"Type":"Immediate"
      }
     ,"Actions":[
        {
          "id":"42887195929833190839"
         ,"Identification":{
            "Action":"Execute Server-side Code"
          }
         ,"Settings":{
            "Language":"PE.PROPERTY.SOURCE_SNIPPET_LANG.LOV.PLSQL.D"
           ,"PL\/SQL Code":"INSERT INTO reviews\nVALUES (\n    REVIEW_ID_SEQ.NEXTVAL,\n    :P18_REVIEW_INPUT,\n    :P18_RATING,\n    to_number(:USER_ID),\n    :P18_PRODUCT_ID\n);"
           ,"Items to Submit":[
              "P18_REVIEW_INPUT"
             ,"P18_RATING"
             ,"P18_PRODUCT_ID"
            ]
          }
         ,"Execution":{
            "Sequence":20
           ,"Event":"Submit Review (42887195889818190838)"
           ,"Fire When Event Result Is":"True"
           ,"Fire on Initialization":false
           ,"Stop Execution On Error":true
           ,"Wait For Result":true
          }
        }
       ,{
          "id":"42887196039920190840"
         ,"Identification":{
            "Action":"Execute JavaScript Code"
          }
         ,"Settings":{
            "Code":"if(parseInt($v(\"P18_RATING\")) === 0) {\n    apex.message.showErrors([\n    {\n        type:       \"error\",\n        location:    \"inline\" ,\n        pageItem:   \"P18_RATING\",\n        message:    \"Rating is required!\",\n        unsafe:     false\n    }\n]);\n}"
          }
         ,"Execution":{
            "Sequence":10
           ,"Event":"Submit Review (42887195889818190838)"
           ,"Fire When Event Result Is":"True"
           ,"Fire on Initialization":false
          }
        }
       ,{
          "id":"42887196267359190842"
         ,"Identification":{
            "Action":"Alert"
          }
         ,"Settings":{
            "Message":"Review Added Successfully"
           ,"Style":"Success"
          }
         ,"Execution":{
            "Sequence":30
           ,"Event":"Submit Review (42887195889818190838)"
           ,"Fire When Event Result Is":"True"
           ,"Fire on Initialization":false
          }
        }
      ]
    }
   ,{
      "id":"43780272398810753390"
     ,"Identification":{
        "Name":"disable add to cart button "
      }
     ,"Execution":{
        "Sequence":120
      }
     ,"When":{
        "Event":"EVENT.EVENT.BROWSER.CHANGE"
       ,"Selection Type":"Item(s)"
       ,"Item(s)":[
          "P18_STOCK"
        ]
      }
     ,"Client-side Condition":{
        "Type":"Item = Value"
       ,"Item":"P18_STOCK"
       ,"Value":"Out Of Stock !"
      }
     ,"Execution":{
        "Event Scope":"Static"
       ,"Type":"Immediate"
      }
     ,"Actions":[
        {
          "id":"43780272787581753390"
         ,"Identification":{
            "Action":"Execute JavaScript Code"
          }
         ,"Settings":{
            "Code":"$(\"#B22821462276868138525\").attr(\"disabled\", true);"
          }
         ,"Affected Elements":{
            "Selection Type":"Button"
           ,"Button":"Add_To_Cart (22821462276868138525)"
          }
         ,"Execution":{
            "Sequence":10
           ,"Event":"disable add to cart button  (43780272398810753390)"
           ,"Fire When Event Result Is":"True"
           ,"Fire on Initialization":false
          }
        }
       ,{
          "id":"43780273204832753391"
         ,"Identification":{
            "Action":"Execute JavaScript Code"
          }
         ,"Settings":{
            "Code":"$(\"#B22821462276868138525\").attr(\"disabled\", false);"
          }
         ,"Affected Elements":{
            "Selection Type":"Button"
           ,"Button":"Add_To_Cart (22821462276868138525)"
          }
         ,"Execution":{
            "Sequence":10
           ,"Event":"disable add to cart button  (43780272398810753390)"
           ,"Fire When Event Result Is":"False"
           ,"Fire on Initialization":false
          }
         ,"Client-side Condition":{
            "Type":"Item != Value"
           ,"Item":"P18_STOCK"
           ,"Value":"0"
          }
        }
      ]
    }
   ,{
      "id":"43793958949786167603"
     ,"Identification":{
        "Name":"Clear Items"
      }
     ,"Execution":{
        "Sequence":130
      }
     ,"When":{
        "Event":"EVENT.EVENT.BROWSER.READY"
      }
     ,"Execution":{
        "Event Scope":"Static"
      }
     ,"Actions":[
        {
          "id":"43793959063120167604"
         ,"Identification":{
            "Action":"Clear"
          }
         ,"Affected Elements":{
            "Selection Type":"Item(s)"
           ,"Item(s)":[
              "P18_VARIANT_1"
             ,"P18_VARIANT_2"
             ,"P18_VARIANT_3"
             ,"P18_QUANTITY"
            ]
          }
         ,"Execution":{
            "Sequence":10
           ,"Event":"Clear Items (43793958949786167603)"
           ,"Fire When Event Result Is":"True"
           ,"Fire on Initialization":false
          }
        }
      ]
    }
  ]
 ,"Validations":[
    {
      "id":"28046135930191995934"
     ,"Identification":{
        "Name":"QUNTITY IS NOT 0 OR NULL"
      }
     ,"Execution":{
        "Sequence":10
      }
     ,"Validation":{
        "Type":"Item is NOT NULL or zero"
       ,"Item":"P18_QUANTITY"
       ,"Always Execute":true
      }
     ,"Error":{
        "Error Message":"Qunatity Cannot Be Empty !"
       ,"Display Location":"Inline in Notification"
       ,"Associated Item":"P18_QUANTITY (22821462164902138524)"
      }
    }
   ,{
      "id":"43793959108579167605"
     ,"Identification":{
        "Name":"Quantity is more than stock"
      }
     ,"Execution":{
        "Sequence":20
      }
     ,"Validation":{
        "Type":"Function Body (returning Error Text)"
       ,"Language":"PL\/SQL"
       ,"PL\/SQL Function Body Returning Error Text":"BEGIN\n    IF  to_number(:P18_STOCK) \u003C to_number(:P18_QUANTITY) THEN\n        RETURN \u0027The quantity you entered for the product exceeds the available stock ! \u0027;\n    END IF;\nEND;"
       ,"Always Execute":true
      }
     ,"Error":{
        "Display Location":"Inline in Notification"
      }
     ,"Server-side Condition":{
        "When Button Pressed":"Add_To_Cart (22821462276868138525)"
      }
    }
  ]
 ,"Processes":[
    {
      "id":"34869893308055248620"
     ,"Identification":{
        "Name":"JSON FORMAT"
       ,"Type":"Execute Code"
       ,"Execution Chain":"None"
      }
     ,"Source":{
        "Location":"Local Database"
       ,"Language":"PL\/SQL"
       ,"PL\/SQL Code":"DECLARE\n  URL_SERVER_NAME VARCHAR2(500) := \u0027https:\/\/apex.oracle.com\/pls\/apex\/rs_wsp\/images\/\u0027;\n\n  CURSOR REPORT IS SELECT IMAGE_ID FROM PRODUCT_IMAGES WHERE PRODUCT_ID = :P18_PRODUCT_ID;\n\n  TYPE L_REPORT_TYPE IS RECORD (\n    IMAGE_ID         PRODUCT_IMAGES.IMAGE_ID%TYPE\n  );\n\n  TYPE L_REPORT_TAB IS TABLE OF L_REPORT_TYPE;\n\n  L_REPORT L_REPORT_TAB;\nBEGIN\n  OPEN REPORT;\n\n  FETCH REPORT BULK COLLECT INTO L_REPORT;\n\n  CLOSE REPORT;\n\n  APEX_JSON.INITIALIZE_CLOB_OUTPUT;\n  APEX_JSON.OPEN_ARRAY; \n\n  FOR L_CNT IN L_REPORT.FIRST .. L_REPORT.LAST LOOP\n    APEX_JSON.OPEN_OBJECT; \n    APEX_JSON.WRITE(\u0027imagePath\u0027, URL_SERVER_NAME || L_REPORT(L_CNT).IMAGE_ID);\n    APEX_JSON.WRITE(\u0027order\u0027, L_REPORT(L_CNT).IMAGE_ID);\n    APEX_JSON.CLOSE_OBJECT; \n  END LOOP;\n    \n  APEX_JSON.CLOSE_ARRAY; \n  :P18_PRODUCT_SLIDER_JSON := APEX_JSON.GET_CLOB_OUTPUT;\n  DBMS_OUTPUT.PUT_LINE(APEX_JSON.GET_CLOB_OUTPUT);\n  APEX_JSON.FREE_OUTPUT;\nEND;\n"
      }
     ,"Execution":{
        "Sequence":10
       ,"Point":"Before Header"
       ,"Run Process":"Once Per Page Visit (default)"
      }
    }
   ,{
      "id":"35414747138060934225"
     ,"Identification":{
        "Name":"add to wishlist"
       ,"Type":"Execute Code"
       ,"Execution Chain":"None"
      }
     ,"Source":{
        "Location":"Local Database"
       ,"Language":"PL\/SQL"
       ,"PL\/SQL Code":"BEGIN\n  IF APEX_AUTHENTICATION.IS_AUTHENTICATED THEN\n    ADD_TO_WISHLIST.ADD_PRODUCT(:P18_PRODUCT_ID, to_number(:USER_ID));\n  ELSE\n    apex_error.add_error (\n      p_message =\u003E \u0027Login first to unlock this action.\u0027,\n      p_display_location =\u003E apex_error.c_inline_in_notification\n    );\n  END IF;\nEND;\n\n\n\n\n\n\n     "
      }
     ,"Execution":{
        "Sequence":30
       ,"Point":"Processing"
       ,"Run Process":"Once Per Page Visit (default)"
      }
     ,"Success Message":{
        "Success Message":"product added to your wishlist !"
      }
     ,"Error":{
        "Display Location":"Inline in Notification"
      }
     ,"Server-side Condition":{
        "When Button Pressed":"Add_To_Wishlist (26571013322999157604)"
      }
    }
   ,{
      "id":"37036233469882922414"
     ,"Identification":{
        "Name":"Fetch Stock ID"
       ,"Type":"Execute Code"
       ,"Execution Chain":"None"
      }
     ,"Source":{
        "Location":"Local Database"
       ,"Language":"PL\/SQL"
       ,"PL\/SQL Code":"    SELECT \n        stock_id\n    INTO \n        :P18_STOCK_ID\n    FROM\n        variant_stock\n    WHERE\n        variant_1 = :P18_VARIANT_1\n        AND variant_2 = :P18_VARIANT_2\n        AND variant_3 = :P18_VARIANT_3\n        AND product_id = :P18_PRODUCT_ID;\n   "
      }
     ,"Execution":{
        "Sequence":20
       ,"Point":"Processing"
       ,"Run Process":"Once Per Page Visit (default)"
      }
     ,"Error":{
        "Display Location":"Inline in Notification"
      }
     ,"Server-side Condition":{
        "When Button Pressed":"Add_To_Cart (22821462276868138525)"
      }
    }
  ]
 ,"Branches":[
    {
      "id":"28046135613385995931"
     ,"Identification":{
        "Name":"To Add To Shopping Cart"
      }
     ,"Execution":{
        "Sequence":10
       ,"Point":"After Processing"
      }
     ,"Behavior":{
        "Type":"Page or URL (Redirect)"
       ,"Target":{
          "url":"f?p=\u0026APP_ID.:6:\u0026SESSION.::\u0026DEBUG.:6:P6_PRODUCT_ID,P6_QUNATITY,P6_STOCK_ID,P6_VARIANT_1_NAME,P6_VARIANT_2_NAME,P6_VARIANT_3_NAME:\u0026P18_PRODUCT_ID.,\u0026P18_QUANTITY.,\u0026P18_STOCK_ID.,\u0026P18_VARIANT_1_NAME.,\u0026P18_VARIANT_2_NAME.,\u0026P18_VARIANT_3_NAME.\u0026success_msg=#SUCCESS_MSG#"
         ,"Page":"6"
         ,"Clear Cache":"6"
         ,"Values":{
            "P6_PRODUCT_ID":"\u0026P18_PRODUCT_ID."
           ,"P6_QUNATITY":"\u0026P18_QUANTITY."
           ,"P6_STOCK_ID":"\u0026P18_STOCK_ID."
           ,"P6_VARIANT_1_NAME":"\u0026P18_VARIANT_1_NAME."
           ,"P6_VARIANT_2_NAME":"\u0026P18_VARIANT_2_NAME."
           ,"P6_VARIANT_3_NAME":"\u0026P18_VARIANT_3_NAME."
          }
        }
      }
     ,"Server-side Condition":{
        "When Button Pressed":"Add_To_Cart (22821462276868138525)"
      }
    }
  ]
}
