{
  "id":"13"
 ,"Identification":{
    "Name":"My orders"
   ,"Alias":"ORDERS"
   ,"Title":"orders"
  }
 ,"Appearance":{
    "Page Mode":"Normal"
   ,"Page Template":"Theme Default"
   ,"Template Options":[
      "#DEFAULT#"
    ]
  }
 ,"Navigation Menu":{
    "Override User Interface Level":false
  }
 ,"Navigation":{
    "Cursor Focus":"Do not focus cursor"
   ,"Warn on Unsaved Changes":true
  }
 ,"CSS":{
    "Inline":"[Headers ~= DETAILS]{\n    background-color: #3A3632;\n    border-radius: 5px;\n    text-align: center;\n    \n}\n\/*a:link{\n    color: magenta;\n}*\/\n\/*.t-Report-cell a{\n    color:white;\n}*\/\n[Headers ~= DETAILS] a {\n    color:white;\n}\n.col col-12 apex-col-auto col-start col-end{\n    border: none;\n}"
  }
 ,"Security":{
    "Authentication":"Page Requires Authentication"
   ,"Deep Linking":"Application Default"
   ,"Page Access Protection":"Arguments Must Have Checksum"
   ,"Form Auto Complete":"Off"
   ,"Browser Cache":"Application Default"
  }
 ,"Session Management":{
    "Rejoin Sessions":"Application Default"
  }
 ,"Advanced":{
    "Enable duplicate page submissions":"Yes - Enable page to be re-posted"
   ,"Reload on Submit":"Only for Success"
  }
 ,"Server Cache":{
    "Caching":"Disabled"
  }
 ,"Regions":[
    {
      "id":"33829156032771289628"
     ,"Identification":{
        "Title":"New"
       ,"Type":"Static Content"
      }
     ,"Layout":{
        "Sequence":20
       ,"Parent Region":"No Parent"
       ,"Position":"BODY"
       ,"Start New Layout":false
       ,"Start New Row":true
       ,"Column":"Automatic"
       ,"New Column":true
       ,"Column Span":"Automatic"
      }
     ,"Appearance":{
        "Template":"Standard (19471808805460504264)"
       ,"Template Options":[
          "#DEFAULT#"
         ,"t-Region--removeHeader js-removeLandmark"
         ,"t-Region--noUI"
         ,"t-Region--scrollBody"
        ]
       ,"Render Components":"Above Content"
      }
     ,"Accessibility":{
        "Use Landmark":true
       ,"Landmark Type":"Template Default"
      }
     ,"Advanced":{
        "Region Display Selector":false
       ,"Exclude Title from Translation":false
      }
     ,"Server Cache":{
        "Caching":"Disabled"
      }
     ,"Customization":{
        "Customizable":"Not Customizable By End Users"
      }
     ,"Attributes":{
        "Settings":{
          "Output As":"HTML"
         ,"Expand Shortcuts":false
        }
      }
    }
   ,{
      "id":"33831360957880412203"
     ,"Identification":{
        "Title":"orders"
       ,"Type":"Classic Report"
      }
     ,"Source":{
        "Location":"Local Database"
       ,"Type":"SQL Query"
       ,"SQL Query":"select distinct O.ORDER_ID,\n       ORDER_DATETIME,\n       CUSTOMER_ID,\n       ORDER_STATUS,\n       ORDER_INFORMATION,\n        LISTAGG(P.PRODUCT_NAME, \u0027, \u0027) WITHIN GROUP (ORDER BY I.LINE_ITEM_ID) AS PRODUCT_NAMES,\n        sum(I.UNIT_PRICE) || \u0027 TND\u0027 as TOTAL,\n        \u0027details\u0027 details\n      \n  from ORDERS O, ORDER_ITEMS I , PRODUCT P\n  WHERE O.ORDER_ID = I.ORDER_ID\n  and P.PRODUCT_ID = I.PRODUCT_ID\n  AND CUSTOMER_ID = to_number(:USER_ID)\n  AND   Order_status = NVL(:P13_ORDER_STATUS, ORDER_status)\n    GROUP BY O.ORDER_ID,\n         O.ORDER_DATETIME,\n         O.CUSTOMER_ID,\n         O.ORDER_STATUS,\n         O.ORDER_INFORMATION"
      }
     ,"Layout":{
        "Sequence":40
       ,"Parent Region":"No Parent"
       ,"Position":"BODY"
       ,"Start New Layout":false
       ,"Start New Row":true
       ,"Column":"Automatic"
       ,"New Column":true
       ,"Column Span":"Automatic"
      }
     ,"Appearance":{
        "Template":"Standard (19471808805460504264)"
       ,"Template Options":[
          "#DEFAULT#"
         ,"t-Region--noPadding"
         ,"t-Region--hideHeader"
         ,"t-Region--scrollBody"
        ]
       ,"Render Components":"Above Content"
      }
     ,"Accessibility":{
        "Use Landmark":true
       ,"Landmark Type":"Template Default"
      }
     ,"Advanced":{
        "Region Display Selector":false
       ,"Exclude Title from Translation":false
      }
     ,"Server Cache":{
        "Caching":"Disabled"
      }
     ,"Customization":{
        "Customizable":"Not Customizable By End Users"
      }
     ,"Attributes":{
        "Layout":{
          "Number of Rows Type":"Static Value"
         ,"Number of Rows":50
        }
       ,"Appearance":{
          "Template Type":"Theme"
         ,"Template":"Standard (19471847069031504283)"
         ,"Template Options":[
            "#DEFAULT#"
           ,"t-Report--stretch"
           ,"t-Report--staticRowColors"
           ,"t-Report--rowHighlight"
           ,"t-Report--inline"
           ,"t-Report--hideNoPagination"
          ]
        }
       ,"Pagination":{
          "Type":"Row Ranges X to Y (with next and previous links)"
         ,"Display Position":"Bottom - Right"
         ,"Partial Page Refresh":true
        }
       ,"Performance":{
          "Lazy Loading":false
         ,"Maximum Rows to Process":500
        }
       ,"Messages":{
          "When No Data Found":"no data found"
        }
       ,"Break Formatting":{
          "Break Columns":"No Break"
        }
       ,"Advanced":{
          "Strip HTML":false
         ,"Sort Nulls":"Last"
        }
       ,"Heading":{
          "Type":"Custom Headings"
        }
       ,"Download":{
          "CSV Export Enabled":false
        }
       ,"Printing":{
          "Enabled":false
        }
      }
     ,"Columns":[
        {
          "id":"33831361308343412205"
         ,"Identification":{
            "Column Name":"ORDER_ID"
           ,"Type":"Plain Text"
          }
         ,"Heading":{
            "Heading":"Order Number"
           ,"Alignment":"center"
          }
         ,"Layout":{
            "Sequence":1
           ,"Column Alignment":"center"
          }
         ,"Accessibility":{
            "Value Identifies Row":false
          }
         ,"Sorting":{
            "Sortable":false
          }
         ,"Export \/ Printing":{
            "Include In Export \/ Print":true
          }
         ,"Advanced":{
            "Compute Sum":false
          }
         ,"UI Defaults Reference":{
            "Table Owner":"Parsing Schema"
          }
         ,"Security":{
            "Escape special characters":true
          }
        }
       ,{
          "id":"33831361799511412206"
         ,"Identification":{
            "Column Name":"ORDER_DATETIME"
           ,"Type":"Plain Text"
          }
         ,"Heading":{
            "Heading":"Order Datetime"
           ,"Alignment":"center"
          }
         ,"Layout":{
            "Sequence":2
           ,"Column Alignment":"center"
          }
         ,"Accessibility":{
            "Value Identifies Row":false
          }
         ,"Sorting":{
            "Sortable":false
          }
         ,"Export \/ Printing":{
            "Include In Export \/ Print":true
          }
         ,"Advanced":{
            "Compute Sum":false
          }
         ,"UI Defaults Reference":{
            "Table Owner":"Parsing Schema"
          }
         ,"Security":{
            "Escape special characters":true
          }
        }
       ,{
          "id":"33831362165126412206"
         ,"Identification":{
            "Column Name":"CUSTOMER_ID"
           ,"Type":"Hidden Column"
          }
         ,"Layout":{
            "Sequence":3
          }
         ,"UI Defaults Reference":{
            "Table Owner":"Parsing Schema"
          }
         ,"Security":{
            "Escape special characters":true
          }
        }
       ,{
          "id":"33831362562418412206"
         ,"Identification":{
            "Column Name":"ORDER_STATUS"
           ,"Type":"Plain Text"
          }
         ,"Heading":{
            "Heading":"Order Status"
           ,"Alignment":"center"
          }
         ,"Layout":{
            "Sequence":4
           ,"Column Alignment":"center"
          }
         ,"Accessibility":{
            "Value Identifies Row":false
          }
         ,"Sorting":{
            "Sortable":true
          }
         ,"Export \/ Printing":{
            "Include In Export \/ Print":true
          }
         ,"Advanced":{
            "Compute Sum":false
          }
         ,"UI Defaults Reference":{
            "Table Owner":"Parsing Schema"
          }
         ,"Security":{
            "Escape special characters":true
          }
        }
       ,{
          "id":"33831362924718412207"
         ,"Identification":{
            "Column Name":"ORDER_INFORMATION"
           ,"Type":"Plain Text"
          }
         ,"Heading":{
            "Heading":"Order Information"
           ,"Alignment":"center"
          }
         ,"Layout":{
            "Sequence":5
           ,"Column Alignment":"center"
          }
         ,"Accessibility":{
            "Value Identifies Row":false
          }
         ,"Sorting":{
            "Sortable":false
          }
         ,"Export \/ Printing":{
            "Include In Export \/ Print":true
          }
         ,"Advanced":{
            "Compute Sum":false
          }
         ,"UI Defaults Reference":{
            "Table Owner":"Parsing Schema"
          }
         ,"Security":{
            "Escape special characters":true
          }
        }
       ,{
          "id":"33831363309530412207"
         ,"Identification":{
            "Column Name":"PRODUCT_NAMES"
           ,"Type":"Plain Text"
          }
         ,"Heading":{
            "Heading":"Products"
           ,"Alignment":"center"
          }
         ,"Layout":{
            "Sequence":6
           ,"Column Alignment":"center"
          }
         ,"Accessibility":{
            "Value Identifies Row":false
          }
         ,"Sorting":{
            "Sortable":false
          }
         ,"Export \/ Printing":{
            "Include In Export \/ Print":true
          }
         ,"Advanced":{
            "Compute Sum":false
          }
         ,"UI Defaults Reference":{
            "Table Owner":"Parsing Schema"
          }
         ,"Security":{
            "Escape special characters":true
          }
        }
       ,{
          "id":"33831363776255412207"
         ,"Identification":{
            "Column Name":"TOTAL"
           ,"Type":"Plain Text"
          }
         ,"Heading":{
            "Heading":"Total"
           ,"Alignment":"center"
          }
         ,"Layout":{
            "Sequence":7
           ,"Column Alignment":"center"
          }
         ,"Accessibility":{
            "Value Identifies Row":false
          }
         ,"Sorting":{
            "Sortable":false
          }
         ,"Export \/ Printing":{
            "Include In Export \/ Print":true
          }
         ,"Advanced":{
            "Compute Sum":false
          }
         ,"UI Defaults Reference":{
            "Table Owner":"Parsing Schema"
          }
         ,"Security":{
            "Escape special characters":true
          }
        }
       ,{
          "id":"33831364120263412207"
         ,"Identification":{
            "Column Name":"DETAILS"
           ,"Type":"Link"
          }
         ,"Heading":{
            "Heading":"Details"
           ,"Alignment":"center"
          }
         ,"Layout":{
            "Sequence":8
           ,"Column Alignment":"center"
          }
         ,"Accessibility":{
            "Value Identifies Row":false
          }
         ,"Link":{
            "Target":{
              "url":"f?p=\u0026APP_ID.:9:\u0026SESSION.::\u0026DEBUG.:9:P9_ORDER_ID:#ORDER_ID#"
             ,"Page":"9"
             ,"Clear Cache":"9"
             ,"Values":{
                "P9_ORDER_ID":"#ORDER_ID#"
              }
            }
           ,"Link Text":"#DETAILS#"
          }
         ,"Sorting":{
            "Sortable":false
          }
         ,"Export \/ Printing":{
            "Include In Export \/ Print":true
          }
         ,"Advanced":{
            "Compute Sum":false
          }
         ,"UI Defaults Reference":{
            "Table Owner":"Parsing Schema"
          }
         ,"Security":{
            "Escape special characters":true
          }
        }
      ]
    }
  ]
 ,"Page Items":[
    {
      "id":"33829156144329289629"
     ,"Identification":{
        "Name":"P13_ORDER_STATUS"
       ,"Type":"Select List"
      }
     ,"Label":{
        "Label":"Order Satus"
       ,"Alignment":"Left"
      }
     ,"Settings":{
        "Page Action on Selection":"None"
       ,"Allow Multi Selection":false
      }
     ,"Layout":{
        "Sequence":10
       ,"Region":"New (33829156032771289628)"
       ,"Position":"BODY"
       ,"Alignment":"Left"
       ,"Start New Layout":false
       ,"Start New Row":true
       ,"Column":"Automatic"
       ,"New Column":true
       ,"Column Span":"4"
       ,"Label Column Span":"Page Template Default"
      }
     ,"Appearance":{
        "Template":"Optional - Floating (19471879586967504303)"
       ,"Template Options":[
          "#DEFAULT#"
        ]
       ,"Height":1
      }
     ,"Validation":{
        "Value Required":false
      }
     ,"List of Values":{
        "Type":"SQL Query"
       ,"SQL Query":"select distinct order_status order1, order_status order2 from orders"
       ,"Display Extra Values":true
       ,"Display Null Value":true
       ,"Null Display Value":"-show all-"
      }
     ,"Advanced":{
        "Warn on Unsaved Changes":"Page Default"
      }
     ,"Source":{
        "Type":"Null"
       ,"Used":"Only when current value in session state is null"
      }
     ,"Session State":{
        "Storage":"Per Session (Persistent)"
      }
     ,"Quick Picks":{
        "Show Quick Picks":false
      }
     ,"Security":{
        "Session State Protection":"Unrestricted"
       ,"Store value encrypted in session state":true
       ,"Restricted Characters":"All characters can be saved."
      }
    }
  ]
 ,"Dynamic Actions":[
    {
      "id":"33829156288110289630"
     ,"Identification":{
        "Name":"order status"
      }
     ,"Execution":{
        "Sequence":10
      }
     ,"When":{
        "Event":"EVENT.EVENT.BROWSER.CHANGE"
       ,"Selection Type":"Item(s)"
       ,"Item(s)":[
          "P13_ORDER_STATUS"
        ]
      }
     ,"Execution":{
        "Event Scope":"Static"
       ,"Type":"Immediate"
      }
     ,"Actions":[
        {
          "id":"33829156358045289631"
         ,"Identification":{
            "Action":"Submit Page"
          }
         ,"Settings":{
            "Show Processing":true
          }
         ,"Execution":{
            "Sequence":10
           ,"Event":"order status (33829156288110289630)"
           ,"Fire When Event Result Is":"True"
           ,"Fire on Initialization":false
          }
        }
      ]
    }
  ]
}
