{
  "id":"73"
 ,"Identification":{
    "Name":"Seller Dashboard Orders"
   ,"Alias":"SELLER-DASHBOARD-ORDERS"
   ,"Title":"Seller Dashboard Orders"
  }
 ,"Appearance":{
    "Page Mode":"Normal"
   ,"Page Template":"Left Side Column (19471509145742504218)"
   ,"Template Options":[
      "#DEFAULT#"
    ]
  }
 ,"Navigation Menu":{
    "Override User Interface Level":false
  }
 ,"Navigation":{
    "Cursor Focus":"Do not focus cursor"
   ,"Warn on Unsaved Changes":true
  }
 ,"CSS":{
    "File URLs":[
      "#APP_FILES#Styling\/main_style#MIN#.css"
    ]
   ,"Inline":".overall-summary-region-container {\n    padding: 20px;\n}\n\n.overall-summary-region-row{\n    padding: 0 0 50px;\n}\n\n.overall-summary-region {\n    margin: 0 10px 10px 10px;\n    min-height: 100%;\n    box-shadow: -1px 33px 35px -13px rgba(207,193,193,0.59);\n    -webkit-box-shadow: -1px 33px 35px -13px rgba(207,193,193,0.59);\n    -moz-box-shadow: -1px 33px 35px -13px rgba(207,193,193,0.59);\n    border-radius: 10px !important;\n    transition: all 300ms;\n}\n\n.overall-summary-region:hover {\n    transform: scale(1.05);\n    box-shadow: -1px 33px 35px -20px rgba(207,193,193,0.99);\n    -webkit-box-shadow: -1px 33px 35px -20px rgba(207,193,193,0.99);\n    -moz-box-shadow: -1px 33px 35px -20px rgba(207,193,193,0.99);\n}\n\n.overview {\n    border-left: 10px solid var(--fouth-color);\n    border-radius: 10px;\n    padding-left: 10px;\n    text-align: center;\n    cursor: pointer;\n}\n\n.overview-danger {\n    border-left: 10px solid var(--danger-color);\n    border-radius: 10px;\n    padding-left: 10px;\n    text-align: center;\n    cursor: pointer;\n}\n\n.overview-success{\n    border-left: 10px solid var(--success-color);\n    border-radius: 10px;\n    padding-left: 10px;\n    text-align: center;\n    cursor: pointer;\n}\n\n.overview-warning {\n    border-left: 10px solid var(--warning-color);\n    border-radius: 10px;\n    padding-left: 10px;\n    text-align: center;\n    cursor: pointer;\n}\n\n.overview-title {\n    text-align: center;\n    color: var(--fouth-color);\n    font-family: var(--secondary-header-font);\n    border-bottom: 1px solid rgba(211, 211, 211, 0.5);\n    padding: 2px;\n}\n\n.overview-title \u003E span {\n    margin-right: 5px;\n}\n\n.overview-data {\n    font-family: var(--regular-text-font );\n}\n\n.overview-data-prod \u003E span {\n    font-size: xx-small;\n    opacity: 0.6;\n}\n\n\n.t-Report-colHead{\n    font-family: var(--secondary-header-font);\n    text-align: center;\n}\n\n.t-Report-cell{\n    font-family: var(--regular-text-font);\n    text-align: center;\n}\n\n\n.del-order-item {\n    color: var(--danger-color);\n}\n\n.confirm-order {\n    color: var(--fouth-color);\n}\n\n"
  }
 ,"Security":{
    "Authentication":"Page Requires Authentication"
   ,"Deep Linking":"Application Default"
   ,"Page Access Protection":"Arguments Must Have Checksum"
   ,"Form Auto Complete":"Off"
   ,"Browser Cache":"Application Default"
  }
 ,"Session Management":{
    "Rejoin Sessions":"Application Default"
  }
 ,"Advanced":{
    "Enable duplicate page submissions":"Yes - Enable page to be re-posted"
   ,"Reload on Submit":"Only for Success"
  }
 ,"Server Cache":{
    "Caching":"Disabled"
  }
 ,"Regions":[
    {
      "id":"39275505242159429143"
     ,"Identification":{
        "Title":"Seller Dashboard Navigation"
       ,"Type":"List"
      }
     ,"Source":{
        "List":"Seller Dashboard List (38784043417088031374)"
      }
     ,"Layout":{
        "Sequence":10
       ,"Parent Region":"No Parent"
       ,"Position":"REGION_POSITION_02"
       ,"Start New Layout":false
       ,"Start New Row":true
       ,"Column":"Automatic"
       ,"New Column":true
       ,"Column Span":"Automatic"
      }
     ,"Appearance":{
        "Template":"Standard (19471808805460504264)"
       ,"Template Options":[
          "#DEFAULT#"
         ,"t-Region--removeHeader js-removeLandmark"
         ,"t-Region--noUI"
         ,"t-Region--scrollBody"
        ]
       ,"Render Components":"Above Content"
      }
     ,"Accessibility":{
        "Use Landmark":true
       ,"Landmark Type":"Template Default"
      }
     ,"Advanced":{
        "Region Display Selector":false
       ,"Exclude Title from Translation":false
      }
     ,"Server Cache":{
        "Caching":"Disabled"
      }
     ,"Customization":{
        "Customizable":"Not Customizable By End Users"
      }
     ,"Attributes":{
        "Appearance":{
          "List Template":"Links List (19471863408174504294)"
         ,"Template Options":[
            "#DEFAULT#"
           ,"t-LinksList--showArrow"
           ,"t-LinksList--nowrap"
           ,"t-LinksList--actions"
           ,"t-LinksList--showTopIcons"
          ]
         ,"CSS Classes":[
            "dashboard-side-menu-list"
          ]
        }
      }
    }
   ,{
      "id":"40242459207027369222"
     ,"Identification":{
        "Title":"Cancelled"
       ,"Type":"Dynamic Content"
      }
     ,"Source":{
        "Language":"PL\/SQL"
       ,"PL\/SQL Function Body returning a CLOB":"declare \n    l_count number;\nbegin\n    select  count(distinct oi.line_item_id)\n    into    l_count\n    from    order_items oi, product p, stores s\n    where   oi.item_status = \u0027Cancelled\u0027  \n    and     oi.product_id = p.product_id\n    and     p.store_id = s.store_id\n    and     s.customer_id = to_number(:USER_ID) ;\n\n    return \n        \u0027 \u003Cdiv class=\"overview-danger\"\u003E\n        \u003Ch3 class=\"overview-title\"\u003E Cancelled Order Items\u003C\/h3\u003E\n        \u003Ch4 class=\"overview-data\"\u003E\u0027 || l_count || \u0027 Order(s)\n        \u003C\/h4\u003E\n        \u003C\/div\u003E \u0027;\nend;"
      }
     ,"Layout":{
        "Sequence":60
       ,"Parent Region":"Orders Overview (79066338432320077623)"
       ,"Position":"SUB_REGIONS"
       ,"Start New Layout":false
       ,"Start New Row":false
       ,"Column":"Automatic"
       ,"New Column":true
       ,"Column Span":"4"
      }
     ,"Appearance":{
        "Template":"Standard (19471808805460504264)"
       ,"Template Options":[
          "#DEFAULT#"
         ,"t-Region--removeHeader js-removeLandmark"
         ,"t-Region--stacked"
         ,"t-Region--scrollBody"
        ]
       ,"CSS Classes":[
          "overall-summary-region"
        ]
       ,"Render Components":"Above Content"
      }
     ,"Accessibility":{
        "Use Landmark":true
       ,"Landmark Type":"Template Default"
      }
     ,"Advanced":{
        "Custom Attributes":[
          "data-id=Cancelled"
        ]
       ,"Region Display Selector":false
       ,"Exclude Title from Translation":false
      }
     ,"Server Cache":{
        "Caching":"Disabled"
      }
     ,"Customization":{
        "Customizable":"Not Customizable By End Users"
      }
     ,"Attributes":{
        "Performance":{
          "Lazy Loading":false
        }
      }
    }
   ,{
      "id":"40242459377251369223"
     ,"Identification":{
        "Title":"Confirmed"
       ,"Type":"Dynamic Content"
      }
     ,"Source":{
        "Language":"PL\/SQL"
       ,"PL\/SQL Function Body returning a CLOB":"declare \n    l_count number;\nbegin\n    select  count(distinct oi.line_item_id)\n    into    l_count\n    from    order_items oi, product p, stores s\n    where   oi.item_status = \u0027Confirmed\u0027  \n    and     oi.product_id = p.product_id\n    and     p.store_id = s.store_id\n    and     s.customer_id = to_number(:USER_ID) ;\n\n    return \n        \u0027 \u003Cdiv class=\"overview-success\"\u003E\n        \u003Ch3 class=\"overview-title\"\u003E Confirmed Order Items\u003C\/h3\u003E\n        \u003Ch4 class=\"overview-data\"\u003E\u0027 || l_count || \u0027 Order(s)\n        \u003C\/h4\u003E\n        \u003C\/div\u003E \u0027;\nend;"
      }
     ,"Layout":{
        "Sequence":50
       ,"Parent Region":"Orders Overview (79066338432320077623)"
       ,"Position":"SUB_REGIONS"
       ,"Start New Layout":false
       ,"Start New Row":false
       ,"Column":"Automatic"
       ,"New Column":true
       ,"Column Span":"4"
      }
     ,"Appearance":{
        "Template":"Standard (19471808805460504264)"
       ,"Template Options":[
          "#DEFAULT#"
         ,"t-Region--removeHeader js-removeLandmark"
         ,"t-Region--stacked"
         ,"t-Region--scrollBody"
        ]
       ,"CSS Classes":[
          "overall-summary-region"
        ]
       ,"Render Components":"Above Content"
      }
     ,"Accessibility":{
        "Use Landmark":true
       ,"Landmark Type":"Template Default"
      }
     ,"Advanced":{
        "Custom Attributes":[
          "data-id=Confirmed"
        ]
       ,"Region Display Selector":false
       ,"Exclude Title from Translation":false
      }
     ,"Server Cache":{
        "Caching":"Disabled"
      }
     ,"Customization":{
        "Customizable":"Not Customizable By End Users"
      }
     ,"Attributes":{
        "Performance":{
          "Lazy Loading":false
        }
      }
    }
   ,{
      "id":"40242460151292369231"
     ,"Identification":{
        "Title":"Order Item Overview"
       ,"Type":"Classic Report"
      }
     ,"Source":{
        "Location":"Local Database"
       ,"Type":"Function Body returning SQL Query"
       ,"Language":"PL\/SQL"
       ,"PL\/SQL Function Body returning SQL Query":"BEGIN\n    IF :P73_FILTER_ORDERS IS NULL THEN\n        return q\u0027~\n        SELECT DISTINCT \n            oi.line_item_id, \n            o.order_id,\n            ot.order_type,\n            p.product_name,\n            c.firstname || \u0027 \u0027 || c.lastname AS customer_name, \n            o.order_datetime, \n            oi.item_status, \n            \u0027Check Full Order Details\u0027 AS check_order_details,\n            \u0027Accept Purchase\u0027 AS accept_purchase,\n            \u0027Cancel Product\u0027 AS cancel_product\n        FROM \n            orders o\n        INNER JOIN order_items oi ON o.order_id = oi.order_id\n        INNER JOIN customer c ON o.customer_id = c.customer_id\n        INNER JOIN product p ON oi.product_id = p.product_id\n        INNER JOIN stores s ON p.store_id = s.store_id\n        INNER JOIN order_type ot ON o.order_type_id = ot.order_type_id\n        WHERE s.customer_id = TO_NUMBER(:USER_ID)\n        ORDER BY o.order_datetime;\n\n        ~\u0027;\n    ELSIF :P73_FILTER_ORDERS = \u0027Composite\u0027 OR :P73_FILTER_ORDERS = \u0027Individual\u0027 THEN\n        IF :P73_FILTER_ORDERS = \u0027Composite\u0027 THEN\n            return q\u0027~\n            SELECT DISTINCT \n                oi.line_item_id, \n                o.order_id,\n                ot.order_type,\n                p.product_name,\n                c.firstname || \u0027 \u0027 || c.lastname AS customer_name, \n                o.order_datetime, \n                oi.item_status, \n                \u0027Check Full Order Details\u0027 AS check_order_details,\n                \u0027Accept Purchase\u0027 AS accept_purchase,\n                \u0027Cancel Product\u0027 AS cancel_product\n            FROM \n                orders o\n            INNER JOIN order_items oi ON o.order_id = oi.order_id\n            INNER JOIN customer c ON o.customer_id = c.customer_id\n            INNER JOIN product p ON oi.product_id = p.product_id\n            INNER JOIN stores s ON p.store_id = s.store_id\n            INNER JOIN order_type ot ON o.order_type_id = ot.order_type_id\n            WHERE s.customer_id = TO_NUMBER(:USER_ID) AND o.order_type_id = 2\n            ORDER BY o.order_datetime;\n\n            ~\u0027; \n        ELSE \n            return q\u0027~\n            SELECT DISTINCT \n                oi.line_item_id, \n                o.order_id,\n                ot.order_type,\n                p.product_name,\n                c.firstname || \u0027 \u0027 || c.lastname AS customer_name, \n                o.order_datetime, \n                oi.item_status, \n                \u0027Check Full Order Details\u0027 AS check_order_details,\n                \u0027Accept Purchase\u0027 AS accept_purchase,\n                \u0027Cancel Product\u0027 AS cancel_product\n            FROM \n                orders o\n            INNER JOIN order_items oi ON o.order_id = oi.order_id\n            INNER JOIN customer c ON o.customer_id = c.customer_id\n            INNER JOIN product p ON oi.product_id = p.product_id\n            INNER JOIN stores s ON p.store_id = s.store_id\n            INNER JOIN order_type ot ON o.order_type_id = ot.order_type_id\n            WHERE s.customer_id = TO_NUMBER(:USER_ID) AND o.order_type_id = 1\n            ORDER BY o.order_datetime;\n\n            ~\u0027; \n        END IF;\n    ELSE \n        return q\u0027~\n        SELECT DISTINCT \n            oi.line_item_id, \n            o.order_id,\n            ot.order_type,\n            p.product_name,\n            c.firstname || \u0027 \u0027 || c.lastname AS customer_name, \n            o.order_datetime, \n            oi.item_status, \n            \u0027Check Full Order Details\u0027 AS check_order_details,\n            \u0027Accept Purchase\u0027 AS accept_purchase,\n            \u0027Cancel Product\u0027 AS cancel_product\n        FROM \n            orders o\n        INNER JOIN order_items oi ON o.order_id = oi.order_id\n        INNER JOIN customer c ON o.customer_id = c.customer_id\n        INNER JOIN product p ON oi.product_id = p.product_id\n        INNER JOIN stores s ON p.store_id = s.store_id\n        INNER JOIN order_type ot ON o.order_type_id = ot.order_type_id\n        WHERE s.customer_id = TO_NUMBER(:USER_ID) AND oi.item_status = :P73_FILTER_ORDERS\n        ORDER BY o.order_datetime;\n\n        ~\u0027;\n    END IF;\nENd;"
       ,"Page Items to Submit":[
          "P73_FILTER_ORDERS"
        ]
       ,"Use Generic Column Names":false
      }
     ,"Layout":{
        "Sequence":70
       ,"Parent Region":"No Parent"
       ,"Position":"BODY"
       ,"Start New Layout":false
       ,"Start New Row":true
       ,"Column":"Automatic"
       ,"New Column":true
       ,"Column Span":"Automatic"
      }
     ,"Appearance":{
        "Template":"Standard (19471808805460504264)"
       ,"Template Options":[
          "#DEFAULT#"
         ,"t-Region--scrollBody"
         ,"margin-top-md"
        ]
       ,"Render Components":"Above Content"
      }
     ,"Accessibility":{
        "Use Landmark":true
       ,"Landmark Type":"Template Default"
      }
     ,"Advanced":{
        "Static ID":"list-of-orders"
       ,"Region Display Selector":false
       ,"Exclude Title from Translation":false
      }
     ,"Server Cache":{
        "Caching":"Disabled"
      }
     ,"Customization":{
        "Customizable":"Not Customizable By End Users"
      }
     ,"Attributes":{
        "Layout":{
          "Number of Rows Type":"Static Value"
         ,"Number of Rows":15
        }
       ,"Appearance":{
          "Template Type":"Theme"
         ,"Template":"Standard (19471847069031504283)"
         ,"Template Options":[
            "#DEFAULT#"
           ,"t-Report--stretch"
           ,"t-Report--altRowsDefault"
           ,"t-Report--rowHighlight"
           ,"t-Report--inline"
           ,"t-Report--hideNoPagination"
          ]
        }
       ,"Pagination":{
          "Type":"No Pagination (Show All Rows)"
         ,"Partial Page Refresh":true
        }
       ,"Performance":{
          "Lazy Loading":false
        }
       ,"Messages":{
          "When No Data Found":"No orders yet !"
        }
       ,"Break Formatting":{
          "Break Columns":"No Break"
        }
       ,"Advanced":{
          "Strip HTML":false
         ,"Sort Nulls":"Last"
        }
       ,"Heading":{
          "Type":"Custom Headings"
        }
       ,"Download":{
          "CSV Export Enabled":false
        }
       ,"Printing":{
          "Enabled":false
        }
      }
     ,"Columns":[
        {
          "id":"40358075810028470113"
         ,"Identification":{
            "Column Name":"ORDER_ID"
           ,"Type":"Plain Text"
          }
         ,"Heading":{
            "Heading":"Order Number"
           ,"Alignment":"center"
          }
         ,"Layout":{
            "Sequence":40
           ,"Column Alignment":"center"
          }
         ,"Accessibility":{
            "Value Identifies Row":false
          }
         ,"Sorting":{
            "Sortable":false
          }
         ,"Export \/ Printing":{
            "Include In Export \/ Print":true
          }
         ,"Advanced":{
            "Compute Sum":false
          }
         ,"UI Defaults Reference":{
            "Table Owner":"Parsing Schema"
          }
         ,"Security":{
            "Escape special characters":true
          }
        }
       ,{
          "id":"40358076214976470117"
         ,"Identification":{
            "Column Name":"ORDER_DATETIME"
           ,"Type":"Hidden Column"
          }
         ,"Layout":{
            "Sequence":60
          }
         ,"UI Defaults Reference":{
            "Table Owner":"Parsing Schema"
          }
         ,"Security":{
            "Escape special characters":true
          }
        }
       ,{
          "id":"47738993888221838011"
         ,"Identification":{
            "Column Name":"LINE_ITEM_ID"
           ,"Type":"Hidden Column"
          }
         ,"Layout":{
            "Sequence":10
          }
         ,"UI Defaults Reference":{
            "Table Owner":"Parsing Schema"
          }
         ,"Security":{
            "Escape special characters":true
          }
        }
       ,{
          "id":"47738993920554838012"
         ,"Identification":{
            "Column Name":"ORDER_TYPE"
           ,"Type":"Plain Text"
          }
         ,"Heading":{
            "Heading":"Order Type"
           ,"Alignment":"start"
          }
         ,"Layout":{
            "Sequence":50
           ,"Column Alignment":"start"
          }
         ,"Accessibility":{
            "Value Identifies Row":false
          }
         ,"Sorting":{
            "Sortable":false
          }
         ,"Export \/ Printing":{
            "Include In Export \/ Print":true
          }
         ,"Advanced":{
            "Compute Sum":false
          }
         ,"UI Defaults Reference":{
            "Table Owner":"Parsing Schema"
          }
         ,"Security":{
            "Escape special characters":true
          }
        }
       ,{
          "id":"47738994484356838017"
         ,"Identification":{
            "Column Name":"PRODUCT_NAME"
           ,"Type":"Plain Text"
          }
         ,"Heading":{
            "Heading":"Product Name"
           ,"Alignment":"start"
          }
         ,"Layout":{
            "Sequence":20
           ,"Column Alignment":"start"
          }
         ,"Accessibility":{
            "Value Identifies Row":false
          }
         ,"Sorting":{
            "Sortable":false
          }
         ,"Export \/ Printing":{
            "Include In Export \/ Print":true
          }
         ,"Advanced":{
            "Compute Sum":false
          }
         ,"UI Defaults Reference":{
            "Table Owner":"Parsing Schema"
          }
         ,"Security":{
            "Escape special characters":true
          }
        }
       ,{
          "id":"47738997607247838049"
         ,"Identification":{
            "Column Name":"ITEM_STATUS"
           ,"Type":"Plain Text"
          }
         ,"Heading":{
            "Heading":"Item Status"
           ,"Alignment":"start"
          }
         ,"Layout":{
            "Sequence":100
           ,"Column Alignment":"start"
          }
         ,"Accessibility":{
            "Value Identifies Row":false
          }
         ,"Sorting":{
            "Sortable":false
          }
         ,"Export \/ Printing":{
            "Include In Export \/ Print":true
          }
         ,"Advanced":{
            "Compute Sum":false
          }
         ,"UI Defaults Reference":{
            "Table Owner":"Parsing Schema"
          }
         ,"Security":{
            "Escape special characters":true
          }
        }
       ,{
          "id":"50516530674781306401"
         ,"Identification":{
            "Column Name":"CUSTOMER_NAME"
           ,"Type":"Plain Text"
          }
         ,"Heading":{
            "Heading":"Customer Name"
           ,"Alignment":"start"
          }
         ,"Layout":{
            "Sequence":80
           ,"Column Alignment":"start"
          }
         ,"Accessibility":{
            "Value Identifies Row":false
          }
         ,"Sorting":{
            "Sortable":false
          }
         ,"Export \/ Printing":{
            "Include In Export \/ Print":true
          }
         ,"Advanced":{
            "Compute Sum":false
          }
         ,"UI Defaults Reference":{
            "Table Owner":"Parsing Schema"
          }
         ,"Security":{
            "Escape special characters":true
          }
        }
       ,{
          "id":"50516530745698306402"
         ,"Identification":{
            "Column Name":"CHECK_ORDER_DETAILS"
           ,"Type":"Link"
          }
         ,"Heading":{
            "Heading":"Check Order Details"
           ,"Alignment":"start"
          }
         ,"Layout":{
            "Sequence":90
           ,"Column Alignment":"start"
          }
         ,"Accessibility":{
            "Value Identifies Row":false
          }
         ,"Link":{
            "Target":"javascript:void(null)"
           ,"Link Text":"\u003Cimg src=\"#IMAGE_PREFIX#app_ui\/img\/icons\/apex-edit-view.png\" class=\"apex-edit-view full-order\" alt=\"\"\u003E"
           ,"Link Attributes":"data-id=#ORDER_ID#"
          }
         ,"Sorting":{
            "Sortable":false
          }
         ,"Export \/ Printing":{
            "Include In Export \/ Print":true
          }
         ,"Advanced":{
            "Compute Sum":false
          }
         ,"UI Defaults Reference":{
            "Table Owner":"Parsing Schema"
          }
         ,"Security":{
            "Escape special characters":true
          }
        }
       ,{
          "id":"50516530885338306403"
         ,"Identification":{
            "Column Name":"ACCEPT_PURCHASE"
           ,"Type":"Link"
          }
         ,"Heading":{
            "Heading":"Accept Purchase"
           ,"Alignment":"start"
          }
         ,"Layout":{
            "Sequence":110
           ,"Column Alignment":"start"
          }
         ,"Accessibility":{
            "Value Identifies Row":false
          }
         ,"Link":{
            "Target":"javascript:void(null)"
           ,"Link Text":"\u003Cspan class=\"fa fa-check-circle confirm-order\" aria-hidden=\"true\"\u003E\u003C\/span\u003E"
           ,"Link Attributes":"data-id=#LINE_ITEM_ID# data-status=#ITEM_STATUS# data-order=#ORDER_ID#"
          }
         ,"Sorting":{
            "Sortable":false
          }
         ,"Export \/ Printing":{
            "Include In Export \/ Print":true
          }
         ,"Advanced":{
            "Compute Sum":false
          }
         ,"UI Defaults Reference":{
            "Table Owner":"Parsing Schema"
          }
         ,"Security":{
            "Escape special characters":true
          }
        }
       ,{
          "id":"50516530985310306404"
         ,"Identification":{
            "Column Name":"CANCEL_PRODUCT"
           ,"Type":"Link"
          }
         ,"Heading":{
            "Heading":"Cancel Product"
           ,"Alignment":"start"
          }
         ,"Layout":{
            "Sequence":120
           ,"Column Alignment":"start"
          }
         ,"Accessibility":{
            "Value Identifies Row":false
          }
         ,"Link":{
            "Target":"javascript:void(null)"
           ,"Link Text":"\u003Cspan aria-hidden=\"true\" class=\"fa fa-times-circle del-order-item\"\u003E\u003C\/span\u003E"
           ,"Link Attributes":"data-id=#LINE_ITEM_ID# data-status=#ITEM_STATUS# data-order=#ORDER_ID#"
          }
         ,"Sorting":{
            "Sortable":false
          }
         ,"Export \/ Printing":{
            "Include In Export \/ Print":true
          }
         ,"Advanced":{
            "Compute Sum":false
          }
         ,"UI Defaults Reference":{
            "Table Owner":"Parsing Schema"
          }
         ,"Security":{
            "Escape special characters":true
          }
        }
      ]
    }
   ,{
      "id":"47738994727276838020"
     ,"Identification":{
        "Title":"Order Details"
       ,"Type":"Static Content"
      }
     ,"Layout":{
        "Sequence":80
       ,"Parent Region":"No Parent"
       ,"Position":"BODY"
       ,"Start New Layout":false
       ,"Start New Row":true
       ,"Column":"Automatic"
       ,"New Column":true
       ,"Column Span":"Automatic"
      }
     ,"Appearance":{
        "Template":"Inline Dialog (19471584494580504252)"
       ,"Template Options":[
          "#DEFAULT#"
         ,"js-dialog-autoheight"
         ,"t-DialogRegion--noPadding"
         ,"js-dialog-size720x480"
         ,"margin-top-lg"
         ,"margin-bottom-lg"
         ,"margin-left-lg"
         ,"margin-right-lg"
        ]
       ,"CSS Classes":[
          "order-details-region"
        ]
       ,"Render Components":"Above Content"
      }
     ,"Accessibility":{
        "Use Landmark":true
       ,"Landmark Type":"Template Default"
      }
     ,"Advanced":{
        "Region Display Selector":false
       ,"Exclude Title from Translation":false
      }
     ,"Server Cache":{
        "Caching":"Disabled"
      }
     ,"Customization":{
        "Customizable":"Not Customizable By End Users"
      }
     ,"Attributes":{
        "Settings":{
          "Output As":"HTML"
         ,"Expand Shortcuts":false
        }
      }
    }
   ,{
      "id":"47738996768696838040"
     ,"Identification":{
        "Title":"Partner\u0027s  Products"
       ,"Type":"List View"
      }
     ,"Source":{
        "Location":"Local Database"
       ,"Type":"SQL Query"
       ,"SQL Query":"SELECT \n    DISTINCT p.product_id,\n    product_name,\n    s.store_name,\n    s.customer_id as owner\nFROM product p\nLEFT JOIN stores s ON s.store_id = p.store_id\nLEFT JOIN customer c ON s.customer_id = c.customer_id\nLEFT JOIN order_items oi ON p.product_id = oi.product_id\nWHERE NOT c.customer_id = :USER_ID AND oi.order_id = :P73_ORDER_NUMBER;\n\n"
       ,"Page Items to Submit":[
          "P73_ORDER_NUMBER"
        ]
      }
     ,"Layout":{
        "Sequence":50
       ,"Parent Region":"Collaborating Sellers\u0027 Selection (47738996964195838042)"
       ,"Position":"BODY"
       ,"Start New Layout":false
       ,"Start New Row":true
       ,"Column":"Automatic"
       ,"New Column":true
       ,"Column Span":"Automatic"
      }
     ,"Appearance":{
        "Template":"Standard (19471808805460504264)"
       ,"Template Options":[
          "#DEFAULT#"
         ,"t-Region--stacked"
         ,"t-Region--scrollBody"
        ]
       ,"Render Components":"Above Content"
      }
     ,"Accessibility":{
        "Use Landmark":true
       ,"Landmark Type":"Template Default"
      }
     ,"Advanced":{
        "Region Display Selector":false
       ,"Exclude Title from Translation":false
      }
     ,"Security":{
        "Escape special characters":true
      }
     ,"Server Cache":{
        "Caching":"Disabled"
      }
     ,"Customization":{
        "Customizable":"Not Customizable By End Users"
      }
     ,"Attributes":{
        "Settings":{
          "Features":"Advanced Formatting"
         ,"Text Formatting":"\u003Ch5\u003E\u0026PRODUCT_NAME.\u003C\/h5\u003E"
         ,"Supplemental Information Formatting":"Owner : \u0026OWNER. From \u0026STORE_NAME."
         ,"Link Target":{
            "url":"f?p=\u0026APP_ID.:18:\u0026SESSION.::\u0026DEBUG.:18:P18_PRODUCT_ID:\u0026PRODUCT_ID."
           ,"Page":"18"
           ,"Clear Cache":"18"
           ,"Values":{
              "P18_PRODUCT_ID":"\u0026PRODUCT_ID."
            }
          }
        }
       ,"Layout":{
          "Number of Rows Type":"Static Value"
         ,"Number of Rows":15
        }
      }
    }
   ,{
      "id":"47738996874561838041"
     ,"Identification":{
        "Title":"Order General Details"
       ,"Type":"Static Content"
      }
     ,"Layout":{
        "Sequence":10
       ,"Parent Region":"Order Details (47738994727276838020)"
       ,"Position":"BODY"
       ,"Start New Layout":false
       ,"Start New Row":true
       ,"Column":"Automatic"
       ,"New Column":true
       ,"Column Span":"Automatic"
      }
     ,"Appearance":{
        "Template":"Standard (19471808805460504264)"
       ,"Template Options":[
          "#DEFAULT#"
         ,"t-Region--stacked"
         ,"t-Region--scrollBody"
        ]
       ,"Render Components":"Above Content"
      }
     ,"Accessibility":{
        "Use Landmark":true
       ,"Landmark Type":"Template Default"
      }
     ,"Advanced":{
        "Region Display Selector":false
       ,"Exclude Title from Translation":false
      }
     ,"Server Cache":{
        "Caching":"Disabled"
      }
     ,"Customization":{
        "Customizable":"Not Customizable By End Users"
      }
     ,"Attributes":{
        "Settings":{
          "Output As":"HTML"
         ,"Expand Shortcuts":false
        }
      }
    }
   ,{
      "id":"47738996964195838042"
     ,"Identification":{
        "Title":"Collaborating Sellers\u0027 Selection"
       ,"Type":"Static Content"
      }
     ,"Layout":{
        "Sequence":60
       ,"Parent Region":"Order Details (47738994727276838020)"
       ,"Position":"BODY"
       ,"Start New Layout":false
       ,"Start New Row":true
       ,"Column":"Automatic"
       ,"New Column":true
       ,"Column Span":"Automatic"
      }
     ,"Appearance":{
        "Template":"Standard (19471808805460504264)"
       ,"Template Options":[
          "#DEFAULT#"
         ,"t-Region--stacked"
         ,"t-Region--scrollBody"
        ]
       ,"Render Components":"Above Content"
      }
     ,"Accessibility":{
        "Use Landmark":true
       ,"Landmark Type":"Template Default"
      }
     ,"Advanced":{
        "Region Display Selector":false
       ,"Exclude Title from Translation":false
      }
     ,"Server Cache":{
        "Caching":"Disabled"
      }
     ,"Customization":{
        "Customizable":"Not Customizable By End Users"
      }
     ,"Attributes":{
        "Settings":{
          "Output As":"HTML"
         ,"Expand Shortcuts":false
        }
      }
    }
   ,{
      "id":"50516531207441306407"
     ,"Identification":{
        "Title":"Composite"
       ,"Type":"Dynamic Content"
      }
     ,"Source":{
        "Language":"PL\/SQL"
       ,"PL\/SQL Function Body returning a CLOB":"DECLARE\n    l_count NUMBER := 0;\nBEGIN\n    SELECT COUNT(DISTINCT o.order_id)\n    INTO l_count\n    FROM orders o\n    JOIN order_items oi ON o.order_id = oi.order_id\n    JOIN product p ON oi.product_id = p.product_id\n    JOIN stores s ON p.store_id = s.store_id\n    WHERE o.order_type_id = 2\n    AND s.customer_id = TO_NUMBER(:USER_ID);\n\n    RETURN \u0027\u003Cdiv class=\"overview\"\u003E\n            \u003Ch3 class=\"overview-title\"\u003E Composite Orders \u003C\/h3\u003E\n            \u003Ch4 class=\"overview-data\"\u003E\u0027 || l_count || \u0027 order(s)\n            \u003C\/h4\u003E\n            \u003C\/div\u003E\u0027;\nEND;\n"
      }
     ,"Layout":{
        "Sequence":30
       ,"Parent Region":"Orders Overview (79066338432320077623)"
       ,"Position":"SUB_REGIONS"
       ,"Start New Layout":false
       ,"Start New Row":false
       ,"Column":"Automatic"
       ,"New Column":true
       ,"Column Span":"4"
      }
     ,"Appearance":{
        "Template":"Standard (19471808805460504264)"
       ,"Template Options":[
          "#DEFAULT#"
         ,"t-Region--removeHeader js-removeLandmark"
         ,"t-Region--stacked"
         ,"t-Region--scrollBody"
        ]
       ,"CSS Classes":[
          "overall-summary-region"
        ]
       ,"Render Components":"Above Content"
      }
     ,"Accessibility":{
        "Use Landmark":true
       ,"Landmark Type":"Template Default"
      }
     ,"Advanced":{
        "Custom Attributes":[
          "data-id=Composite"
        ]
       ,"Region Display Selector":false
       ,"Exclude Title from Translation":false
      }
     ,"Server Cache":{
        "Caching":"Disabled"
      }
     ,"Customization":{
        "Customizable":"Not Customizable By End Users"
      }
     ,"Attributes":{
        "Performance":{
          "Lazy Loading":false
        }
      }
    }
   ,{
      "id":"50516531392499306408"
     ,"Identification":{
        "Title":"Optimal Product Pairings Analysis"
       ,"Type":"Chart"
      }
     ,"Layout":{
        "Sequence":20
       ,"Parent Region":"No Parent"
       ,"Position":"BODY"
       ,"Start New Layout":false
       ,"Start New Row":true
       ,"Column":"Automatic"
       ,"New Column":true
       ,"Column Span":"Automatic"
      }
     ,"Appearance":{
        "Template":"Standard (19471808805460504264)"
       ,"Template Options":[
          "#DEFAULT#"
         ,"t-Region--scrollBody"
        ]
       ,"Render Components":"Above Content"
      }
     ,"Accessibility":{
        "Use Landmark":true
       ,"Landmark Type":"Template Default"
      }
     ,"Advanced":{
        "Region Display Selector":false
       ,"Exclude Title from Translation":false
      }
     ,"Security":{
        "Escape special characters":true
      }
     ,"Server Cache":{
        "Caching":"Disabled"
      }
     ,"Customization":{
        "Customizable":"Not Customizable By End Users"
      }
     ,"Attributes":{
        "id":"50516531446734306409"
       ,"Chart":{
          "Type":"Bar"
        }
       ,"Appearance":{
          "Orientation":"Vertical"
         ,"Stack":false
        }
       ,"Layout":{
          "Height":400
        }
       ,"Data Cursor":{
          "Cursor":"Automatic"
         ,"Behavior":"Automatic"
         ,"Dim On Hover":true
        }
       ,"Multi-Series Chart Data":{
          "Fill Gaps in Chart Data":true
         ,"Sort Order":"Label - Ascending"
         ,"Render Gap as Zero":true
        }
       ,"Settings":{
          "Zoom and Scroll":"No"
        }
       ,"Animation":{
          "On Display":"Automatic"
         ,"On Data Change":"Automatic"
        }
       ,"Tooltip":{
          "Show":true
         ,"Show Series Name":true
         ,"Show Group Name":true
         ,"Show Value":true
        }
       ,"Legend":{
          "Show":false
        }
       ,"Series":[
          {
            "id":"50516531572683306410"
           ,"Identification":{
              "Name":"Series 1"
            }
           ,"Execution":{
              "Sequence":10
            }
           ,"Source":{
              "Location":"Local Database"
             ,"Type":"Table \/ View"
             ,"Table Owner":"Parsing Schema"
             ,"Table Name":"ORDER_ITEMS"
             ,"Include ROWID Column":false
            }
           ,"Order By":{
              "Type":"None"
            }
           ,"Column Mapping":{
              "Label":"PRODUCT_ID"
             ,"Value Aggregation":"No Aggregation"
             ,"Value":"QUANTITY"
            }
           ,"Appearance":{
              "Assigned To Y2 Axis":false
            }
           ,"Label":{
              "Show":false
            }
          }
        ]
       ,"Axes":[
          {
            "id":"50516531621782306411"
           ,"Identification":{
              "Name":"x"
             ,"Show Axis":true
            }
           ,"Value":{
              "Format Scaling":"Automatic"
             ,"Baseline Scaling":"Zero"
             ,"Scale":"Linear"
            }
           ,"Major Ticks":{
              "Show":"Yes"
            }
           ,"Minor Ticks":{
              "Show":false
            }
           ,"Tick Label":{
              "Show":true
             ,"Rotation":true
             ,"Position":"Outside"
            }
          }
         ,{
            "id":"50516531768432306412"
           ,"Identification":{
              "Name":"y"
             ,"Show Axis":true
            }
           ,"Value":{
              "Format":"Decimal"
             ,"Decimal Places":0
             ,"Format Scaling":"None"
             ,"Baseline Scaling":"Zero"
             ,"Scale":"Linear"
            }
           ,"Appearance":{
              "Position":"Automatic"
            }
           ,"Major Ticks":{
              "Show":"Yes"
            }
           ,"Minor Ticks":{
              "Show":false
            }
           ,"Tick Label":{
              "Show":true
            }
          }
        ]
      }
    }
   ,{
      "id":"79066338432320077623"
     ,"Identification":{
        "Title":"Orders Overview"
       ,"Type":"Static Content"
      }
     ,"Layout":{
        "Sequence":20
       ,"Parent Region":"No Parent"
       ,"Position":"REGION_POSITION_08"
       ,"Start New Layout":false
       ,"Start New Row":true
       ,"Column":"Automatic"
       ,"New Column":true
       ,"Column Span":"Automatic"
      }
     ,"Appearance":{
        "Template":"Standard (19471808805460504264)"
       ,"Template Options":[
          "#DEFAULT#"
         ,"t-Region--stacked"
         ,"t-Region--scrollBody"
        ]
       ,"CSS Classes":[
          "overall-summary-region-container"
        ]
       ,"Render Components":"Above Content"
      }
     ,"Accessibility":{
        "Use Landmark":true
       ,"Landmark Type":"Template Default"
      }
     ,"Advanced":{
        "Static ID":"order-overview"
       ,"Region Display Selector":false
       ,"Exclude Title from Translation":false
      }
     ,"Server Cache":{
        "Caching":"Disabled"
      }
     ,"Customization":{
        "Customizable":"Not Customizable By End Users"
      }
     ,"Attributes":{
        "Settings":{
          "Output As":"HTML"
         ,"Expand Shortcuts":false
        }
      }
    }
   ,{
      "id":"79066338607683077625"
     ,"Identification":{
        "Title":"Total Orders"
       ,"Type":"Dynamic Content"
      }
     ,"Source":{
        "Language":"PL\/SQL"
       ,"PL\/SQL Function Body returning a CLOB":"declare \n    l_number_of_orders number;\nbegin\n     select  count(distinct o.order_id)\n    into    l_number_of_orders\n    from    orders o, order_items oi, product p, stores s\n    where   o.order_id = oi.order_id\n    and     oi.product_id = p.product_id\n    and     p.store_id = s.store_id\n    and     s.customer_id = to_number(:USER_ID) ;\n\n    return \n        \u0027 \u003Cdiv class=\"overview\" data-id=\"Total\"\u003E\n        \u003Ch3 class=\"overview-title\"\u003E Total Orders\u003C\/h3\u003E\n        \u003Ch4 class=\"overview-data\"\u003E\u0027 || l_number_of_orders || \u0027 Order(s)\n        \u003C\/h4\u003E\n        \u003C\/div\u003E \u0027;\nend;"
      }
     ,"Layout":{
        "Sequence":10
       ,"Parent Region":"Orders Overview (79066338432320077623)"
       ,"Position":"SUB_REGIONS"
       ,"Start New Layout":false
       ,"Start New Row":true
       ,"Row CSS Classes":[
          "overall-summary-region-row"
        ]
       ,"Column":"Automatic"
       ,"New Column":true
       ,"Column Span":"4"
      }
     ,"Appearance":{
        "Template":"Standard (19471808805460504264)"
       ,"Template Options":[
          "#DEFAULT#"
         ,"t-Region--removeHeader js-removeLandmark"
         ,"t-Region--stacked"
         ,"t-Region--scrollBody"
        ]
       ,"CSS Classes":[
          "overall-summary-region"
        ]
       ,"Render Components":"Above Content"
      }
     ,"Accessibility":{
        "Use Landmark":true
       ,"Landmark Type":"Template Default"
      }
     ,"Advanced":{
        "Custom Attributes":[
          "data-id=Total"
        ]
       ,"Region Display Selector":false
       ,"Exclude Title from Translation":false
      }
     ,"Server Cache":{
        "Caching":"Disabled"
      }
     ,"Customization":{
        "Customizable":"Not Customizable By End Users"
      }
     ,"Attributes":{
        "Performance":{
          "Lazy Loading":false
        }
      }
    }
   ,{
      "id":"79066338740063077626"
     ,"Identification":{
        "Title":"Individual"
       ,"Type":"Dynamic Content"
      }
     ,"Source":{
        "Language":"PL\/SQL"
       ,"PL\/SQL Function Body returning a CLOB":"DECLARE\n    l_count NUMBER := 0;\nBEGIN\n    SELECT COUNT(DISTINCT o.order_id)\n    INTO l_count\n    FROM orders o\n    JOIN order_items oi ON o.order_id = oi.order_id\n    JOIN product p ON oi.product_id = p.product_id\n    JOIN stores s ON p.store_id = s.store_id\n    WHERE o.order_type_id = 1\n    AND s.customer_id = TO_NUMBER(:USER_ID);\n\n    RETURN \u0027\u003Cdiv class=\"overview\"\u003E\n            \u003Ch3 class=\"overview-title\"\u003E Individual Orders \u003C\/h3\u003E\n            \u003Ch4 class=\"overview-data\"\u003E\u0027 || l_count || \u0027 order(s)\n            \u003C\/h4\u003E\n            \u003C\/div\u003E\u0027;\nEND;\n"
      }
     ,"Layout":{
        "Sequence":20
       ,"Parent Region":"Orders Overview (79066338432320077623)"
       ,"Position":"SUB_REGIONS"
       ,"Start New Layout":false
       ,"Start New Row":false
       ,"Column":"Automatic"
       ,"New Column":true
       ,"Column Span":"4"
      }
     ,"Appearance":{
        "Template":"Standard (19471808805460504264)"
       ,"Template Options":[
          "#DEFAULT#"
         ,"t-Region--removeHeader js-removeLandmark"
         ,"t-Region--stacked"
         ,"t-Region--scrollBody"
        ]
       ,"CSS Classes":[
          "overall-summary-region"
        ]
       ,"Render Components":"Above Content"
      }
     ,"Accessibility":{
        "Use Landmark":true
       ,"Landmark Type":"Template Default"
      }
     ,"Advanced":{
        "Custom Attributes":[
          "data-id=Individual"
        ]
       ,"Region Display Selector":false
       ,"Exclude Title from Translation":false
      }
     ,"Server Cache":{
        "Caching":"Disabled"
      }
     ,"Customization":{
        "Customizable":"Not Customizable By End Users"
      }
     ,"Attributes":{
        "Performance":{
          "Lazy Loading":false
        }
      }
    }
   ,{
      "id":"79066338846821077627"
     ,"Identification":{
        "Title":"Pending"
       ,"Type":"Dynamic Content"
      }
     ,"Source":{
        "Language":"PL\/SQL"
       ,"PL\/SQL Function Body returning a CLOB":"declare \n    l_count number;\nbegin\n    select  count(distinct oi.line_item_id)\n    into    l_count\n    from    order_items oi, product p, stores s\n    where   oi.item_status = \u0027Pending\u0027  \n    and     oi.product_id = p.product_id\n    and     p.store_id = s.store_id\n    and     s.customer_id = to_number(:USER_ID) ;\n\n    return \n        \u0027 \u003Cdiv class=\"overview-warning\"\u003E\n        \u003Ch3 class=\"overview-title\"\u003E Pending Order Items\u003C\/h3\u003E\n        \u003Ch4 class=\"overview-data\"\u003E\u0027 || l_count || \u0027 Order(s)\n        \u003C\/h4\u003E\n        \u003C\/div\u003E \u0027;\nend;"
      }
     ,"Layout":{
        "Sequence":40
       ,"Parent Region":"Orders Overview (79066338432320077623)"
       ,"Position":"SUB_REGIONS"
       ,"Start New Layout":false
       ,"Start New Row":true
       ,"Column":"Automatic"
       ,"New Column":true
       ,"Column Span":"4"
      }
     ,"Appearance":{
        "Template":"Standard (19471808805460504264)"
       ,"Template Options":[
          "#DEFAULT#"
         ,"t-Region--removeHeader js-removeLandmark"
         ,"t-Region--stacked"
         ,"t-Region--scrollBody"
        ]
       ,"CSS Classes":[
          "overall-summary-region"
        ]
       ,"Render Components":"Above Content"
      }
     ,"Accessibility":{
        "Use Landmark":true
       ,"Landmark Type":"Template Default"
      }
     ,"Advanced":{
        "Custom Attributes":[
          "data-id=Pending"
        ]
       ,"Region Display Selector":false
       ,"Exclude Title from Translation":false
      }
     ,"Server Cache":{
        "Caching":"Disabled"
      }
     ,"Customization":{
        "Customizable":"Not Customizable By End Users"
      }
     ,"Attributes":{
        "Performance":{
          "Lazy Loading":false
        }
      }
    }
  ]
 ,"Page Items":[
    {
      "id":"40294674489649210444"
     ,"Identification":{
        "Name":"P73_ORDER_ITEM_ID"
       ,"Type":"Hidden"
      }
     ,"Settings":{
        "Value Protected":true
      }
     ,"Layout":{
        "Sequence":50
       ,"Region":"No Parent"
       ,"Position":"BODY"
      }
     ,"Advanced":{
        "Warn on Unsaved Changes":"Page Default"
      }
     ,"Source":{
        "Type":"Null"
       ,"Used":"Only when current value in session state is null"
      }
     ,"Session State":{
        "Data Type":"VARCHAR2"
       ,"Storage":"Per Request (Memory Only)"
      }
     ,"Security":{
        "Session State Protection":"Unrestricted"
       ,"Store value encrypted in session state":true
       ,"Restricted Characters":"All characters can be saved."
      }
    }
   ,{
      "id":"40294674556588210445"
     ,"Identification":{
        "Name":"P73_ITEM_STATUS"
       ,"Type":"Hidden"
      }
     ,"Settings":{
        "Value Protected":false
      }
     ,"Layout":{
        "Sequence":40
       ,"Region":"No Parent"
       ,"Position":"BODY"
      }
     ,"Advanced":{
        "Warn on Unsaved Changes":"Page Default"
      }
     ,"Source":{
        "Type":"Null"
       ,"Used":"Only when current value in session state is null"
      }
     ,"Session State":{
        "Data Type":"VARCHAR2"
       ,"Storage":"Per Request (Memory Only)"
      }
     ,"Security":{
        "Session State Protection":"Unrestricted"
       ,"Store value encrypted in session state":true
       ,"Restricted Characters":"All characters can be saved."
      }
    }
   ,{
      "id":"41154319228211227841"
     ,"Identification":{
        "Name":"P73_FILTER_ORDERS"
       ,"Type":"Select List"
      }
     ,"Label":{
        "Label":"Filter Order Items"
       ,"Alignment":"Left"
      }
     ,"Settings":{
        "Page Action on Selection":"None"
       ,"Allow Multi Selection":false
      }
     ,"Layout":{
        "Sequence":60
       ,"Region":"No Parent"
       ,"Position":"BODY"
       ,"Alignment":"Left"
       ,"Start New Layout":false
       ,"Start New Row":true
       ,"Column":"Automatic"
       ,"New Column":true
       ,"Column Span":"Automatic"
       ,"Label Column Span":"Page Template Default"
      }
     ,"Appearance":{
        "Template":"Optional - Above (19471879438844504303)"
       ,"Template Options":[
          "#DEFAULT#"
         ,"t-Form-fieldContainer--stretchInputs"
        ]
       ,"Height":1
      }
     ,"Validation":{
        "Value Required":false
      }
     ,"List of Values":{
        "Type":"Static Values"
       ,"Static Values":"STATIC:Pending Order Items;Pending,Confirmed Order Items;Confirmed,Cancelled Order Items;Cancelled,Individual Orders;Individual,Composite Orders;Composite"
       ,"Display Extra Values":true
       ,"Display Null Value":true
       ,"Null Display Value":"Total Orders"
      }
     ,"Advanced":{
        "Warn on Unsaved Changes":"Page Default"
      }
     ,"Source":{
        "Type":"Null"
       ,"Used":"Only when current value in session state is null"
      }
     ,"Session State":{
        "Storage":"Per Request (Memory Only)"
      }
     ,"Quick Picks":{
        "Show Quick Picks":false
      }
     ,"Security":{
        "Session State Protection":"Unrestricted"
       ,"Store value encrypted in session state":true
       ,"Restricted Characters":"All characters can be saved."
      }
    }
   ,{
      "id":"47738995390525838026"
     ,"Identification":{
        "Name":"P73_ORDER_TYPE"
       ,"Type":"Display Only"
      }
     ,"Label":{
        "Label":"Order Type"
       ,"Alignment":"Left"
      }
     ,"Settings":{
        "Format":"Plain Text"
       ,"Based On":"Item Value"
       ,"Show Line Breaks":true
       ,"Send On Page Submit":true
      }
     ,"Layout":{
        "Sequence":30
       ,"Region":"Order General Details (47738996874561838041)"
       ,"Position":"BODY"
       ,"Alignment":"Left"
       ,"Start New Layout":false
       ,"Start New Row":true
       ,"Column":"Automatic"
       ,"New Column":true
       ,"Column Span":"Automatic"
       ,"Label Column Span":"Page Template Default"
      }
     ,"Appearance":{
        "Template":"Optional - Floating (19471879586967504303)"
       ,"Template Options":[
          "#DEFAULT#"
        ]
      }
     ,"Advanced":{
        "Warn on Unsaved Changes":"Page Default"
      }
     ,"Source":{
        "Type":"Null"
       ,"Used":"Only when current value in session state is null"
      }
     ,"Session State":{
        "Data Type":"VARCHAR2"
       ,"Storage":"Per Session (Persistent)"
      }
     ,"Security":{
        "Session State Protection":"Unrestricted"
       ,"Store value encrypted in session state":true
       ,"Restricted Characters":"All characters can be saved."
      }
    }
   ,{
      "id":"47738995450473838027"
     ,"Identification":{
        "Name":"P73_ORDER_NUMBER"
       ,"Type":"Display Only"
      }
     ,"Label":{
        "Label":"Order Number"
       ,"Alignment":"Left"
      }
     ,"Settings":{
        "Format":"Plain Text"
       ,"Based On":"Item Value"
       ,"Show Line Breaks":true
       ,"Send On Page Submit":true
      }
     ,"Layout":{
        "Sequence":20
       ,"Region":"Order General Details (47738996874561838041)"
       ,"Position":"BODY"
       ,"Alignment":"Left"
       ,"Start New Layout":false
       ,"Start New Row":true
       ,"Column":"Automatic"
       ,"New Column":true
       ,"Column Span":"Automatic"
       ,"Label Column Span":"Page Template Default"
      }
     ,"Appearance":{
        "Template":"Optional - Floating (19471879586967504303)"
       ,"Template Options":[
          "#DEFAULT#"
        ]
      }
     ,"Advanced":{
        "Warn on Unsaved Changes":"Page Default"
      }
     ,"Source":{
        "Type":"Null"
       ,"Used":"Only when current value in session state is null"
      }
     ,"Session State":{
        "Data Type":"VARCHAR2"
       ,"Storage":"Per Session (Persistent)"
      }
     ,"Security":{
        "Session State Protection":"Unrestricted"
       ,"Store value encrypted in session state":true
       ,"Restricted Characters":"All characters can be saved."
      }
    }
   ,{
      "id":"47738995683295838029"
     ,"Identification":{
        "Name":"P73_ORDER_PARTNERS"
       ,"Type":"Display Only"
      }
     ,"Label":{
        "Label":"Order Partners"
       ,"Alignment":"Left"
      }
     ,"Settings":{
        "Format":"Plain Text"
       ,"Based On":"Item Value"
       ,"Show Line Breaks":true
       ,"Send On Page Submit":true
      }
     ,"Layout":{
        "Sequence":40
       ,"Region":"Collaborating Sellers\u0027 Selection (47738996964195838042)"
       ,"Position":"BODY"
       ,"Alignment":"Left"
       ,"Start New Layout":false
       ,"Start New Row":true
       ,"Column":"Automatic"
       ,"New Column":true
       ,"Column Span":"Automatic"
       ,"Label Column Span":"Page Template Default"
      }
     ,"Appearance":{
        "Template":"Optional - Floating (19471879586967504303)"
       ,"Template Options":[
          "#DEFAULT#"
        ]
      }
     ,"Advanced":{
        "Warn on Unsaved Changes":"Page Default"
      }
     ,"Source":{
        "Type":"Null"
       ,"Used":"Only when current value in session state is null"
      }
     ,"Session State":{
        "Data Type":"VARCHAR2"
       ,"Storage":"Per Session (Persistent)"
      }
     ,"Security":{
        "Session State Protection":"Unrestricted"
       ,"Store value encrypted in session state":true
       ,"Restricted Characters":"All characters can be saved."
      }
    }
   ,{
      "id":"47738997073508838043"
     ,"Identification":{
        "Name":"P73_BUYER_NAME"
       ,"Type":"Display Only"
      }
     ,"Label":{
        "Label":"Buyer Name"
       ,"Alignment":"Left"
      }
     ,"Settings":{
        "Format":"Plain Text"
       ,"Based On":"Item Value"
       ,"Show Line Breaks":true
       ,"Send On Page Submit":true
      }
     ,"Layout":{
        "Sequence":50
       ,"Region":"Order General Details (47738996874561838041)"
       ,"Position":"BODY"
       ,"Alignment":"Left"
       ,"Start New Layout":false
       ,"Start New Row":true
       ,"Column":"Automatic"
       ,"New Column":true
       ,"Column Span":"Automatic"
       ,"Label Column Span":"Page Template Default"
      }
     ,"Appearance":{
        "Template":"Optional - Floating (19471879586967504303)"
       ,"Template Options":[
          "#DEFAULT#"
        ]
      }
     ,"Advanced":{
        "Warn on Unsaved Changes":"Page Default"
      }
     ,"Source":{
        "Type":"Null"
       ,"Used":"Only when current value in session state is null"
      }
     ,"Session State":{
        "Data Type":"VARCHAR2"
       ,"Storage":"Per Session (Persistent)"
      }
     ,"Security":{
        "Session State Protection":"Unrestricted"
       ,"Store value encrypted in session state":true
       ,"Restricted Characters":"All characters can be saved."
      }
    }
   ,{
      "id":"47738997165026838044"
     ,"Identification":{
        "Name":"P73_BUYER_EMAIL"
       ,"Type":"Display Only"
      }
     ,"Label":{
        "Label":"Buyer Name"
       ,"Alignment":"Left"
      }
     ,"Settings":{
        "Format":"Plain Text"
       ,"Based On":"Item Value"
       ,"Show Line Breaks":true
       ,"Send On Page Submit":true
      }
     ,"Layout":{
        "Sequence":60
       ,"Region":"Order General Details (47738996874561838041)"
       ,"Position":"BODY"
       ,"Alignment":"Left"
       ,"Start New Layout":false
       ,"Start New Row":true
       ,"Column":"Automatic"
       ,"New Column":true
       ,"Column Span":"Automatic"
       ,"Label Column Span":"Page Template Default"
      }
     ,"Appearance":{
        "Template":"Optional - Floating (19471879586967504303)"
       ,"Template Options":[
          "#DEFAULT#"
        ]
      }
     ,"Advanced":{
        "Warn on Unsaved Changes":"Page Default"
      }
     ,"Source":{
        "Type":"Null"
       ,"Used":"Only when current value in session state is null"
      }
     ,"Session State":{
        "Data Type":"VARCHAR2"
       ,"Storage":"Per Session (Persistent)"
      }
     ,"Security":{
        "Session State Protection":"Unrestricted"
       ,"Store value encrypted in session state":true
       ,"Restricted Characters":"All characters can be saved."
      }
    }
   ,{
      "id":"47738997244190838045"
     ,"Identification":{
        "Name":"P73_BUYER_PHONE"
       ,"Type":"Display Only"
      }
     ,"Label":{
        "Label":"Buyer Name"
       ,"Alignment":"Left"
      }
     ,"Settings":{
        "Format":"Plain Text"
       ,"Based On":"Item Value"
       ,"Show Line Breaks":true
       ,"Send On Page Submit":true
      }
     ,"Layout":{
        "Sequence":70
       ,"Region":"Order General Details (47738996874561838041)"
       ,"Position":"BODY"
       ,"Alignment":"Left"
       ,"Start New Layout":false
       ,"Start New Row":false
       ,"Column":"Automatic"
       ,"New Column":true
       ,"Column Span":"Automatic"
       ,"Label Column Span":"Page Template Default"
      }
     ,"Appearance":{
        "Template":"Optional - Floating (19471879586967504303)"
       ,"Template Options":[
          "#DEFAULT#"
        ]
      }
     ,"Advanced":{
        "Warn on Unsaved Changes":"Page Default"
      }
     ,"Source":{
        "Type":"Null"
       ,"Used":"Only when current value in session state is null"
      }
     ,"Session State":{
        "Data Type":"VARCHAR2"
       ,"Storage":"Per Session (Persistent)"
      }
     ,"Security":{
        "Session State Protection":"Unrestricted"
       ,"Store value encrypted in session state":true
       ,"Restricted Characters":"All characters can be saved."
      }
    }
   ,{
      "id":"47738997379840838046"
     ,"Identification":{
        "Name":"P73_ORDER_DATE"
       ,"Type":"Display Only"
      }
     ,"Label":{
        "Label":"Order Type"
       ,"Alignment":"Left"
      }
     ,"Settings":{
        "Format":"Plain Text"
       ,"Based On":"Item Value"
       ,"Show Line Breaks":true
       ,"Send On Page Submit":true
      }
     ,"Layout":{
        "Sequence":40
       ,"Region":"Order General Details (47738996874561838041)"
       ,"Position":"BODY"
       ,"Alignment":"Left"
       ,"Start New Layout":false
       ,"Start New Row":false
       ,"Column":"Automatic"
       ,"New Column":true
       ,"Column Span":"Automatic"
       ,"Label Column Span":"Page Template Default"
      }
     ,"Appearance":{
        "Template":"Optional - Floating (19471879586967504303)"
       ,"Template Options":[
          "#DEFAULT#"
        ]
      }
     ,"Advanced":{
        "Warn on Unsaved Changes":"Page Default"
      }
     ,"Source":{
        "Type":"Null"
       ,"Used":"Only when current value in session state is null"
      }
     ,"Session State":{
        "Data Type":"VARCHAR2"
       ,"Storage":"Per Session (Persistent)"
      }
     ,"Security":{
        "Session State Protection":"Unrestricted"
       ,"Store value encrypted in session state":true
       ,"Restricted Characters":"All characters can be saved."
      }
    }
   ,{
      "id":"50516531144168306406"
     ,"Identification":{
        "Name":"P73_ORDER_ID"
       ,"Type":"Hidden"
      }
     ,"Settings":{
        "Value Protected":false
      }
     ,"Layout":{
        "Sequence":30
       ,"Region":"No Parent"
       ,"Position":"BODY"
      }
     ,"Advanced":{
        "Warn on Unsaved Changes":"Page Default"
      }
     ,"Source":{
        "Type":"Null"
       ,"Used":"Only when current value in session state is null"
      }
     ,"Session State":{
        "Data Type":"VARCHAR2"
       ,"Storage":"Per Request (Memory Only)"
      }
     ,"Security":{
        "Session State Protection":"Unrestricted"
       ,"Store value encrypted in session state":true
       ,"Restricted Characters":"All characters can be saved."
      }
    }
  ]
 ,"Dynamic Actions":[
    {
      "id":"40294673744313210437"
     ,"Identification":{
        "Name":"Change cell color"
      }
     ,"Execution":{
        "Sequence":10
      }
     ,"When":{
        "Event":"EVENT.EVENT.BROWSER.READY"
      }
     ,"Execution":{
        "Event Scope":"Static"
      }
     ,"Actions":[
        {
          "id":"40294673802423210438"
         ,"Identification":{
            "Action":"Execute JavaScript Code"
          }
         ,"Settings":{
            "Code":"$(\u0027td[headers=\"ITEM_STATUS\"]\u0027).each(function() {  \n\n  if ( $(this).text() === \u0027Pending\u0027 ) {\n\n    $(this).css({\"background-color\":\"#FFB929\"});\n  }\n\n  if ( $(this).text() === \u0027Confirmed\u0027 ) {\n\n    $(this).css({\"background-color\":\"#497620\", \"color\" : \"#FFFFFF\"});\n\n  }\n\n  if ( $(this).text() === \u0027Cancelled\u0027 ) {\n\n    $(this).css({\"background-color\":\"#C33522\", \"color\" : \"#FFFFFF\"});\n\n  }\n\n});\n\n$(\u0027td[headers=\"ORDER_TYPE\"]\u0027).each(function() {  \n\n  if ( $(this).text() === \u0027Composite\u0027 ) {\n    $(this).css({\"background-color\":\"#FDF1F3\"});\n  }\n\n  if ( $(this).text() === \u0027Individual\u0027 ) {\n\n    $(this).css({\"background-color\":\"#FBF9DB\"});\n\n  }\n\n});"
          }
         ,"Execution":{
            "Sequence":10
           ,"Event":"Change cell color (40294673744313210437)"
           ,"Fire When Event Result Is":"True"
           ,"Fire on Initialization":false
          }
        }
      ]
    }
   ,{
      "id":"40294674157311210441"
     ,"Identification":{
        "Name":"Confirm Order"
      }
     ,"Execution":{
        "Sequence":50
      }
     ,"When":{
        "Event":"EVENT.EVENT.BROWSER.CLICK"
       ,"Selection Type":"jQuery Selector"
       ,"jQuery Selector":".confirm-order"
      }
     ,"Client-side Condition":{
        "Type":"Item = Value"
       ,"Item":"P73_ITEM_STATUS"
       ,"Value":"Pending"
      }
     ,"Execution":{
        "Event Scope":"Dynamic"
       ,"Type":"Immediate"
      }
     ,"Actions":[
        {
          "id":"40294674220456210442"
         ,"Identification":{
            "Action":"Confirm"
          }
         ,"Settings":{
            "Title":"Confirm Product Availability"
           ,"Message":"You are about to confirm the availability of the following product in the order. Once confirmed, this action cannot be reversed. Please ensure that you have the product ready for shipment soon !"
           ,"Style":"Success"
           ,"Icon":"fa-map-marker-check-o"
           ,"Confirm Label":"Confirm Order"
           ,"Cancel Label":"Canel"
          }
         ,"Execution":{
            "Sequence":10
           ,"Event":"Confirm Order (40294674157311210441)"
           ,"Fire When Event Result Is":"True"
           ,"Fire on Initialization":false
          }
        }
       ,{
          "id":"40294674947077210449"
         ,"Identification":{
            "Action":"Set Value"
          }
         ,"Settings":{
            "Set Type":"JavaScript Expression"
           ,"JavaScript Expression":"$(this.triggeringElement).parent().data(\u0027id\u0027);"
           ,"Suppress Change Event":false
          }
         ,"Affected Elements":{
            "Selection Type":"Item(s)"
           ,"Item(s)":[
              "P73_ORDER_ITEM_ID"
            ]
          }
         ,"Execution":{
            "Sequence":20
           ,"Event":"Confirm Order (40294674157311210441)"
           ,"Fire When Event Result Is":"True"
           ,"Fire on Initialization":false
           ,"Stop Execution On Error":true
           ,"Wait For Result":true
          }
        }
       ,{
          "id":"40294675079715210450"
         ,"Identification":{
            "Action":"Execute Server-side Code"
          }
         ,"Settings":{
            "Language":"PE.PROPERTY.SOURCE_SNIPPET_LANG.LOV.PLSQL.D"
           ,"PL\/SQL Code":"MANAGE_ORDERS.update_order(\u0027Confirmed\u0027, :P73_ORDER_ITEM_ID, :P73_ORDER_ID);"
           ,"Items to Submit":[
              "P73_ORDER_ITEM_ID"
             ,"P73_ORDER_ID"
            ]
          }
         ,"Execution":{
            "Sequence":50
           ,"Event":"Confirm Order (40294674157311210441)"
           ,"Fire When Event Result Is":"True"
           ,"Fire on Initialization":false
           ,"Stop Execution On Error":true
           ,"Wait For Result":true
          }
        }
       ,{
          "id":"40313841690737579003"
         ,"Identification":{
            "Action":"Alert"
          }
         ,"Settings":{
            "Title":"Confirm\/Cancel Order"
           ,"Message":"Cannot Confirm an already confirmed\/cancelled item"
           ,"Style":"Warning"
           ,"Icon":"fa-warning"
          }
         ,"Execution":{
            "Sequence":10
           ,"Event":"Confirm Order (40294674157311210441)"
           ,"Fire When Event Result Is":"False"
           ,"Fire on Initialization":false
          }
        }
       ,{
          "id":"40313841818540579005"
         ,"Identification":{
            "Action":"Execute JavaScript Code"
          }
         ,"Settings":{
            "Code":"\n$(\u0027#list-of-orders\u0027).trigger(\u0027apexrefresh\u0027);"
          }
         ,"Execution":{
            "Sequence":60
           ,"Event":"Confirm Order (40294674157311210441)"
           ,"Fire When Event Result Is":"True"
           ,"Fire on Initialization":false
          }
        }
       ,{
          "id":"40358077074916470125"
         ,"Identification":{
            "Action":"Refresh"
          }
         ,"Affected Elements":{
            "Selection Type":"Region"
           ,"Region":"Individual (79066338740063077626)"
          }
         ,"Execution":{
            "Sequence":70
           ,"Event":"Confirm Order (40294674157311210441)"
           ,"Fire When Event Result Is":"True"
           ,"Fire on Initialization":false
          }
        }
       ,{
          "id":"40358077144816470126"
         ,"Identification":{
            "Action":"Refresh"
          }
         ,"Affected Elements":{
            "Selection Type":"Region"
           ,"Region":"Pending (79066338846821077627)"
          }
         ,"Execution":{
            "Sequence":80
           ,"Event":"Confirm Order (40294674157311210441)"
           ,"Fire When Event Result Is":"True"
           ,"Fire on Initialization":false
          }
        }
       ,{
          "id":"50516532558435306420"
         ,"Identification":{
            "Action":"Set Value"
          }
         ,"Settings":{
            "Set Type":"JavaScript Expression"
           ,"JavaScript Expression":"$(this.triggeringElement).parent().data(\u0027order\u0027);"
           ,"Suppress Change Event":false
          }
         ,"Affected Elements":{
            "Selection Type":"Item(s)"
           ,"Item(s)":[
              "P73_ORDER_ID"
            ]
          }
         ,"Execution":{
            "Sequence":30
           ,"Event":"Confirm Order (40294674157311210441)"
           ,"Fire When Event Result Is":"True"
           ,"Fire on Initialization":false
           ,"Stop Execution On Error":true
           ,"Wait For Result":true
          }
        }
      ]
    }
   ,{
      "id":"40294674622737210446"
     ,"Identification":{
        "Name":"Fetching order status"
      }
     ,"Execution":{
        "Sequence":30
      }
     ,"When":{
        "Event":"EVENT.EVENT.BROWSER.CLICK"
       ,"Selection Type":"jQuery Selector"
       ,"jQuery Selector":".confirm-order"
      }
     ,"Execution":{
        "Event Scope":"Dynamic"
       ,"Type":"Immediate"
      }
     ,"Actions":[
        {
          "id":"40294674752306210447"
         ,"Identification":{
            "Action":"Set Value"
          }
         ,"Settings":{
            "Set Type":"JavaScript Expression"
           ,"JavaScript Expression":"$(this.triggeringElement).parent().data(\u0027status\u0027);"
           ,"Suppress Change Event":false
          }
         ,"Affected Elements":{
            "Selection Type":"Item(s)"
           ,"Item(s)":[
              "P73_ITEM_STATUS"
            ]
          }
         ,"Execution":{
            "Sequence":20
           ,"Event":"Fetching order status (40294674622737210446)"
           ,"Fire When Event Result Is":"True"
           ,"Fire on Initialization":false
           ,"Stop Execution On Error":true
           ,"Wait For Result":true
          }
        }
      ]
    }
   ,{
      "id":"40358076827937470123"
     ,"Identification":{
        "Name":"Change cell color after refresh"
      }
     ,"Execution":{
        "Sequence":20
      }
     ,"When":{
        "Event":"EVENT.EVENT.FAMEWORK.APEXAFTERREFRESH"
       ,"Selection Type":"Region"
       ,"Region":"Order Item Overview (40242460151292369231)"
      }
     ,"Execution":{
        "Event Scope":"Static"
       ,"Type":"Immediate"
      }
     ,"Actions":[
        {
          "id":"40358076997077470124"
         ,"Identification":{
            "Action":"Execute JavaScript Code"
          }
         ,"Settings":{
            "Code":"$(\u0027td[headers=\"ITEM_STATUS\"]\u0027).each(function() {  \n\n  if ( $(this).text() === \u0027Pending\u0027 ) {\n\n    $(this).css({\"background-color\":\"#FFB929\"});\n  }\n\n  if ( $(this).text() === \u0027Confirmed\u0027 ) {\n\n    $(this).css({\"background-color\":\"#497620\", \"color\" : \"#FFFFFF\"});\n\n  }\n\n  if ( $(this).text() === \u0027Cancelled\u0027 ) {\n\n    $(this).css({\"background-color\":\"#C33522\", \"color\" : \"#FFFFFF\"});\n\n  }\n\n});\n\n$(\u0027td[headers=\"ORDER_TYPE\"]\u0027).each(function() {  \n\n  if ( $(this).text() === \u0027Composite\u0027 ) {\n    $(this).css({\"background-color\":\"#FDF1F3\"});\n  }\n\n  if ( $(this).text() === \u0027Individual\u0027 ) {\n\n    $(this).css({\"background-color\":\"#FBF9DB\"});\n\n  }\n\n});"
          }
         ,"Execution":{
            "Sequence":10
           ,"Event":"Change cell color after refresh (40358076827937470123)"
           ,"Fire When Event Result Is":"True"
           ,"Fire on Initialization":false
          }
        }
      ]
    }
   ,{
      "id":"40358077245351470127"
     ,"Identification":{
        "Name":"Cacel Order"
      }
     ,"Execution":{
        "Sequence":60
      }
     ,"When":{
        "Event":"EVENT.EVENT.BROWSER.CLICK"
       ,"Selection Type":"jQuery Selector"
       ,"jQuery Selector":".del-order-item"
      }
     ,"Client-side Condition":{
        "Type":"Item = Value"
       ,"Item":"P73_ITEM_STATUS"
       ,"Value":"Pending"
      }
     ,"Execution":{
        "Event Scope":"Dynamic"
       ,"Type":"Immediate"
      }
     ,"Actions":[
        {
          "id":"40358077373873470128"
         ,"Identification":{
            "Action":"Confirm"
          }
         ,"Settings":{
            "Title":"Decline Order Item"
           ,"Message":"Are you sure you want to cancel this order ? this action is irreversible and the buyer will be notified of the cancel !"
           ,"Style":"Danger"
           ,"Icon":"fa-map-marker-check-o"
           ,"Confirm Label":"Cancel Order"
           ,"Cancel Label":"Canel"
          }
         ,"Execution":{
            "Sequence":10
           ,"Event":"Cacel Order (40358077245351470127)"
           ,"Fire When Event Result Is":"True"
           ,"Fire on Initialization":false
          }
        }
       ,{
          "id":"40358077447948470129"
         ,"Identification":{
            "Action":"Alert"
          }
         ,"Settings":{
            "Title":"Confirm\/Cancel Order"
           ,"Message":"Cannot Confirm an already confirmed\/cancelled order item"
           ,"Style":"Warning"
           ,"Icon":"fa-warning"
          }
         ,"Execution":{
            "Sequence":10
           ,"Event":"Cacel Order (40358077245351470127)"
           ,"Fire When Event Result Is":"False"
           ,"Fire on Initialization":false
          }
        }
       ,{
          "id":"40358077506791470130"
         ,"Identification":{
            "Action":"Set Value"
          }
         ,"Settings":{
            "Set Type":"JavaScript Expression"
           ,"JavaScript Expression":"$(this.triggeringElement).parent().data(\u0027id\u0027);"
           ,"Suppress Change Event":false
          }
         ,"Affected Elements":{
            "Selection Type":"Item(s)"
           ,"Item(s)":[
              "P73_ORDER_ITEM_ID"
            ]
          }
         ,"Execution":{
            "Sequence":20
           ,"Event":"Cacel Order (40358077245351470127)"
           ,"Fire When Event Result Is":"True"
           ,"Fire on Initialization":false
           ,"Stop Execution On Error":true
           ,"Wait For Result":true
          }
        }
       ,{
          "id":"40358077652238470131"
         ,"Identification":{
            "Action":"Execute Server-side Code"
          }
         ,"Settings":{
            "Language":"PE.PROPERTY.SOURCE_SNIPPET_LANG.LOV.PLSQL.D"
           ,"PL\/SQL Code":"MANAGE_ORDERS.update_order(\u0027Cancelled\u0027, :P73_ORDER_ITEM_ID, :P73_ORDER_ID);"
           ,"Items to Submit":[
              "P73_ORDER_ITEM_ID"
             ,"P73_ORDER_ID"
            ]
          }
         ,"Execution":{
            "Sequence":40
           ,"Event":"Cacel Order (40358077245351470127)"
           ,"Fire When Event Result Is":"True"
           ,"Fire on Initialization":false
           ,"Stop Execution On Error":true
           ,"Wait For Result":true
          }
        }
       ,{
          "id":"40358077706612470132"
         ,"Identification":{
            "Action":"Execute JavaScript Code"
          }
         ,"Settings":{
            "Code":"\n$(\u0027#list-of-orders\u0027).trigger(\u0027apexrefresh\u0027);"
          }
         ,"Execution":{
            "Sequence":50
           ,"Event":"Cacel Order (40358077245351470127)"
           ,"Fire When Event Result Is":"True"
           ,"Fire on Initialization":false
          }
        }
       ,{
          "id":"40358077830614470133"
         ,"Identification":{
            "Action":"Refresh"
          }
         ,"Affected Elements":{
            "Selection Type":"Region"
           ,"Region":"Pending (79066338846821077627)"
          }
         ,"Execution":{
            "Sequence":70
           ,"Event":"Cacel Order (40358077245351470127)"
           ,"Fire When Event Result Is":"True"
           ,"Fire on Initialization":false
          }
        }
       ,{
          "id":"40358077932310470134"
         ,"Identification":{
            "Action":"Refresh"
          }
         ,"Affected Elements":{
            "Selection Type":"Region"
           ,"Region":"Cancelled (40242459207027369222)"
          }
         ,"Execution":{
            "Sequence":80
           ,"Event":"Cacel Order (40358077245351470127)"
           ,"Fire When Event Result Is":"True"
           ,"Fire on Initialization":false
          }
        }
       ,{
          "id":"50516532688676306421"
         ,"Identification":{
            "Action":"Set Value"
          }
         ,"Settings":{
            "Set Type":"JavaScript Expression"
           ,"JavaScript Expression":"$(this.triggeringElement).parent().data(\u0027order\u0027);"
           ,"Suppress Change Event":false
          }
         ,"Affected Elements":{
            "Selection Type":"Item(s)"
           ,"Item(s)":[
              "P73_ORDER_ID"
            ]
          }
         ,"Execution":{
            "Sequence":30
           ,"Event":"Cacel Order (40358077245351470127)"
           ,"Fire When Event Result Is":"True"
           ,"Fire on Initialization":false
           ,"Stop Execution On Error":true
           ,"Wait For Result":true
          }
        }
      ]
    }
   ,{
      "id":"40358078049747470135"
     ,"Identification":{
        "Name":"Fetching order status on cancel"
      }
     ,"Execution":{
        "Sequence":40
      }
     ,"When":{
        "Event":"EVENT.EVENT.BROWSER.CLICK"
       ,"Selection Type":"jQuery Selector"
       ,"jQuery Selector":".del-order-item"
      }
     ,"Execution":{
        "Event Scope":"Dynamic"
       ,"Type":"Immediate"
      }
     ,"Actions":[
        {
          "id":"40358078156678470136"
         ,"Identification":{
            "Action":"Set Value"
          }
         ,"Settings":{
            "Set Type":"JavaScript Expression"
           ,"JavaScript Expression":"$(this.triggeringElement).parent().data(\u0027status\u0027);"
           ,"Suppress Change Event":false
          }
         ,"Affected Elements":{
            "Selection Type":"Item(s)"
           ,"Item(s)":[
              "P73_ITEM_STATUS"
            ]
          }
         ,"Execution":{
            "Sequence":10
           ,"Event":"Fetching order status on cancel (40358078049747470135)"
           ,"Fire When Event Result Is":"True"
           ,"Fire on Initialization":false
           ,"Stop Execution On Error":true
           ,"Wait For Result":true
          }
        }
      ]
    }
   ,{
      "id":"41154319019134227839"
     ,"Identification":{
        "Name":"Jump To list of orders"
      }
     ,"Execution":{
        "Sequence":70
      }
     ,"When":{
        "Event":"EVENT.EVENT.BROWSER.CLICK"
       ,"Selection Type":"jQuery Selector"
       ,"jQuery Selector":".overall-summary-region"
      }
     ,"Execution":{
        "Event Scope":"Static"
       ,"Type":"Immediate"
      }
     ,"Actions":[
        {
          "id":"41154319125504227840"
         ,"Identification":{
            "Action":"Execute JavaScript Code"
          }
         ,"Settings":{
            "Code":"let $region = $(\"#list-of-orders\")[0]; \n\n$region.scrollIntoView({ behavior: \"smooth\", block: \"center\", inline: \"center\" });"
          }
         ,"Execution":{
            "Sequence":40
           ,"Event":"Jump To list of orders (41154319019134227839)"
           ,"Fire When Event Result Is":"True"
           ,"Fire on Initialization":false
          }
        }
       ,{
          "id":"50516531859578306413"
         ,"Identification":{
            "Action":"Execute JavaScript Code"
          }
         ,"Settings":{
            "Code":"if ($(this.triggeringElement).data(\"id\") === \u0027Total\u0027) {\n    $s(\"P73_FILTER_ORDERS\", null);\n} \n\nelse if (\n    $(this.triggeringElement).data(\"id\") === \u0027Pending\u0027 || \n    $(this.triggeringElement).data(\"id\") === \u0027Confirmed\u0027 ||\n    $(this.triggeringElement).data(\"id\") === \u0027Cancelled\u0027 ||\n    $(this.triggeringElement).data(\"id\") === \u0027Composite\u0027 ||\n    $(this.triggeringElement).data(\"id\") === \u0027Individual\u0027 ) {\n        $s(\"P73_FILTER_ORDERS\", $(this.triggeringElement).data(\"id\"));\n}"
          }
         ,"Execution":{
            "Sequence":10
           ,"Event":"Jump To list of orders (41154319019134227839)"
           ,"Fire When Event Result Is":"True"
           ,"Fire on Initialization":false
          }
        }
      ]
    }
   ,{
      "id":"47738995127992838024"
     ,"Identification":{
        "Name":"Toggle Full Order Details "
      }
     ,"Execution":{
        "Sequence":80
      }
     ,"When":{
        "Event":"EVENT.EVENT.BROWSER.CLICK"
       ,"Selection Type":"jQuery Selector"
       ,"jQuery Selector":".full-order"
      }
     ,"Execution":{
        "Event Scope":"Dynamic"
       ,"Type":"Immediate"
      }
     ,"Actions":[
        {
          "id":"47738995258796838025"
         ,"Identification":{
            "Action":"Open Region"
          }
         ,"Affected Elements":{
            "Selection Type":"Region"
           ,"Region":"Order Details (47738994727276838020)"
          }
         ,"Execution":{
            "Sequence":60
           ,"Event":"Toggle Full Order Details  (47738995127992838024)"
           ,"Fire When Event Result Is":"True"
           ,"Fire on Initialization":false
          }
        }
       ,{
          "id":"47738995586973838028"
         ,"Identification":{
            "Name":"Setting Order Partners"
           ,"Action":"Set Value"
          }
         ,"Settings":{
            "Set Type":"PL\/SQL Function Body"
           ,"PL\/SQL Function Body":"DECLARE \n    l_sellers_name VARCHAR2(4000);\nBEGIN\n\n    SELECT LISTAGG(c.firstname || \u0027 \u0027 ||c.lastname, \u0027, \u0027) WITHIN GROUP (ORDER BY c.firstname)\n    INTO l_sellers_name\n    FROM customer c\n    LEFT JOIN stores s ON s.customer_id = c.customer_id\n    LEFT JOIN product p ON p.store_id = s.store_id\n    LEFT JOIN order_items oi ON p.product_id = oi.product_id\n    WHERE NOT c.customer_id = :USER_ID AND oi.order_id = :P73_ORDER_NUMBER;\n\n    RETURN l_sellers_name;\nEND;"
           ,"Items to Submit":[
              "P73_ORDER_NUMBER"
            ]
           ,"Escape Special Characters":true
           ,"Suppress Change Event":false
          }
         ,"Affected Elements":{
            "Selection Type":"Item(s)"
           ,"Item(s)":[
              "P73_ORDER_PARTNERS"
            ]
          }
         ,"Execution":{
            "Sequence":50
           ,"Event":"Toggle Full Order Details  (47738995127992838024)"
           ,"Fire When Event Result Is":"True"
           ,"Fire on Initialization":false
           ,"Stop Execution On Error":true
           ,"Wait For Result":true
          }
        }
       ,{
          "id":"47738995758215838030"
         ,"Identification":{
            "Name":"Setting Order ID"
           ,"Action":"Set Value"
          }
         ,"Settings":{
            "Set Type":"JavaScript Expression"
           ,"JavaScript Expression":"$(this.triggeringElement).parent().data(\u0027id\u0027);"
           ,"Suppress Change Event":false
          }
         ,"Affected Elements":{
            "Selection Type":"Item(s)"
           ,"Item(s)":[
              "P73_ORDER_NUMBER"
            ]
          }
         ,"Execution":{
            "Sequence":20
           ,"Event":"Toggle Full Order Details  (47738995127992838024)"
           ,"Fire When Event Result Is":"True"
           ,"Fire on Initialization":true
           ,"Stop Execution On Error":true
           ,"Wait For Result":true
          }
        }
       ,{
          "id":"47738995819937838031"
         ,"Identification":{
            "Action":"Execute JavaScript Code"
          }
         ,"Settings":{
            "Code":"console.log($(this.triggeringElement).parent().data(\u0027id\u0027))"
          }
         ,"Execution":{
            "Sequence":10
           ,"Event":"Toggle Full Order Details  (47738995127992838024)"
           ,"Fire When Event Result Is":"True"
           ,"Fire on Initialization":false
          }
        }
       ,{
          "id":"47738996443309838037"
         ,"Identification":{
            "Name":"Setting Order Type"
           ,"Action":"Set Value"
          }
         ,"Settings":{
            "Set Type":"JavaScript Expression"
           ,"JavaScript Expression":"$(this.triggeringElement).parent().data(\u0027type\u0027);"
           ,"Suppress Change Event":false
          }
         ,"Affected Elements":{
            "Selection Type":"Item(s)"
           ,"Item(s)":[
              "P73_ORDER_TYPE"
            ]
          }
         ,"Execution":{
            "Sequence":30
           ,"Event":"Toggle Full Order Details  (47738995127992838024)"
           ,"Fire When Event Result Is":"True"
           ,"Fire on Initialization":true
           ,"Stop Execution On Error":true
           ,"Wait For Result":true
          }
        }
       ,{
          "id":"47738997450115838047"
         ,"Identification":{
            "Name":"Setting Other Order General Info"
           ,"Action":"Execute Server-side Code"
          }
         ,"Settings":{
            "Language":"PE.PROPERTY.SOURCE_SNIPPET_LANG.LOV.PLSQL.D"
           ,"PL\/SQL Code":"SELECT \n    o.order_datetime,\n    c.firstname || \u0027 \u0027 || c.lastname,\n    c.phone,\n    c.email\nINTO \n    :P73_ORDER_DATE,\n    :P73_BUYER_NAME,\n    :P73_BUYER_PHONE,\n    :P73_BUYER_EMAIL\nFROM orders o\nINNER JOIN customer c ON o.customer_id = c.customer_id\nWHERE ORDER_ID = :P73_ORDER_NUMBER;\n"
           ,"Items to Submit":[
              "P73_ORDER_NUMBER"
            ]
           ,"Items to Return":[
              "P73_BUYER_NAME"
             ,"P73_BUYER_EMAIL"
             ,"P73_BUYER_PHONE"
             ,"P73_ORDER_DATE"
            ]
           ,"Suppress Change Event":false
          }
         ,"Execution":{
            "Sequence":40
           ,"Event":"Toggle Full Order Details  (47738995127992838024)"
           ,"Fire When Event Result Is":"True"
           ,"Fire on Initialization":false
           ,"Stop Execution On Error":true
           ,"Wait For Result":true
          }
        }
       ,{
          "id":"52184847992700530111"
         ,"Identification":{
            "Action":"Refresh"
          }
         ,"Affected Elements":{
            "Selection Type":"Region"
           ,"Region":"Partner\u0027s  Products (47738996768696838040)"
          }
         ,"Execution":{
            "Sequence":70
           ,"Event":"Toggle Full Order Details  (47738995127992838024)"
           ,"Fire When Event Result Is":"True"
           ,"Fire on Initialization":false
          }
        }
      ]
    }
   ,{
      "id":"50516532151433306416"
     ,"Identification":{
        "Name":"Filter Order Items"
      }
     ,"Execution":{
        "Sequence":90
      }
     ,"When":{
        "Event":"EVENT.EVENT.BROWSER.CHANGE"
       ,"Selection Type":"Item(s)"
       ,"Item(s)":[
          "P73_FILTER_ORDERS"
        ]
      }
     ,"Execution":{
        "Event Scope":"Static"
       ,"Type":"Immediate"
      }
     ,"Actions":[
        {
          "id":"50516532203212306417"
         ,"Identification":{
            "Action":"Refresh"
          }
         ,"Affected Elements":{
            "Selection Type":"Region"
           ,"Region":"Order Item Overview (40242460151292369231)"
          }
         ,"Execution":{
            "Sequence":30
           ,"Event":"Filter Order Items (50516532151433306416)"
           ,"Fire When Event Result Is":"True"
           ,"Fire on Initialization":false
          }
        }
      ]
    }
   ,{
      "id":"52184850883192530140"
     ,"Identification":{
        "Name":"Navigate To Orders List"
      }
     ,"Execution":{
        "Sequence":100
      }
     ,"When":{
        "Event":"EVENT.EVENT.BROWSER.READY"
      }
     ,"Execution":{
        "Event Scope":"Static"
      }
     ,"Actions":[
        {
          "id":"52184850964698530141"
         ,"Identification":{
            "Action":"Execute JavaScript Code"
          }
         ,"Settings":{
            "Code":"if($v(\"P73_FILTER_ORDERS\") === \u0027Pending\u0027) {\n   setTimeout( ()=\u003E {\n        let $region = $(\"#list-of-orders\")[0]; \n        $region.scrollIntoView({ behavior: \"smooth\", block: \"center\", inline: \"center\" });\n   },500)\n\n}"
          }
         ,"Execution":{
            "Sequence":10
           ,"Event":"Navigate To Orders List (52184850883192530140)"
           ,"Fire When Event Result Is":"True"
           ,"Fire on Initialization":false
          }
        }
       ,{
          "id":"52184851000256530142"
         ,"Identification":{
            "Action":"Execute Server-side Code"
          }
         ,"Settings":{
            "Language":"PE.PROPERTY.SOURCE_SNIPPET_LANG.LOV.PLSQL.D"
           ,"PL\/SQL Code":"DECLARE\n    l_item_id NUMBER;\n \n    CURSOR c1 IS\n        SELECT line_item_id\n        FROM order_items i\n        JOIN product p ON p.product_id = i.product_id\n        JOIN stores s ON s.store_id = p.store_id \n        WHERE s.customer_id = (:USER_ID); \nBEGIN\n    IF :P73_FILTER_ORDERS = \u0027Pending\u0027 THEN\n        OPEN c1;\n        LOOP\n           FETCH c1 INTO l_item_id;\n           EXIT WHEN c1%NOTFOUND;\n\n           UPDATE order_items\n           SET is_new = \u0027No\u0027\n           WHERE line_item_id = l_item_id;\n        END LOOP;\n        CLOSE c1;\n    END IF;\nEND;\n\n"
           ,"Items to Submit":[
              "USER_ID"
             ,"P73_FILTER_ORDERS"
            ]
          }
         ,"Execution":{
            "Sequence":20
           ,"Event":"Navigate To Orders List (52184850883192530140)"
           ,"Fire When Event Result Is":"True"
           ,"Fire on Initialization":false
           ,"Stop Execution On Error":true
           ,"Wait For Result":true
          }
        }
      ]
    }
  ]
}
