{
  "id":"73"
 ,"Identification":{
    "Name":"Seller Dashboard Orders"
   ,"Alias":"SELLER-DASHBOARD-ORDERS"
   ,"Title":"Seller Dashboard Orders"
  }
 ,"Appearance":{
    "Page Mode":"Normal"
   ,"Page Template":"Left Side Column (19471509145742504218)"
   ,"Template Options":[
      "#DEFAULT#"
    ]
  }
 ,"Navigation Menu":{
    "Override User Interface Level":false
  }
 ,"Navigation":{
    "Cursor Focus":"Do not focus cursor"
   ,"Warn on Unsaved Changes":true
  }
 ,"CSS":{
    "File URLs":[
      "#APP_FILES#Styling\/main_style#MIN#.css"
    ]
   ,"Inline":".overall-summary-region-container {\n    padding: 20px;\n}\n\n.overall-summary-region-row{\n    padding: 0 0 50px;\n}\n\n.overall-summary-region {\n    margin: 0 10px 10px 10px;\n    min-height: 100%;\n    box-shadow: -1px 33px 35px -13px rgba(207,193,193,0.59);\n    -webkit-box-shadow: -1px 33px 35px -13px rgba(207,193,193,0.59);\n    -moz-box-shadow: -1px 33px 35px -13px rgba(207,193,193,0.59);\n    border-radius: 10px !important;\n    transition: all 300ms;\n}\n\n.overall-summary-region:hover {\n    transform: scale(1.05);\n    box-shadow: -1px 33px 35px -20px rgba(207,193,193,0.99);\n    -webkit-box-shadow: -1px 33px 35px -20px rgba(207,193,193,0.99);\n    -moz-box-shadow: -1px 33px 35px -20px rgba(207,193,193,0.99);\n}\n\n.overview {\n    border-left: 10px solid var(--fouth-color);\n    border-radius: 10px;\n    padding-left: 10px;\n    text-align: center;\n}\n\n.overview-danger {\n    border-left: 10px solid var(--danger-color);\n    border-radius: 10px;\n    padding-left: 10px;\n    text-align: center;\n}\n\n.overview-success{\n    border-left: 10px solid var(--success-color);\n    border-radius: 10px;\n    padding-left: 10px;\n    text-align: center;\n}\n\n.overview-warning {\n    border-left: 10px solid var(--warning-color);\n    border-radius: 10px;\n    padding-left: 10px;\n    text-align: center;\n}\n\n.overview-title {\n    text-align: center;\n    color: var(--fouth-color);\n    font-family: var(--secondary-header-font);\n    border-bottom: 1px solid rgba(211, 211, 211, 0.5);\n    padding: 2px;\n}\n\n.overview-title \u003E span {\n    margin-right: 5px;\n}\n\n.overview-data {\n    font-family: var(--regular-text-font );\n}\n\n.overview-data-prod \u003E span {\n    font-size: xx-small;\n    opacity: 0.6;\n}\n\n\n.t-Report-colHead{\n    font-family: var(--secondary-header-font);\n    text-align: center;\n}\n\n.t-Report-cell{\n    font-family: var(--regular-text-font);\n    text-align: center;\n}\n\n\n.del-order {\n    color: var(--danger-color);\n}\n\n.confirm-order {\n    color: var(--fouth-color);\n}"
  }
 ,"Security":{
    "Authentication":"Page Requires Authentication"
   ,"Deep Linking":"Application Default"
   ,"Page Access Protection":"Arguments Must Have Checksum"
   ,"Form Auto Complete":"Off"
   ,"Browser Cache":"Application Default"
  }
 ,"Session Management":{
    "Rejoin Sessions":"Application Default"
  }
 ,"Advanced":{
    "Enable duplicate page submissions":"Yes - Enable page to be re-posted"
   ,"Reload on Submit":"Only for Success"
  }
 ,"Server Cache":{
    "Caching":"Disabled"
  }
 ,"Regions":[
    {
      "id":"39275505242159429143"
     ,"Identification":{
        "Title":"Seller Dashboard Navigation"
       ,"Type":"List"
      }
     ,"Source":{
        "List":"Seller Dashboard List (38784043417088031374)"
      }
     ,"Layout":{
        "Sequence":10
       ,"Parent Region":"No Parent"
       ,"Position":"REGION_POSITION_02"
       ,"Start New Layout":false
       ,"Start New Row":true
       ,"Column":"Automatic"
       ,"New Column":true
       ,"Column Span":"Automatic"
      }
     ,"Appearance":{
        "Template":"Standard (19471808805460504264)"
       ,"Template Options":[
          "#DEFAULT#"
         ,"t-Region--removeHeader js-removeLandmark"
         ,"t-Region--noUI"
         ,"t-Region--scrollBody"
        ]
       ,"Render Components":"Above Content"
      }
     ,"Accessibility":{
        "Use Landmark":true
       ,"Landmark Type":"Template Default"
      }
     ,"Advanced":{
        "Region Display Selector":false
       ,"Exclude Title from Translation":false
      }
     ,"Server Cache":{
        "Caching":"Disabled"
      }
     ,"Customization":{
        "Customizable":"Not Customizable By End Users"
      }
     ,"Attributes":{
        "Appearance":{
          "List Template":"Links List (19471863408174504294)"
         ,"Template Options":[
            "#DEFAULT#"
           ,"t-LinksList--showArrow"
           ,"t-LinksList--nowrap"
           ,"t-LinksList--actions"
           ,"t-LinksList--showTopIcons"
          ]
         ,"CSS Classes":[
            "dashboard-side-menu-list"
          ]
        }
      }
    }
   ,{
      "id":"40242459207027369222"
     ,"Identification":{
        "Title":"Cancelled"
       ,"Type":"Dynamic Content"
      }
     ,"Source":{
        "Language":"PL\/SQL"
       ,"PL\/SQL Function Body returning a CLOB":"declare \n    orders_cancelled number;\nbegin\n    select  count(distinct o.order_id)\n    into    orders_cancelled\n    from    orders o, order_items oi, product p, stores s\n    where   o.order_status = \u0027Cancelled\u0027  \n    and     o.order_id = oi.order_id\n    and     oi.product_id = p.product_id\n    and     p.store_id = s.store_id\n    and     s.customer_id = to_number(:USER_ID) ;\n\n    return \n        \u0027 \u003Cdiv class=\"overview-danger\"\u003E\n        \u003Ch3 class=\"overview-title\"\u003E Cancelled\u003C\/h3\u003E\n        \u003Ch4 class=\"overview-data\"\u003E\u0027 || orders_cancelled || \u0027 Order(s)\n        \u003C\/h4\u003E\n        \u003C\/div\u003E \u0027;\nend;"
      }
     ,"Layout":{
        "Sequence":50
       ,"Parent Region":"Orders Overview (79066338432320077623)"
       ,"Position":"SUB_REGIONS"
       ,"Start New Layout":false
       ,"Start New Row":false
       ,"Column":"Automatic"
       ,"New Column":true
       ,"Column Span":"4"
      }
     ,"Appearance":{
        "Template":"Standard (19471808805460504264)"
       ,"Template Options":[
          "#DEFAULT#"
         ,"t-Region--removeHeader js-removeLandmark"
         ,"t-Region--stacked"
         ,"t-Region--scrollBody"
        ]
       ,"CSS Classes":[
          "overall-summary-region"
        ]
       ,"Render Components":"Above Content"
      }
     ,"Accessibility":{
        "Use Landmark":true
       ,"Landmark Type":"Template Default"
      }
     ,"Advanced":{
        "Region Display Selector":false
       ,"Exclude Title from Translation":false
      }
     ,"Server Cache":{
        "Caching":"Disabled"
      }
     ,"Customization":{
        "Customizable":"Not Customizable By End Users"
      }
     ,"Attributes":{
        "Performance":{
          "Lazy Loading":false
        }
      }
    }
   ,{
      "id":"40242459377251369223"
     ,"Identification":{
        "Title":"Shipped"
       ,"Type":"Dynamic Content"
      }
     ,"Source":{
        "Language":"PL\/SQL"
       ,"PL\/SQL Function Body returning a CLOB":"declare \n    orders_shipped number;\nbegin\n    select  count(distinct o.order_id)\n    into    orders_shipped\n    from    orders o, order_items oi, product p, stores s\n    where   o.order_status = \u0027Shipped\u0027  \n    and     o.order_id = oi.order_id\n    and     oi.product_id = p.product_id\n    and     p.store_id = s.store_id\n    and     s.customer_id = to_number(:USER_ID) ;\n\n    return \n        \u0027 \u003Cdiv class=\"overview-success\"\u003E\n        \u003Ch3 class=\"overview-title\"\u003E Shipped Orders\u003C\/h3\u003E\n        \u003Ch4 class=\"overview-data\"\u003E\u0027 || orders_shipped || \u0027 Order(s)\n        \u003C\/h4\u003E\n        \u003C\/div\u003E \u0027;\nend;"
      }
     ,"Layout":{
        "Sequence":40
       ,"Parent Region":"Orders Overview (79066338432320077623)"
       ,"Position":"SUB_REGIONS"
       ,"Start New Layout":false
       ,"Start New Row":false
       ,"Column":"Automatic"
       ,"New Column":true
       ,"Column Span":"4"
      }
     ,"Appearance":{
        "Template":"Standard (19471808805460504264)"
       ,"Template Options":[
          "#DEFAULT#"
         ,"t-Region--removeHeader js-removeLandmark"
         ,"t-Region--stacked"
         ,"t-Region--scrollBody"
        ]
       ,"CSS Classes":[
          "overall-summary-region"
        ]
       ,"Render Components":"Above Content"
      }
     ,"Accessibility":{
        "Use Landmark":true
       ,"Landmark Type":"Template Default"
      }
     ,"Advanced":{
        "Region Display Selector":false
       ,"Exclude Title from Translation":false
      }
     ,"Server Cache":{
        "Caching":"Disabled"
      }
     ,"Customization":{
        "Customizable":"Not Customizable By End Users"
      }
     ,"Attributes":{
        "Performance":{
          "Lazy Loading":false
        }
      }
    }
   ,{
      "id":"40242460151292369231"
     ,"Identification":{
        "Title":"List of orders"
       ,"Type":"Classic Report"
      }
     ,"Source":{
        "Location":"Local Database"
       ,"Type":"SQL Query"
       ,"SQL Query":"select \n    distinct o.order_id, \n    c.firstname || \u0027 \u0027 ||  c.lastname, \n    c.phone, c.email, \n    o.order_datetime, \n    o.order_status, \n    o.order_information, \n    \u0027Check Order Products\u0027 ,\n    \u0027Confirm Order\u0027,\n    \u0027Cancel Order\u0027\nfrom    orders o, order_items oi, customer c, product p, stores s\nwhere   o.customer_id = c.customer_id\n    and     o.order_id = oi.order_id\n    and     oi.product_id = p.product_id\n    and     p.store_id = s.store_id\n    and     s.customer_id = to_number(:USER_ID) \norder by o.order_datetime;"
      }
     ,"Layout":{
        "Sequence":20
       ,"Parent Region":"No Parent"
       ,"Position":"BODY"
       ,"Start New Layout":false
       ,"Start New Row":true
       ,"Column":"Automatic"
       ,"New Column":true
       ,"Column Span":"Automatic"
      }
     ,"Appearance":{
        "Template":"Standard (19471808805460504264)"
       ,"Template Options":[
          "#DEFAULT#"
         ,"t-Region--scrollBody"
         ,"margin-top-md"
        ]
       ,"Render Components":"Above Content"
      }
     ,"Accessibility":{
        "Use Landmark":true
       ,"Landmark Type":"Template Default"
      }
     ,"Advanced":{
        "Static ID":"list-of-orders"
       ,"Region Display Selector":false
       ,"Exclude Title from Translation":false
      }
     ,"Server Cache":{
        "Caching":"Disabled"
      }
     ,"Customization":{
        "Customizable":"Not Customizable By End Users"
      }
     ,"Attributes":{
        "Layout":{
          "Number of Rows Type":"Static Value"
         ,"Number of Rows":15
        }
       ,"Appearance":{
          "Template Type":"Theme"
         ,"Template":"Standard (19471847069031504283)"
         ,"Template Options":[
            "#DEFAULT#"
           ,"t-Report--stretch"
           ,"t-Report--altRowsDefault"
           ,"t-Report--rowHighlight"
           ,"t-Report--inline"
           ,"t-Report--hideNoPagination"
          ]
        }
       ,"Pagination":{
          "Type":"No Pagination (Show All Rows)"
         ,"Partial Page Refresh":true
        }
       ,"Performance":{
          "Lazy Loading":false
        }
       ,"Break Formatting":{
          "Break Columns":"No Break"
        }
       ,"Advanced":{
          "Strip HTML":false
         ,"Sort Nulls":"Last"
        }
       ,"Heading":{
          "Type":"Custom Headings"
        }
       ,"Download":{
          "CSV Export Enabled":false
        }
       ,"Printing":{
          "Enabled":false
        }
      }
     ,"Columns":[
        {
          "id":"40358075810028470113"
         ,"Identification":{
            "Column Name":"ORDER_ID"
           ,"Type":"Plain Text"
          }
         ,"Heading":{
            "Heading":"Order Number"
           ,"Alignment":"end"
          }
         ,"Layout":{
            "Sequence":10
           ,"Column Alignment":"end"
          }
         ,"Accessibility":{
            "Value Identifies Row":false
          }
         ,"Sorting":{
            "Sortable":false
          }
         ,"Export \/ Printing":{
            "Include In Export \/ Print":true
          }
         ,"Advanced":{
            "Compute Sum":false
          }
         ,"UI Defaults Reference":{
            "Table Owner":"Parsing Schema"
          }
         ,"Security":{
            "Escape special characters":true
          }
        }
       ,{
          "id":"40358075954287470114"
         ,"Identification":{
            "Column Name":"C.FIRSTNAME||\u0027\u0027||C.LASTNAME"
           ,"Type":"Plain Text"
          }
         ,"Heading":{
            "Heading":"Customer Name"
           ,"Alignment":"start"
          }
         ,"Layout":{
            "Sequence":20
           ,"Column Alignment":"start"
          }
         ,"Accessibility":{
            "Value Identifies Row":false
          }
         ,"Sorting":{
            "Sortable":false
          }
         ,"Export \/ Printing":{
            "Include In Export \/ Print":true
          }
         ,"Advanced":{
            "Compute Sum":false
          }
         ,"UI Defaults Reference":{
            "Table Owner":"Parsing Schema"
          }
         ,"Security":{
            "Escape special characters":true
          }
        }
       ,{
          "id":"40358076047792470115"
         ,"Identification":{
            "Column Name":"PHONE"
           ,"Type":"Plain Text"
          }
         ,"Heading":{
            "Heading":"Customer Phone"
           ,"Alignment":"start"
          }
         ,"Layout":{
            "Sequence":30
           ,"Column Alignment":"start"
          }
         ,"Accessibility":{
            "Value Identifies Row":false
          }
         ,"Sorting":{
            "Sortable":false
          }
         ,"Export \/ Printing":{
            "Include In Export \/ Print":true
          }
         ,"Advanced":{
            "Compute Sum":false
          }
         ,"UI Defaults Reference":{
            "Table Owner":"Parsing Schema"
          }
         ,"Security":{
            "Escape special characters":true
          }
        }
       ,{
          "id":"40358076157934470116"
         ,"Identification":{
            "Column Name":"EMAIL"
           ,"Type":"Plain Text"
          }
         ,"Heading":{
            "Heading":"Customer Email"
           ,"Alignment":"start"
          }
         ,"Layout":{
            "Sequence":40
           ,"Column Alignment":"start"
          }
         ,"Accessibility":{
            "Value Identifies Row":false
          }
         ,"Sorting":{
            "Sortable":false
          }
         ,"Export \/ Printing":{
            "Include In Export \/ Print":true
          }
         ,"Advanced":{
            "Compute Sum":false
          }
         ,"UI Defaults Reference":{
            "Table Owner":"Parsing Schema"
          }
         ,"Security":{
            "Escape special characters":true
          }
        }
       ,{
          "id":"40358076214976470117"
         ,"Identification":{
            "Column Name":"ORDER_DATETIME"
           ,"Type":"Plain Text"
          }
         ,"Heading":{
            "Heading":"Order Datetime"
           ,"Alignment":"center"
          }
         ,"Layout":{
            "Sequence":50
           ,"Column Alignment":"center"
          }
         ,"Accessibility":{
            "Value Identifies Row":false
          }
         ,"Sorting":{
            "Sortable":false
          }
         ,"Export \/ Printing":{
            "Include In Export \/ Print":true
          }
         ,"Advanced":{
            "Compute Sum":false
          }
         ,"UI Defaults Reference":{
            "Table Owner":"Parsing Schema"
          }
         ,"Security":{
            "Escape special characters":true
          }
        }
       ,{
          "id":"40358076391570470118"
         ,"Identification":{
            "Column Name":"ORDER_STATUS"
           ,"Type":"Plain Text"
          }
         ,"Heading":{
            "Heading":"Order Status"
           ,"Alignment":"center"
          }
         ,"Layout":{
            "Sequence":60
           ,"Column Alignment":"center"
          }
         ,"Accessibility":{
            "Value Identifies Row":false
          }
         ,"Sorting":{
            "Sortable":false
          }
         ,"Export \/ Printing":{
            "Include In Export \/ Print":false
          }
         ,"Advanced":{
            "Compute Sum":false
          }
         ,"UI Defaults Reference":{
            "Table Owner":"Parsing Schema"
          }
         ,"Security":{
            "Escape special characters":true
          }
        }
       ,{
          "id":"40358076486657470119"
         ,"Identification":{
            "Column Name":"ORDER_INFORMATION"
           ,"Type":"Plain Text"
          }
         ,"Heading":{
            "Heading":"Order Information"
           ,"Alignment":"center"
          }
         ,"Layout":{
            "Sequence":70
           ,"Column Alignment":"center"
          }
         ,"Accessibility":{
            "Value Identifies Row":false
          }
         ,"Sorting":{
            "Sortable":false
          }
         ,"Export \/ Printing":{
            "Include In Export \/ Print":true
          }
         ,"Advanced":{
            "Compute Sum":false
          }
         ,"UI Defaults Reference":{
            "Table Owner":"Parsing Schema"
          }
         ,"Security":{
            "Escape special characters":true
          }
        }
       ,{
          "id":"40358076546161470120"
         ,"Identification":{
            "Column Name":"\u0027CHECKORDERPRODUCTS\u0027"
           ,"Type":"Link"
          }
         ,"Heading":{
            "Heading":"Check Order\u0027s Products"
           ,"Alignment":"center"
          }
         ,"Layout":{
            "Sequence":80
           ,"Column Alignment":"center"
          }
         ,"Accessibility":{
            "Value Identifies Row":false
          }
         ,"Link":{
            "Target":{
              "url":"f?p=\u0026APP_ID.:9:\u0026SESSION.::\u0026DEBUG.:9:P9_ORDER_ID:#ORDER_ID#"
             ,"Page":"9"
             ,"Clear Cache":"9"
             ,"Values":{
                "P9_ORDER_ID":"#ORDER_ID#"
              }
            }
           ,"Link Text":"\u003Cimg src=\"#IMAGE_PREFIX#app_ui\/img\/icons\/apex-edit-view.png\" class=\"apex-edit-view\" alt=\"\"\u003E"
          }
         ,"Sorting":{
            "Sortable":false
          }
         ,"Export \/ Printing":{
            "Include In Export \/ Print":true
          }
         ,"Advanced":{
            "Compute Sum":false
          }
         ,"UI Defaults Reference":{
            "Table Owner":"Parsing Schema"
          }
         ,"Security":{
            "Escape special characters":true
          }
        }
       ,{
          "id":"40358076690585470121"
         ,"Identification":{
            "Column Name":"\u0027CONFIRMORDER\u0027"
           ,"Type":"Link"
          }
         ,"Heading":{
            "Heading":"Confirm Order"
           ,"Alignment":"center"
          }
         ,"Layout":{
            "Sequence":90
           ,"Column Alignment":"center"
          }
         ,"Accessibility":{
            "Value Identifies Row":false
          }
         ,"Link":{
            "Target":"javascript:void(null)"
           ,"Link Text":"\u003Cspan aria-hidden=\"true\" class=\"fa fa-check-square confirm-order\"\u003E\u003C\/span\u003E"
           ,"Link Attributes":"data-id=#ORDER_ID# data-status=#ORDER_STATUS#"
          }
         ,"Sorting":{
            "Sortable":false
          }
         ,"Export \/ Printing":{
            "Include In Export \/ Print":true
          }
         ,"Advanced":{
            "Compute Sum":false
          }
         ,"UI Defaults Reference":{
            "Table Owner":"Parsing Schema"
          }
         ,"Security":{
            "Escape special characters":true
          }
        }
       ,{
          "id":"40358076705967470122"
         ,"Identification":{
            "Column Name":"\u0027CANCELORDER\u0027"
           ,"Type":"Link"
          }
         ,"Heading":{
            "Heading":"Cancel Order"
           ,"Alignment":"center"
          }
         ,"Layout":{
            "Sequence":100
           ,"Column Alignment":"center"
          }
         ,"Accessibility":{
            "Value Identifies Row":false
          }
         ,"Link":{
            "Target":"javascript:void(null)"
           ,"Link Text":"\u003Cspan aria-hidden=\"true\" class=\"fa fa-trash del-order\"\u003E\u003C\/span\u003E"
           ,"Link Attributes":"data-id=#ORDER_ID# data-status=#ORDER_STATUS#"
          }
         ,"Sorting":{
            "Sortable":false
          }
         ,"Export \/ Printing":{
            "Include In Export \/ Print":true
          }
         ,"Advanced":{
            "Compute Sum":false
          }
         ,"UI Defaults Reference":{
            "Table Owner":"Parsing Schema"
          }
         ,"Security":{
            "Escape special characters":true
          }
        }
      ]
    }
   ,{
      "id":"41154318934944227838"
     ,"Identification":{
        "Title":"Orders Calendar"
       ,"Type":"Calendar"
      }
     ,"Source":{
        "Location":"Local Database"
       ,"Type":"SQL Query"
       ,"SQL Query":"SELECT DISTINCT\n    o.order_id,\n    \u0027order number : \u0027 || o.order_id  || \u0027 \u0027 ||\u0027 Status : \u0027 || o.order_status as order_desc,\n    c.firstname || \u0027 \u0027 || c.lastname as customer_name,\n    o.ORDER_DATETIME,\n    case ORDER_STATUS\n\n        when \u0027Shipped\u0027 then \u0027apex-cal-green\u0027\n\n        when \u0027Pending\u0027 then \u0027apex-cal-yellow\u0027\n\n        when \u0027Cancelled\u0027 then \u0027apex-cal-red\u0027\n\n        when \u0027Confirmed\u0027 then \u0027apex-cal-black\u0027\n\n  end as css_class\nFROM\n    orders o, order_items oi, customer c, product p, stores s\nWHERE\n    o.customer_id = c.customer_id\n    AND o.order_id = oi.order_id\n    AND oi.product_id = p.product_id\n    AND p.store_id = s.store_id\n    AND s.customer_id = TO_NUMBER(:USER_ID) \n"
      }
     ,"Layout":{
        "Sequence":10
       ,"Parent Region":"No Parent"
       ,"Position":"BODY"
       ,"Start New Layout":false
       ,"Start New Row":true
       ,"Column":"Automatic"
       ,"New Column":true
       ,"Column Span":"Automatic"
      }
     ,"Appearance":{
        "Template":"Standard (19471808805460504264)"
       ,"Template Options":[
          "#DEFAULT#"
         ,"t-Region--stacked"
         ,"t-Region--scrollBody"
         ,"t-Form--labelsAbove"
        ]
       ,"Render Components":"Above Content"
      }
     ,"Accessibility":{
        "Use Landmark":true
       ,"Landmark Type":"Template Default"
      }
     ,"Advanced":{
        "Region Display Selector":false
       ,"Exclude Title from Translation":false
      }
     ,"Security":{
        "Escape special characters":true
      }
     ,"Server Cache":{
        "Caching":"Disabled"
      }
     ,"Customization":{
        "Customizable":"Not Customizable By End Users"
      }
     ,"Attributes":{
        "Settings":{
          "Display Column":"ORDER_DESC"
         ,"Start Date Column":"ORDER_DATETIME"
         ,"Primary Key Column":"ORDER_ID"
         ,"Show Time":false
         ,"Supplemental Information":"order by \u0026CUSTOMER_NAME."
         ,"Multiple Line Events":false
         ,"Show Tooltip":true
         ,"Additional Calendar Views":"list:navigation"
         ,"Drag and Drop":false
         ,"Maximum Events \/ Day":20
         ,"Show Weekend":false
         ,"CSS Class":"CSS_CLASS"
        }
       ,"Performance":{
          "Lazy Loading":false
        }
      }
    }
   ,{
      "id":"79066338432320077623"
     ,"Identification":{
        "Title":"Orders Overview"
       ,"Type":"Static Content"
      }
     ,"Layout":{
        "Sequence":20
       ,"Parent Region":"No Parent"
       ,"Position":"REGION_POSITION_08"
       ,"Start New Layout":false
       ,"Start New Row":true
       ,"Column":"Automatic"
       ,"New Column":true
       ,"Column Span":"Automatic"
      }
     ,"Appearance":{
        "Template":"Standard (19471808805460504264)"
       ,"Template Options":[
          "#DEFAULT#"
         ,"t-Region--stacked"
         ,"t-Region--scrollBody"
        ]
       ,"CSS Classes":[
          "overall-summary-region-container"
        ]
       ,"Render Components":"Above Content"
      }
     ,"Accessibility":{
        "Use Landmark":true
       ,"Landmark Type":"Template Default"
      }
     ,"Advanced":{
        "Static ID":"order-overview"
       ,"Region Display Selector":false
       ,"Exclude Title from Translation":false
      }
     ,"Server Cache":{
        "Caching":"Disabled"
      }
     ,"Customization":{
        "Customizable":"Not Customizable By End Users"
      }
     ,"Attributes":{
        "Settings":{
          "Output As":"HTML"
         ,"Expand Shortcuts":false
        }
      }
    }
   ,{
      "id":"79066338607683077625"
     ,"Identification":{
        "Title":"Total Orders"
       ,"Type":"Dynamic Content"
      }
     ,"Source":{
        "Language":"PL\/SQL"
       ,"PL\/SQL Function Body returning a CLOB":"declare \n    l_number_of_orders number;\nbegin\n     select  count(distinct o.order_id)\n    into    l_number_of_orders\n    from    orders o, order_items oi, product p, stores s\n    where   o.order_id = oi.order_id\n    and     oi.product_id = p.product_id\n    and     p.store_id = s.store_id\n    and     s.customer_id = to_number(:USER_ID) ;\n\n    return \n        \u0027 \u003Cdiv class=\"overview\"\u003E\n        \u003Ch3 class=\"overview-title\"\u003E Total Orders\u003C\/h3\u003E\n        \u003Ch4 class=\"overview-data\"\u003E\u0027 || l_number_of_orders || \u0027 Order(s)\n        \u003C\/h4\u003E\n        \u003C\/div\u003E \u0027;\nend;"
      }
     ,"Layout":{
        "Sequence":10
       ,"Parent Region":"Orders Overview (79066338432320077623)"
       ,"Position":"SUB_REGIONS"
       ,"Start New Layout":false
       ,"Start New Row":true
       ,"Row CSS Classes":[
          "overall-summary-region-row"
        ]
       ,"Column":"2"
       ,"New Column":true
       ,"Column Span":"5"
      }
     ,"Appearance":{
        "Template":"Standard (19471808805460504264)"
       ,"Template Options":[
          "#DEFAULT#"
         ,"t-Region--removeHeader js-removeLandmark"
         ,"t-Region--stacked"
         ,"t-Region--scrollBody"
        ]
       ,"CSS Classes":[
          "overall-summary-region"
        ]
       ,"Render Components":"Above Content"
      }
     ,"Accessibility":{
        "Use Landmark":true
       ,"Landmark Type":"Template Default"
      }
     ,"Advanced":{
        "Region Display Selector":false
       ,"Exclude Title from Translation":false
      }
     ,"Server Cache":{
        "Caching":"Disabled"
      }
     ,"Customization":{
        "Customizable":"Not Customizable By End Users"
      }
     ,"Attributes":{
        "Performance":{
          "Lazy Loading":false
        }
      }
    }
   ,{
      "id":"79066338740063077626"
     ,"Identification":{
        "Title":"Confirmed"
       ,"Type":"Dynamic Content"
      }
     ,"Source":{
        "Language":"PL\/SQL"
       ,"PL\/SQL Function Body returning a CLOB":"declare \n    confirmed_orders number := 0;\nbegin\n    select  count(distinct o.order_id)\n    into    confirmed_orders\n    from    orders o, order_items oi, product p, stores s\n    where   o.order_status = \u0027Confirmed\u0027\n    and     o.order_id = oi.order_id\n    and     oi.product_id = p.product_id\n    and     p.store_id = s.store_id\n    and     s.customer_id = to_number(:USER_ID) ;\n\n    return \n        \u0027\u003Cdiv class=\"overview\"\u003E\n            \u003Ch3 class=\"overview-title\"\u003E Confirmed Orders \u003C\/h3\u003E\n            \u003Ch4 class=\"overview-data\"\u003E\u0027 || confirmed_orders || \u0027 orders(s)\n            \u003C\/h4\u003E\n            \u003C\/div\u003E \u0027;\nend;"
      }
     ,"Layout":{
        "Sequence":20
       ,"Parent Region":"Orders Overview (79066338432320077623)"
       ,"Position":"SUB_REGIONS"
       ,"Start New Layout":false
       ,"Start New Row":false
       ,"Column":"Automatic"
       ,"New Column":true
       ,"Column Span":"5"
      }
     ,"Appearance":{
        "Template":"Standard (19471808805460504264)"
       ,"Template Options":[
          "#DEFAULT#"
         ,"t-Region--removeHeader js-removeLandmark"
         ,"t-Region--stacked"
         ,"t-Region--scrollBody"
        ]
       ,"CSS Classes":[
          "overall-summary-region"
        ]
       ,"Render Components":"Above Content"
      }
     ,"Accessibility":{
        "Use Landmark":true
       ,"Landmark Type":"Template Default"
      }
     ,"Advanced":{
        "Region Display Selector":false
       ,"Exclude Title from Translation":false
      }
     ,"Server Cache":{
        "Caching":"Disabled"
      }
     ,"Customization":{
        "Customizable":"Not Customizable By End Users"
      }
     ,"Attributes":{
        "Performance":{
          "Lazy Loading":false
        }
      }
    }
   ,{
      "id":"79066338846821077627"
     ,"Identification":{
        "Title":"Pending"
       ,"Type":"Dynamic Content"
      }
     ,"Source":{
        "Language":"PL\/SQL"
       ,"PL\/SQL Function Body returning a CLOB":"declare \n    orders_pending number;\nbegin\n    select  count(distinct o.order_id)\n    into    orders_pending\n    from    orders o, order_items oi, product p, stores s\n    where   o.order_status = \u0027Pending\u0027  \n    and     o.order_id = oi.order_id\n    and     oi.product_id = p.product_id\n    and     p.store_id = s.store_id\n    and     s.customer_id = to_number(:USER_ID) ;\n\n    return \n        \u0027 \u003Cdiv class=\"overview-warning\"\u003E\n        \u003Ch3 class=\"overview-title\"\u003E Pending Orders\u003C\/h3\u003E\n        \u003Ch4 class=\"overview-data\"\u003E\u0027 || orders_pending || \u0027 Order(s)\n        \u003C\/h4\u003E\n        \u003C\/div\u003E \u0027;\nend;"
      }
     ,"Layout":{
        "Sequence":30
       ,"Parent Region":"Orders Overview (79066338432320077623)"
       ,"Position":"SUB_REGIONS"
       ,"Start New Layout":false
       ,"Start New Row":true
       ,"Column":"Automatic"
       ,"New Column":true
       ,"Column Span":"4"
      }
     ,"Appearance":{
        "Template":"Standard (19471808805460504264)"
       ,"Template Options":[
          "#DEFAULT#"
         ,"t-Region--removeHeader js-removeLandmark"
         ,"t-Region--stacked"
         ,"t-Region--scrollBody"
        ]
       ,"CSS Classes":[
          "overall-summary-region"
        ]
       ,"Render Components":"Above Content"
      }
     ,"Accessibility":{
        "Use Landmark":true
       ,"Landmark Type":"Template Default"
      }
     ,"Advanced":{
        "Region Display Selector":false
       ,"Exclude Title from Translation":false
      }
     ,"Server Cache":{
        "Caching":"Disabled"
      }
     ,"Customization":{
        "Customizable":"Not Customizable By End Users"
      }
     ,"Attributes":{
        "Performance":{
          "Lazy Loading":false
        }
      }
    }
  ]
 ,"Page Items":[
    {
      "id":"40294674489649210444"
     ,"Identification":{
        "Name":"P73_ORDER_ID"
       ,"Type":"Hidden"
      }
     ,"Settings":{
        "Value Protected":false
      }
     ,"Layout":{
        "Sequence":10
       ,"Region":"List of orders (40242460151292369231)"
       ,"Position":"BODY"
      }
     ,"Advanced":{
        "Warn on Unsaved Changes":"Page Default"
      }
     ,"Source":{
        "Type":"Null"
       ,"Used":"Only when current value in session state is null"
      }
     ,"Session State":{
        "Data Type":"VARCHAR2"
       ,"Storage":"Per Request (Memory Only)"
      }
     ,"Security":{
        "Session State Protection":"Unrestricted"
       ,"Store value encrypted in session state":true
       ,"Restricted Characters":"All characters can be saved."
      }
    }
   ,{
      "id":"40294674556588210445"
     ,"Identification":{
        "Name":"P73_ORDER_STATUS"
       ,"Type":"Hidden"
      }
     ,"Settings":{
        "Value Protected":false
      }
     ,"Layout":{
        "Sequence":20
       ,"Region":"List of orders (40242460151292369231)"
       ,"Position":"BODY"
      }
     ,"Advanced":{
        "Warn on Unsaved Changes":"Page Default"
      }
     ,"Source":{
        "Type":"Null"
       ,"Used":"Only when current value in session state is null"
      }
     ,"Session State":{
        "Data Type":"VARCHAR2"
       ,"Storage":"Per Request (Memory Only)"
      }
     ,"Security":{
        "Session State Protection":"Unrestricted"
       ,"Store value encrypted in session state":true
       ,"Restricted Characters":"All characters can be saved."
      }
    }
   ,{
      "id":"41154319228211227841"
     ,"Identification":{
        "Name":"P73_FILTER_ORDERS"
       ,"Type":"Hidden"
      }
     ,"Settings":{
        "Value Protected":false
      }
     ,"Layout":{
        "Sequence":30
       ,"Region":"No Parent"
       ,"Position":"BODY"
      }
     ,"Advanced":{
        "Warn on Unsaved Changes":"Page Default"
      }
     ,"Source":{
        "Type":"Null"
       ,"Used":"Only when current value in session state is null"
      }
     ,"Session State":{
        "Data Type":"VARCHAR2"
       ,"Storage":"Per Session (Persistent)"
      }
     ,"Security":{
        "Session State Protection":"Unrestricted"
       ,"Store value encrypted in session state":true
       ,"Restricted Characters":"All characters can be saved."
      }
    }
  ]
 ,"Dynamic Actions":[
    {
      "id":"40294673744313210437"
     ,"Identification":{
        "Name":"Change cell color"
      }
     ,"Execution":{
        "Sequence":10
      }
     ,"When":{
        "Event":"EVENT.EVENT.BROWSER.READY"
      }
     ,"Execution":{
        "Event Scope":"Static"
      }
     ,"Actions":[
        {
          "id":"40294673802423210438"
         ,"Identification":{
            "Action":"Execute JavaScript Code"
          }
         ,"Settings":{
            "Code":"$(\u0027td[headers=\"ORDER_STATUS\"]\u0027).each(function() {  \n\n  if ( $(this).text() === \u0027Pending\u0027 ) {\n\n    $(this).css({\"background-color\":\"#FFB929\"});\n  }\n\n  if ( $(this).text() === \u0027Confirmed\u0027 ) {\n\n    $(this).css({\"background-color\":\"#3A3632\"});\n\n  }\n\n  if ( $(this).text() === \u0027Confirmed\u0027 ) {\n\n    $(this).css({\"background-color\":\"#3A3632\", \"color\" : \"#F5F4F2\"});\n\n  }\n\n  if ( $(this).text() === \u0027Cancelled\u0027 ) {\n\n    $(this).css({\"background-color\":\"#C33522\", \"color\" : \"#F5F4F2\"});\n\n  }\n\n  if ( $(this).text() === \u0027Shipped\u0027 ) {\n\n    $(this).css({\"background-color\":\"#497620\", \"color\" : \"#F5F4F2\"});\n\n  }\n\n\n\n\n});"
          }
         ,"Execution":{
            "Sequence":10
           ,"Event":"Change cell color (40294673744313210437)"
           ,"Fire When Event Result Is":"True"
           ,"Fire on Initialization":false
          }
        }
      ]
    }
   ,{
      "id":"40294674157311210441"
     ,"Identification":{
        "Name":"Confirm Order"
      }
     ,"Execution":{
        "Sequence":50
      }
     ,"When":{
        "Event":"EVENT.EVENT.BROWSER.CLICK"
       ,"Selection Type":"jQuery Selector"
       ,"jQuery Selector":".confirm-order"
      }
     ,"Client-side Condition":{
        "Type":"Item = Value"
       ,"Item":"P73_ORDER_STATUS"
       ,"Value":"Pending"
      }
     ,"Execution":{
        "Event Scope":"Dynamic"
       ,"Type":"Immediate"
      }
     ,"Actions":[
        {
          "id":"40294674220456210442"
         ,"Identification":{
            "Action":"Confirm"
          }
         ,"Settings":{
            "Title":"Confirm This Order"
           ,"Message":"Are you sure you want to confirm this order ? this will begin the order shipping process !"
           ,"Style":"Success"
           ,"Icon":"fa-map-marker-check-o"
           ,"Confirm Label":"Confirm Order"
           ,"Cancel Label":"Canel"
          }
         ,"Execution":{
            "Sequence":10
           ,"Event":"Confirm Order (40294674157311210441)"
           ,"Fire When Event Result Is":"True"
           ,"Fire on Initialization":false
          }
        }
       ,{
          "id":"40294674947077210449"
         ,"Identification":{
            "Action":"Set Value"
          }
         ,"Settings":{
            "Set Type":"JavaScript Expression"
           ,"JavaScript Expression":"$(this.triggeringElement).parent().data(\u0027id\u0027);"
           ,"Suppress Change Event":false
          }
         ,"Affected Elements":{
            "Selection Type":"Item(s)"
           ,"Item(s)":[
              "P73_ORDER_ID"
            ]
          }
         ,"Execution":{
            "Sequence":20
           ,"Event":"Confirm Order (40294674157311210441)"
           ,"Fire When Event Result Is":"True"
           ,"Fire on Initialization":false
           ,"Stop Execution On Error":true
           ,"Wait For Result":true
          }
        }
       ,{
          "id":"40294675079715210450"
         ,"Identification":{
            "Action":"Execute Server-side Code"
          }
         ,"Settings":{
            "Language":"PE.PROPERTY.SOURCE_SNIPPET_LANG.LOV.PLSQL.D"
           ,"PL\/SQL Code":"update orders set order_status = \u0027Confirmed\u0027 where order_id = :P73_ORDER_ID;"
           ,"Items to Submit":[
              "P73_ORDER_ID"
            ]
          }
         ,"Execution":{
            "Sequence":30
           ,"Event":"Confirm Order (40294674157311210441)"
           ,"Fire When Event Result Is":"True"
           ,"Fire on Initialization":false
           ,"Stop Execution On Error":true
           ,"Wait For Result":true
          }
        }
       ,{
          "id":"40313841690737579003"
         ,"Identification":{
            "Action":"Alert"
          }
         ,"Settings":{
            "Title":"Confirm\/Cancel Order"
           ,"Message":"Cannot Confirm an already confirmed\/cancelled order"
           ,"Style":"Warning"
           ,"Icon":"fa-warning"
          }
         ,"Execution":{
            "Sequence":10
           ,"Event":"Confirm Order (40294674157311210441)"
           ,"Fire When Event Result Is":"False"
           ,"Fire on Initialization":false
          }
        }
       ,{
          "id":"40313841818540579005"
         ,"Identification":{
            "Action":"Execute JavaScript Code"
          }
         ,"Settings":{
            "Code":"\n$(\u0027#list-of-orders\u0027).trigger(\u0027apexrefresh\u0027);"
          }
         ,"Execution":{
            "Sequence":40
           ,"Event":"Confirm Order (40294674157311210441)"
           ,"Fire When Event Result Is":"True"
           ,"Fire on Initialization":false
          }
        }
       ,{
          "id":"40358077074916470125"
         ,"Identification":{
            "Action":"Refresh"
          }
         ,"Affected Elements":{
            "Selection Type":"Region"
           ,"Region":"Confirmed (79066338740063077626)"
          }
         ,"Execution":{
            "Sequence":50
           ,"Event":"Confirm Order (40294674157311210441)"
           ,"Fire When Event Result Is":"True"
           ,"Fire on Initialization":false
          }
        }
       ,{
          "id":"40358077144816470126"
         ,"Identification":{
            "Action":"Refresh"
          }
         ,"Affected Elements":{
            "Selection Type":"Region"
           ,"Region":"Pending (79066338846821077627)"
          }
         ,"Execution":{
            "Sequence":60
           ,"Event":"Confirm Order (40294674157311210441)"
           ,"Fire When Event Result Is":"True"
           ,"Fire on Initialization":false
          }
        }
      ]
    }
   ,{
      "id":"40294674622737210446"
     ,"Identification":{
        "Name":"Fetching order status"
      }
     ,"Execution":{
        "Sequence":30
      }
     ,"When":{
        "Event":"EVENT.EVENT.BROWSER.CLICK"
       ,"Selection Type":"jQuery Selector"
       ,"jQuery Selector":".confirm-order"
      }
     ,"Execution":{
        "Event Scope":"Dynamic"
       ,"Type":"Immediate"
      }
     ,"Actions":[
        {
          "id":"40294674752306210447"
         ,"Identification":{
            "Action":"Set Value"
          }
         ,"Settings":{
            "Set Type":"JavaScript Expression"
           ,"JavaScript Expression":"$(this.triggeringElement).parent().data(\u0027status\u0027);"
           ,"Suppress Change Event":false
          }
         ,"Affected Elements":{
            "Selection Type":"Item(s)"
           ,"Item(s)":[
              "P73_ORDER_STATUS"
            ]
          }
         ,"Execution":{
            "Sequence":10
           ,"Event":"Fetching order status (40294674622737210446)"
           ,"Fire When Event Result Is":"True"
           ,"Fire on Initialization":false
           ,"Stop Execution On Error":true
           ,"Wait For Result":true
          }
        }
      ]
    }
   ,{
      "id":"40358076827937470123"
     ,"Identification":{
        "Name":"Change cell color after refresh"
      }
     ,"Execution":{
        "Sequence":20
      }
     ,"When":{
        "Event":"EVENT.EVENT.FAMEWORK.APEXAFTERREFRESH"
       ,"Selection Type":"Region"
       ,"Region":"List of orders (40242460151292369231)"
      }
     ,"Execution":{
        "Event Scope":"Static"
       ,"Type":"Immediate"
      }
     ,"Actions":[
        {
          "id":"40358076997077470124"
         ,"Identification":{
            "Action":"Execute JavaScript Code"
          }
         ,"Settings":{
            "Code":"$(\u0027td[headers=\"ORDER_STATUS\"]\u0027).each(function() {  \n\n  if ( $(this).text() === \u0027Pending\u0027 ) {\n\n    $(this).css({\"background-color\":\"#FFB929\"});\n  }\n\n  if ( $(this).text() === \u0027Confirmed\u0027 ) {\n\n    $(this).css({\"background-color\":\"#3A3632\"});\n\n  }\n\n  if ( $(this).text() === \u0027Confirmed\u0027 ) {\n\n    $(this).css({\"background-color\":\"#3A3632\", \"color\" : \"#F5F4F2\"});\n\n  }\n\n  if ( $(this).text() === \u0027Cancelled\u0027 ) {\n\n    $(this).css({\"background-color\":\"#C33522\"});\n\n  }\n\n  if ( $(this).text() === \u0027Shipped\u0027 ) {\n\n    $(this).css({\"background-color\":\"#497620\"});\n\n  }\n\n\n\n\n});"
          }
         ,"Execution":{
            "Sequence":10
           ,"Event":"Change cell color after refresh (40358076827937470123)"
           ,"Fire When Event Result Is":"True"
           ,"Fire on Initialization":false
          }
        }
      ]
    }
   ,{
      "id":"40358077245351470127"
     ,"Identification":{
        "Name":"Cacel Order"
      }
     ,"Execution":{
        "Sequence":60
      }
     ,"When":{
        "Event":"EVENT.EVENT.BROWSER.CLICK"
       ,"Selection Type":"jQuery Selector"
       ,"jQuery Selector":".del-order"
      }
     ,"Client-side Condition":{
        "Type":"Item = Value"
       ,"Item":"P73_ORDER_STATUS"
       ,"Value":"Pending"
      }
     ,"Execution":{
        "Event Scope":"Dynamic"
       ,"Type":"Immediate"
      }
     ,"Actions":[
        {
          "id":"40358077373873470128"
         ,"Identification":{
            "Action":"Confirm"
          }
         ,"Settings":{
            "Title":"Cancel Order"
           ,"Message":"Are you sure you want to cancel this order ? this action is irreversible and the buyer will be notified of the cancel !"
           ,"Style":"Danger"
           ,"Icon":"fa-map-marker-check-o"
           ,"Confirm Label":"Cancel Order"
           ,"Cancel Label":"Canel"
          }
         ,"Execution":{
            "Sequence":10
           ,"Event":"Cacel Order (40358077245351470127)"
           ,"Fire When Event Result Is":"True"
           ,"Fire on Initialization":false
          }
        }
       ,{
          "id":"40358077447948470129"
         ,"Identification":{
            "Action":"Alert"
          }
         ,"Settings":{
            "Title":"Confirm\/Cancel Order"
           ,"Message":"Cannot Confirm an already confirmed\/cancelled order"
           ,"Style":"Warning"
           ,"Icon":"fa-warning"
          }
         ,"Execution":{
            "Sequence":10
           ,"Event":"Cacel Order (40358077245351470127)"
           ,"Fire When Event Result Is":"False"
           ,"Fire on Initialization":false
          }
        }
       ,{
          "id":"40358077506791470130"
         ,"Identification":{
            "Action":"Set Value"
          }
         ,"Settings":{
            "Set Type":"JavaScript Expression"
           ,"JavaScript Expression":"$(this.triggeringElement).parent().data(\u0027id\u0027);"
           ,"Suppress Change Event":false
          }
         ,"Affected Elements":{
            "Selection Type":"Item(s)"
           ,"Item(s)":[
              "P73_ORDER_ID"
            ]
          }
         ,"Execution":{
            "Sequence":20
           ,"Event":"Cacel Order (40358077245351470127)"
           ,"Fire When Event Result Is":"True"
           ,"Fire on Initialization":false
           ,"Stop Execution On Error":true
           ,"Wait For Result":true
          }
        }
       ,{
          "id":"40358077652238470131"
         ,"Identification":{
            "Action":"Execute Server-side Code"
          }
         ,"Settings":{
            "Language":"PE.PROPERTY.SOURCE_SNIPPET_LANG.LOV.PLSQL.D"
           ,"PL\/SQL Code":"update orders set order_status = \u0027Cancelled\u0027 where order_id = :P73_ORDER_ID;"
           ,"Items to Submit":[
              "P73_ORDER_ID"
            ]
          }
         ,"Execution":{
            "Sequence":30
           ,"Event":"Cacel Order (40358077245351470127)"
           ,"Fire When Event Result Is":"True"
           ,"Fire on Initialization":false
           ,"Stop Execution On Error":true
           ,"Wait For Result":true
          }
        }
       ,{
          "id":"40358077706612470132"
         ,"Identification":{
            "Action":"Execute JavaScript Code"
          }
         ,"Settings":{
            "Code":"\n$(\u0027#list-of-orders\u0027).trigger(\u0027apexrefresh\u0027);"
          }
         ,"Execution":{
            "Sequence":40
           ,"Event":"Cacel Order (40358077245351470127)"
           ,"Fire When Event Result Is":"True"
           ,"Fire on Initialization":false
          }
        }
       ,{
          "id":"40358077830614470133"
         ,"Identification":{
            "Action":"Refresh"
          }
         ,"Affected Elements":{
            "Selection Type":"Region"
           ,"Region":"Pending (79066338846821077627)"
          }
         ,"Execution":{
            "Sequence":50
           ,"Event":"Cacel Order (40358077245351470127)"
           ,"Fire When Event Result Is":"True"
           ,"Fire on Initialization":false
          }
        }
       ,{
          "id":"40358077932310470134"
         ,"Identification":{
            "Action":"Refresh"
          }
         ,"Affected Elements":{
            "Selection Type":"Region"
           ,"Region":"Cancelled (40242459207027369222)"
          }
         ,"Execution":{
            "Sequence":60
           ,"Event":"Cacel Order (40358077245351470127)"
           ,"Fire When Event Result Is":"True"
           ,"Fire on Initialization":false
          }
        }
      ]
    }
   ,{
      "id":"40358078049747470135"
     ,"Identification":{
        "Name":"Fetching order status on cancel"
      }
     ,"Execution":{
        "Sequence":40
      }
     ,"When":{
        "Event":"EVENT.EVENT.BROWSER.CLICK"
       ,"Selection Type":"jQuery Selector"
       ,"jQuery Selector":".del-order"
      }
     ,"Execution":{
        "Event Scope":"Dynamic"
       ,"Type":"Immediate"
      }
     ,"Actions":[
        {
          "id":"40358078156678470136"
         ,"Identification":{
            "Action":"Set Value"
          }
         ,"Settings":{
            "Set Type":"JavaScript Expression"
           ,"JavaScript Expression":"$(this.triggeringElement).parent().data(\u0027status\u0027);"
           ,"Suppress Change Event":false
          }
         ,"Affected Elements":{
            "Selection Type":"Item(s)"
           ,"Item(s)":[
              "P73_ORDER_STATUS"
            ]
          }
         ,"Execution":{
            "Sequence":10
           ,"Event":"Fetching order status on cancel (40358078049747470135)"
           ,"Fire When Event Result Is":"True"
           ,"Fire on Initialization":false
           ,"Stop Execution On Error":true
           ,"Wait For Result":true
          }
        }
      ]
    }
   ,{
      "id":"41154319019134227839"
     ,"Identification":{
        "Name":"Jump To list of orders"
      }
     ,"Execution":{
        "Sequence":70
      }
     ,"When":{
        "Event":"EVENT.EVENT.BROWSER.CLICK"
       ,"Selection Type":"jQuery Selector"
       ,"jQuery Selector":".overall-summary-region"
      }
     ,"Execution":{
        "Event Scope":"Static"
       ,"Type":"Immediate"
      }
     ,"Actions":[
        {
          "id":"41154319125504227840"
         ,"Identification":{
            "Action":"Execute JavaScript Code"
          }
         ,"Settings":{
            "Code":"let $region = $(\"#list-of-orders\")[0]; \nconsole.log($region)\n$region.scrollIntoView({ behavior: \"smooth\", block: \"center\", inline: \"center\" });"
          }
         ,"Execution":{
            "Sequence":10
           ,"Event":"Jump To list of orders (41154319019134227839)"
           ,"Fire When Event Result Is":"True"
           ,"Fire on Initialization":false
          }
        }
      ]
    }
  ]
}
