{
  "id":"12"
 ,"Identification":{
    "Name":"Add Product Specifications"
   ,"Alias":"ADD-PRODUCT-SPECIFICATIONS"
   ,"Title":"Add Product Specifications"
  }
 ,"Appearance":{
    "Page Mode":"Modal Dialog"
   ,"Dialog Template":"Theme Default"
   ,"Template Options":[
      "#DEFAULT#"
    ]
  }
 ,"Dialog":{
    "Chained":true
  }
 ,"Navigation Menu":{
    "Override User Interface Level":false
  }
 ,"Navigation":{
    "Cursor Focus":"Do not focus cursor"
   ,"Warn on Unsaved Changes":true
  }
 ,"CSS":{
    "File URLs":[
      "#APP_FILES#Styling\/main_style#MIN#.css"
    ]
   ,"Inline":".t-Region-title {\n    font-family: var(--secondary-header-font);\n    text-align: center;\n    color: var(--fourth-color);\n}\n\n.variant-select {\n    font-family: var(--regular-text-font);\n}\n\n.available-stock {\n    font-family: var(--secondary-header-font);\n}\n\n.prod-qunatity {\n  width: 100%;\n  height: 50px;\n  display: flex;\n  justify-content: center;\n  align-items: center;\n  border-style: solid;\n  border-color: var(--fourth-color);\n  border-width: 1px;\n  border-radius: 5px;\n  font-family: var(--regular-text-font);\n}\n\n.quantity-btn {\n  height: 50px;\n  width: 100%;\n  border-style: solid;\n  border-color: var(--fourth-color);\n  border-radius: 0;\n}\n\n#increment_quantity {\n  border-width: 1px;\n  border-radius: 5px;\n  transition: all 200ms;\n}\n\n#increment_quantity:hover {\n    color: var(--first-color);\n    background-color: #3A3632;\n    border: 1px solid var(--first-color); \n    transform: translateY(-1px);  \n}\n\n#decrement_quantity {\n  border-width: 1px;\n  border-radius: 5px;\n}\n\n#decrement_quantity:hover {\n    color: var(--first-color);\n    background-color: #3A3632;\n    border: 1px solid var(--first-color); \u005Ctransform: translateY(-1px);   \n}\n\n.action-btn {\n    font-family: var(--secondary-header-font);\n}"
  }
 ,"Security":{
    "Authentication":"Page Is Public"
  }
 ,"Advanced":{
    "Enable Meta Tags":false
  }
 ,"Security":{
    "Deep Linking":"Application Default"
   ,"Page Access Protection":"Arguments Must Have Checksum"
   ,"Form Auto Complete":"Off"
   ,"Browser Cache":"Application Default"
  }
 ,"Session Management":{
    "Rejoin Sessions":"Application Default"
  }
 ,"Advanced":{
    "Enable duplicate page submissions":"Yes - Enable page to be re-posted"
   ,"Reload on Submit":"Only for Success"
  }
 ,"Server Cache":{
    "Caching":"Disabled"
  }
 ,"Regions":[
    {
      "id":"37730490389950642748"
     ,"Identification":{
        "Title":"Select Product Variants"
       ,"Type":"Static Content"
      }
     ,"Layout":{
        "Sequence":120
       ,"Parent Region":"No Parent"
       ,"Position":"BODY"
       ,"Start New Layout":false
       ,"Start New Row":true
       ,"Column":"Automatic"
       ,"New Column":true
       ,"Column Span":"Automatic"
      }
     ,"Appearance":{
        "Template":"Standard (19471808805460504264)"
       ,"Template Options":[
          "#DEFAULT#"
         ,"t-Region--stacked"
         ,"t-Region--scrollBody"
        ]
       ,"Render Components":"Above Content"
      }
     ,"Accessibility":{
        "Use Landmark":true
       ,"Landmark Type":"Template Default"
      }
     ,"Advanced":{
        "Region Display Selector":false
       ,"Exclude Title from Translation":false
      }
     ,"Server Cache":{
        "Caching":"Disabled"
      }
     ,"Customization":{
        "Customizable":"Not Customizable By End Users"
      }
     ,"Attributes":{
        "Settings":{
          "Output As":"HTML"
         ,"Expand Shortcuts":false
        }
      }
    }
   ,{
      "id":"38242824233266699919"
     ,"Identification":{
        "Title":"Actions"
       ,"Type":"Static Content"
      }
     ,"Layout":{
        "Sequence":10
       ,"Parent Region":"No Parent"
       ,"Position":"REGION_POSITION_03"
       ,"Start New Layout":false
       ,"Start New Row":true
       ,"Column":"Automatic"
       ,"New Column":true
       ,"Column Span":"Automatic"
      }
     ,"Appearance":{
        "Template":"Standard (19471808805460504264)"
       ,"Template Options":[
          "#DEFAULT#"
         ,"t-Region--removeHeader js-removeLandmark"
         ,"t-Region--noUI"
         ,"t-Region--scrollBody"
        ]
       ,"Render Components":"Above Content"
      }
     ,"Accessibility":{
        "Use Landmark":true
       ,"Landmark Type":"Template Default"
      }
     ,"Advanced":{
        "Region Display Selector":false
       ,"Exclude Title from Translation":false
      }
     ,"Server Cache":{
        "Caching":"Disabled"
      }
     ,"Customization":{
        "Customizable":"Not Customizable By End Users"
      }
     ,"Attributes":{
        "Settings":{
          "Output As":"HTML"
         ,"Expand Shortcuts":false
        }
      }
    }
   ,{
      "id":"66311371068282072357"
     ,"Identification":{
        "Title":"Choose Quantity"
       ,"Type":"Static Content"
      }
     ,"Layout":{
        "Sequence":130
       ,"Parent Region":"No Parent"
       ,"Position":"BODY"
       ,"Start New Layout":false
       ,"Start New Row":true
       ,"Column":"4"
       ,"New Column":true
       ,"Column Span":"6"
      }
     ,"Appearance":{
        "Template":"Standard (19471808805460504264)"
       ,"Template Options":[
          "#DEFAULT#"
         ,"t-Region--stacked"
         ,"t-Region--scrollBody"
        ]
       ,"CSS Classes":[
          "qunatity-container"
        ]
       ,"Render Components":"Above Content"
      }
     ,"Accessibility":{
        "Use Landmark":true
       ,"Landmark Type":"Template Default"
      }
     ,"Advanced":{
        "Region Display Selector":false
       ,"Exclude Title from Translation":false
      }
     ,"Server Cache":{
        "Caching":"Disabled"
      }
     ,"Customization":{
        "Customizable":"Not Customizable By End Users"
      }
     ,"Attributes":{
        "Settings":{
          "Output As":"HTML"
         ,"Expand Shortcuts":true
        }
      }
    }
  ]
 ,"Page Items":[
    {
      "id":"37730489477202642739"
     ,"Identification":{
        "Name":"P12_VARIANT_1_NAME"
       ,"Type":"Hidden"
      }
     ,"Settings":{
        "Value Protected":false
      }
     ,"Layout":{
        "Sequence":50
       ,"Region":"No Parent"
       ,"Position":"BODY"
      }
     ,"Advanced":{
        "Warn on Unsaved Changes":"Page Default"
      }
     ,"Source":{
        "Type":"Null"
       ,"Used":"Only when current value in session state is null"
      }
     ,"Session State":{
        "Data Type":"VARCHAR2"
       ,"Storage":"Per Request (Memory Only)"
      }
     ,"Security":{
        "Session State Protection":"Unrestricted"
       ,"Store value encrypted in session state":true
       ,"Restricted Characters":"All characters can be saved."
      }
    }
   ,{
      "id":"37730489542779642740"
     ,"Identification":{
        "Name":"P12_VARIANT_2_NAME"
       ,"Type":"Hidden"
      }
     ,"Settings":{
        "Value Protected":false
      }
     ,"Layout":{
        "Sequence":60
       ,"Region":"No Parent"
       ,"Position":"BODY"
      }
     ,"Advanced":{
        "Warn on Unsaved Changes":"Page Default"
      }
     ,"Source":{
        "Type":"Null"
       ,"Used":"Only when current value in session state is null"
      }
     ,"Session State":{
        "Data Type":"VARCHAR2"
       ,"Storage":"Per Request (Memory Only)"
      }
     ,"Security":{
        "Session State Protection":"Unrestricted"
       ,"Store value encrypted in session state":true
       ,"Restricted Characters":"All characters can be saved."
      }
    }
   ,{
      "id":"37730489616457642741"
     ,"Identification":{
        "Name":"P12_VARIANT_3_NAME"
       ,"Type":"Hidden"
      }
     ,"Settings":{
        "Value Protected":false
      }
     ,"Layout":{
        "Sequence":70
       ,"Region":"No Parent"
       ,"Position":"BODY"
      }
     ,"Advanced":{
        "Warn on Unsaved Changes":"Page Default"
      }
     ,"Source":{
        "Type":"Null"
       ,"Used":"Only when current value in session state is null"
      }
     ,"Session State":{
        "Data Type":"VARCHAR2"
       ,"Storage":"Per Request (Memory Only)"
      }
     ,"Security":{
        "Session State Protection":"Unrestricted"
       ,"Store value encrypted in session state":true
       ,"Restricted Characters":"All characters can be saved."
      }
    }
   ,{
      "id":"37730489940774642744"
     ,"Identification":{
        "Name":"P12_CATEGORY_ID"
       ,"Type":"Hidden"
      }
     ,"Settings":{
        "Value Protected":true
      }
     ,"Layout":{
        "Sequence":30
       ,"Region":"No Parent"
       ,"Position":"BODY"
      }
     ,"Advanced":{
        "Warn on Unsaved Changes":"Page Default"
      }
     ,"Source":{
        "Type":"Null"
       ,"Used":"Only when current value in session state is null"
      }
     ,"Session State":{
        "Data Type":"VARCHAR2"
       ,"Storage":"Per Session (Persistent)"
      }
     ,"Security":{
        "Session State Protection":"Unrestricted"
       ,"Store value encrypted in session state":true
       ,"Restricted Characters":"All characters can be saved."
      }
    }
   ,{
      "id":"37730490092793642745"
     ,"Identification":{
        "Name":"P12_PRODUCT_ID"
       ,"Type":"Hidden"
      }
     ,"Settings":{
        "Value Protected":true
      }
     ,"Layout":{
        "Sequence":40
       ,"Region":"No Parent"
       ,"Position":"BODY"
      }
     ,"Advanced":{
        "Warn on Unsaved Changes":"Page Default"
      }
     ,"Source":{
        "Type":"Null"
       ,"Used":"Only when current value in session state is null"
      }
     ,"Session State":{
        "Data Type":"VARCHAR2"
       ,"Storage":"Per Session (Persistent)"
      }
     ,"Security":{
        "Session State Protection":"Unrestricted"
       ,"Store value encrypted in session state":true
       ,"Restricted Characters":"All characters can be saved."
      }
    }
   ,{
      "id":"37730490521187642750"
     ,"Identification":{
        "Name":"P12_VARIANT_1"
       ,"Type":"Select List"
      }
     ,"Label":{
        "Label":"\u0026P12_VARIANT_1_NAME."
       ,"Alignment":"Left"
      }
     ,"Settings":{
        "Page Action on Selection":"None"
       ,"Allow Multi Selection":false
      }
     ,"Layout":{
        "Sequence":10
       ,"Region":"Select Product Variants (37730490389950642748)"
       ,"Position":"BODY"
       ,"Alignment":"Left"
       ,"Start New Layout":false
       ,"Start New Row":true
       ,"Column":"Automatic"
       ,"New Column":true
       ,"Column Span":"4"
       ,"Label Column Span":"Page Template Default"
      }
     ,"Appearance":{
        "Template":"Required - Above (19471880312432504303)"
       ,"Template Options":[
          "#DEFAULT#"
         ,"t-Form-fieldContainer--stretchInputs"
        ]
       ,"CSS Classes":[
          "variant-select"
        ]
       ,"Height":1
      }
     ,"Validation":{
        "Value Required":false
      }
     ,"List of Values":{
        "Type":"SQL Query"
       ,"SQL Query":"SELECT DISTINCT\n    variant_1 as display_value, variant_1 as return_value\nFROM\n    variant_stock\nWHERE\n    product_id = :P12_PRODUCT_ID;"
       ,"Display Extra Values":false
       ,"Display Null Value":true
      }
     ,"Advanced":{
        "Warn on Unsaved Changes":"Page Default"
      }
     ,"Source":{
        "Type":"Null"
       ,"Used":"Only when current value in session state is null"
      }
     ,"Session State":{
        "Storage":"Per Session (Persistent)"
      }
     ,"Quick Picks":{
        "Show Quick Picks":false
      }
     ,"Security":{
        "Session State Protection":"Unrestricted"
       ,"Store value encrypted in session state":true
       ,"Restricted Characters":"All characters can be saved."
      }
    }
   ,{
      "id":"38242822424166699901"
     ,"Identification":{
        "Name":"P12_VARIANT_2"
       ,"Type":"Select List"
      }
     ,"Label":{
        "Label":"\u0026P12_VARIANT_2_NAME."
       ,"Alignment":"Left"
      }
     ,"Settings":{
        "Page Action on Selection":"None"
       ,"Allow Multi Selection":false
      }
     ,"Layout":{
        "Sequence":20
       ,"Region":"Select Product Variants (37730490389950642748)"
       ,"Position":"BODY"
       ,"Alignment":"Left"
       ,"Start New Layout":false
       ,"Start New Row":false
       ,"Column":"Automatic"
       ,"New Column":true
       ,"Column Span":"Automatic"
       ,"Label Column Span":"Page Template Default"
      }
     ,"Appearance":{
        "Template":"Required - Above (19471880312432504303)"
       ,"Template Options":[
          "#DEFAULT#"
         ,"t-Form-fieldContainer--stretchInputs"
        ]
       ,"CSS Classes":[
          "variant-select"
        ]
       ,"Height":1
      }
     ,"Validation":{
        "Value Required":false
      }
     ,"List of Values":{
        "Type":"SQL Query"
       ,"SQL Query":"SELECT DISTINCT\n    variant_2 as display_value, variant_2 as return_value\nFROM\n    variant_stock\nWHERE\n    product_id = :P12_PRODUCT_ID\nAND\n    variant_1 = :P12_VARIANT_1;"
       ,"Display Extra Values":true
       ,"Display Null Value":true
      }
     ,"Cascading List of Values":{
        "Parent Item(s)":[
          "P12_VARIANT_1"
        ]
       ,"Parent Required":true
      }
     ,"Advanced":{
        "Warn on Unsaved Changes":"Page Default"
      }
     ,"Source":{
        "Type":"Null"
       ,"Used":"Only when current value in session state is null"
      }
     ,"Session State":{
        "Storage":"Per Session (Persistent)"
      }
     ,"Quick Picks":{
        "Show Quick Picks":false
      }
     ,"Security":{
        "Session State Protection":"Unrestricted"
       ,"Store value encrypted in session state":true
       ,"Restricted Characters":"All characters can be saved."
      }
    }
   ,{
      "id":"38242822569693699902"
     ,"Identification":{
        "Name":"P12_VARIANT_3"
       ,"Type":"Select List"
      }
     ,"Label":{
        "Label":"\u0026P12_VARIANT_3_NAME."
       ,"Alignment":"Left"
      }
     ,"Settings":{
        "Page Action on Selection":"None"
       ,"Allow Multi Selection":false
      }
     ,"Layout":{
        "Sequence":30
       ,"Region":"Select Product Variants (37730490389950642748)"
       ,"Position":"BODY"
       ,"Alignment":"Left"
       ,"Start New Layout":false
       ,"Start New Row":false
       ,"Column":"Automatic"
       ,"New Column":true
       ,"Column Span":"Automatic"
       ,"Label Column Span":"Page Template Default"
      }
     ,"Appearance":{
        "Template":"Required - Above (19471880312432504303)"
       ,"Template Options":[
          "#DEFAULT#"
         ,"t-Form-fieldContainer--stretchInputs"
        ]
       ,"CSS Classes":[
          "variant-select"
        ]
       ,"Height":1
      }
     ,"Validation":{
        "Value Required":false
      }
     ,"List of Values":{
        "Type":"SQL Query"
       ,"SQL Query":"SELECT DISTINCT\n    variant_3 as display_value, variant_3 as return_value\nFROM\n    variant_stock\nWHERE\n    product_id = :P12_PRODUCT_ID\n    AND variant_1 = :P12_VARIANT_1\n    AND variant_2 = :P12_VARIANT_2"
       ,"Display Extra Values":true
       ,"Display Null Value":true
      }
     ,"Cascading List of Values":{
        "Parent Item(s)":[
          "P12_VARIANT_2"
        ]
       ,"Parent Required":true
      }
     ,"Advanced":{
        "Warn on Unsaved Changes":"Page Default"
      }
     ,"Source":{
        "Type":"Null"
       ,"Used":"Only when current value in session state is null"
      }
     ,"Session State":{
        "Storage":"Per Session (Persistent)"
      }
     ,"Quick Picks":{
        "Show Quick Picks":false
      }
     ,"Security":{
        "Session State Protection":"Unrestricted"
       ,"Store value encrypted in session state":true
       ,"Restricted Characters":"All characters can be saved."
      }
    }
   ,{
      "id":"38242822610825699903"
     ,"Identification":{
        "Name":"P12_AVAILABLE_QUANTITY"
       ,"Type":"Display Only"
      }
     ,"Label":{
        "Label":"Stock Availability"
       ,"Alignment":"Left"
      }
     ,"Settings":{
        "Format":"Plain Text"
       ,"Based On":"Item Value"
       ,"Show Line Breaks":true
       ,"Send On Page Submit":false
      }
     ,"Layout":{
        "Sequence":40
       ,"Region":"Select Product Variants (37730490389950642748)"
       ,"Position":"BODY"
       ,"Alignment":"Left"
       ,"Start New Layout":false
       ,"Start New Row":true
       ,"Column":"Automatic"
       ,"New Column":true
       ,"Column Span":"Automatic"
       ,"Label Column Span":"Page Template Default"
      }
     ,"Appearance":{
        "Template":"Optional - Floating (19471879586967504303)"
       ,"Template Options":[
          "#DEFAULT#"
         ,"t-Form-fieldContainer--large"
         ,"t-Form-fieldContainer--radioButtonGroup"
        ]
       ,"CSS Classes":[
          "available-stock"
        ]
      }
     ,"Advanced":{
        "Warn on Unsaved Changes":"Page Default"
      }
     ,"Source":{
        "Type":"Null"
       ,"Used":"Only when current value in session state is null"
      }
     ,"Session State":{
        "Data Type":"VARCHAR2"
       ,"Storage":"Per Session (Persistent)"
      }
     ,"Security":{
        "Session State Protection":"Unrestricted"
       ,"Store value encrypted in session state":true
       ,"Restricted Characters":"All characters can be saved."
      }
    }
   ,{
      "id":"38242824608459699923"
     ,"Identification":{
        "Name":"P12_STOCK_ID"
       ,"Type":"Hidden"
      }
     ,"Settings":{
        "Value Protected":false
      }
     ,"Layout":{
        "Sequence":80
       ,"Region":"No Parent"
       ,"Position":"BODY"
      }
     ,"Advanced":{
        "Warn on Unsaved Changes":"Page Default"
      }
     ,"Source":{
        "Type":"Null"
       ,"Used":"Only when current value in session state is null"
      }
     ,"Session State":{
        "Data Type":"VARCHAR2"
       ,"Storage":"Per Session (Persistent)"
      }
     ,"Security":{
        "Session State Protection":"Unrestricted"
       ,"Store value encrypted in session state":true
       ,"Restricted Characters":"All characters can be saved."
      }
    }
   ,{
      "id":"38242825008727699927"
     ,"Identification":{
        "Name":"P12_SHOPPING_CART_ITEMS"
       ,"Type":"Hidden"
      }
     ,"Settings":{
        "Value Protected":false
      }
     ,"Layout":{
        "Sequence":90
       ,"Region":"No Parent"
       ,"Position":"BODY"
      }
     ,"Advanced":{
        "Warn on Unsaved Changes":"Page Default"
      }
     ,"Source":{
        "Type":"Null"
       ,"Used":"Only when current value in session state is null"
      }
     ,"Session State":{
        "Data Type":"VARCHAR2"
       ,"Storage":"Per Session (Persistent)"
      }
     ,"Security":{
        "Session State Protection":"Unrestricted"
       ,"Store value encrypted in session state":true
       ,"Restricted Characters":"All characters can be saved."
      }
    }
   ,{
      "id":"52184848725923530119"
     ,"Identification":{
        "Name":"P12_IS_REPLACEMENT"
       ,"Type":"Hidden"
      }
     ,"Settings":{
        "Value Protected":false
      }
     ,"Layout":{
        "Sequence":100
       ,"Region":"No Parent"
       ,"Position":"BODY"
      }
     ,"Advanced":{
        "Warn on Unsaved Changes":"Page Default"
      }
     ,"Source":{
        "Type":"Null"
       ,"Used":"Only when current value in session state is null"
      }
     ,"Default":{
        "Type":"Static"
       ,"Static Value":"0"
      }
     ,"Session State":{
        "Data Type":"VARCHAR2"
       ,"Storage":"Per Session (Persistent)"
      }
     ,"Security":{
        "Session State Protection":"Unrestricted"
       ,"Store value encrypted in session state":true
       ,"Restricted Characters":"All characters can be saved."
      }
    }
   ,{
      "id":"52184849169726530123"
     ,"Identification":{
        "Name":"P12_ORDER_ID"
       ,"Type":"Hidden"
      }
     ,"Settings":{
        "Value Protected":false
      }
     ,"Layout":{
        "Sequence":20
       ,"Region":"No Parent"
       ,"Position":"BODY"
      }
     ,"Advanced":{
        "Warn on Unsaved Changes":"Page Default"
      }
     ,"Source":{
        "Type":"Null"
       ,"Used":"Only when current value in session state is null"
      }
     ,"Session State":{
        "Data Type":"VARCHAR2"
       ,"Storage":"Per Session (Persistent)"
      }
     ,"Security":{
        "Session State Protection":"Unrestricted"
       ,"Store value encrypted in session state":true
       ,"Restricted Characters":"All characters can be saved."
      }
    }
   ,{
      "id":"52184849748699530129"
     ,"Identification":{
        "Name":"P12_CANCELLED_PROD_ID"
       ,"Type":"Hidden"
      }
     ,"Settings":{
        "Value Protected":false
      }
     ,"Layout":{
        "Sequence":110
       ,"Region":"No Parent"
       ,"Position":"BODY"
      }
     ,"Advanced":{
        "Warn on Unsaved Changes":"Page Default"
      }
     ,"Source":{
        "Type":"Null"
       ,"Used":"Only when current value in session state is null"
      }
     ,"Default":{
        "Type":"Static"
       ,"Static Value":"0"
      }
     ,"Session State":{
        "Data Type":"VARCHAR2"
       ,"Storage":"Per Session (Persistent)"
      }
     ,"Security":{
        "Session State Protection":"Unrestricted"
       ,"Store value encrypted in session state":true
       ,"Restricted Characters":"All characters can be saved."
      }
    }
   ,{
      "id":"61086700182270214968"
     ,"Identification":{
        "Name":"P12_QUANTITY"
       ,"Type":"Number Field"
      }
     ,"Label":{
        "Alignment":"Left"
      }
     ,"Settings":{
        "Minimum Value":0
       ,"Number Alignment":"Center"
       ,"Virtual Keyboard":"Decimal"
      }
     ,"Layout":{
        "Sequence":20
       ,"Region":"Choose Quantity (66311371068282072357)"
       ,"Position":"BODY"
       ,"Alignment":"Left"
       ,"Start New Layout":false
       ,"Start New Row":false
       ,"Column":"Automatic"
       ,"New Column":true
       ,"Column Span":"Automatic"
       ,"Label Column Span":"Page Template Default"
      }
     ,"Appearance":{
        "Width":5
       ,"Value Placeholder":"Quantity"
      }
     ,"Validation":{
        "Value Required":true
      }
     ,"Advanced":{
        "CSS Classes":[
          "prod-qunatity"
        ]
       ,"Warn on Unsaved Changes":"Ignore"
      }
     ,"Source":{
        "Type":"Null"
       ,"Used":"Only when current value in session state is null"
      }
     ,"Session State":{
        "Storage":"Per Session (Persistent)"
      }
     ,"Quick Picks":{
        "Show Quick Picks":false
      }
     ,"Security":{
        "Session State Protection":"Unrestricted"
       ,"Store value encrypted in session state":true
       ,"Restricted Characters":"All characters can be saved."
      }
    }
  ]
 ,"Buttons":[
    {
      "id":"38242824382397699920"
     ,"Identification":{
        "Button Name":"Add_To_Shopping_Cart"
       ,"Label":"Add To Shopping Cart"
      }
     ,"Layout":{
        "Sequence":20
       ,"Region":"Actions (38242824233266699919)"
       ,"Position":"CREATE"
       ,"Start New Layout":false
       ,"Start New Row":true
       ,"Column":"Automatic"
       ,"New Column":true
       ,"Column Span":"Automatic"
      }
     ,"Appearance":{
        "Button Template":"Text (19471882000429504304)"
       ,"Hot":true
       ,"Template Options":[
          "#DEFAULT#"
        ]
       ,"CSS Classes":[
          "action-btn"
        ]
      }
     ,"Behavior":{
        "Action":"Submit Page"
       ,"Execute Validations":true
       ,"Warn on Unsaved Changes":"Do Not Check"
      }
     ,"Server-side Condition":{
        "Type":"Item = Value"
       ,"Item":"P12_IS_REPLACEMENT"
       ,"Value":"0"
      }
    }
   ,{
      "id":"38242824406308699921"
     ,"Identification":{
        "Button Name":"Cancel"
       ,"Label":"Cancel"
      }
     ,"Layout":{
        "Sequence":10
       ,"Region":"Actions (38242824233266699919)"
       ,"Position":"CLOSE"
       ,"Start New Layout":false
       ,"Start New Row":true
       ,"Column":"Automatic"
       ,"New Column":true
       ,"Column Span":"Automatic"
      }
     ,"Appearance":{
        "Button Template":"Text (19471882000429504304)"
       ,"Hot":false
       ,"Template Options":[
          "#DEFAULT#"
        ]
       ,"CSS Classes":[
          "action-btn"
        ]
      }
     ,"Behavior":{
        "Action":"Submit Page"
       ,"Execute Validations":false
       ,"Warn on Unsaved Changes":"Do Not Check"
      }
    }
   ,{
      "id":"38265237261510076443"
     ,"Identification":{
        "Button Name":"Decrement_quantity"
       ,"Label":"Decrement Quantity"
      }
     ,"Layout":{
        "Sequence":10
       ,"Region":"Choose Quantity (66311371068282072357)"
       ,"Position":"BODY"
       ,"Start New Layout":false
       ,"Start New Row":true
       ,"Column":"Automatic"
       ,"New Column":true
       ,"Column Span":"2"
       ,"Alignment":"Left center"
      }
     ,"Appearance":{
        "Button Template":"Icon (19471881378436504304)"
       ,"Hot":false
       ,"Template Options":[
          "#DEFAULT#"
         ,"t-Button--noUI"
         ,"t-Button--hoverIconPush"
        ]
       ,"CSS Classes":[
          "quantity-btn"
        ]
       ,"Icon":"fa-minus"
      }
     ,"Behavior":{
        "Action":"Defined by Dynamic Action"
       ,"Execute Validations":true
      }
     ,"Advanced":{
        "Static ID":"decrement_quantity"
      }
    }
   ,{
      "id":"38265237699295076444"
     ,"Identification":{
        "Button Name":"Increment_quantity"
       ,"Label":"Increment Quantity"
      }
     ,"Layout":{
        "Sequence":30
       ,"Region":"Choose Quantity (66311371068282072357)"
       ,"Position":"BODY"
       ,"Start New Layout":false
       ,"Start New Row":false
       ,"Column":"Automatic"
       ,"New Column":true
       ,"Column Span":"2"
       ,"Alignment":"Left center"
      }
     ,"Appearance":{
        "Button Template":"Icon (19471881378436504304)"
       ,"Hot":false
       ,"Template Options":[
          "#DEFAULT#"
         ,"t-Button--noUI"
        ]
       ,"CSS Classes":[
          "quantity-btn"
        ]
       ,"Icon":"fa-plus"
      }
     ,"Behavior":{
        "Action":"Defined by Dynamic Action"
       ,"Execute Validations":true
      }
     ,"Advanced":{
        "Static ID":"increment_quantity"
      }
    }
   ,{
      "id":"52184848640028530118"
     ,"Identification":{
        "Button Name":"Add_To_Order"
       ,"Label":"Add To Order"
      }
     ,"Layout":{
        "Sequence":30
       ,"Region":"Actions (38242824233266699919)"
       ,"Position":"CREATE"
       ,"Start New Layout":false
       ,"Start New Row":true
       ,"Column":"Automatic"
       ,"New Column":true
       ,"Column Span":"Automatic"
      }
     ,"Appearance":{
        "Button Template":"Text (19471882000429504304)"
       ,"Hot":true
       ,"Template Options":[
          "#DEFAULT#"
        ]
       ,"CSS Classes":[
          "action-btn"
        ]
      }
     ,"Behavior":{
        "Action":"Submit Page"
       ,"Execute Validations":true
       ,"Warn on Unsaved Changes":"Do Not Check"
      }
     ,"Server-side Condition":{
        "Type":"Item = Value"
       ,"Item":"P12_IS_REPLACEMENT"
       ,"Value":"1"
      }
    }
  ]
 ,"Dynamic Actions":[
    {
      "id":"38242822708186699904"
     ,"Identification":{
        "Name":"Fetch variants names"
      }
     ,"Execution":{
        "Sequence":10
      }
     ,"When":{
        "Event":"EVENT.EVENT.BROWSER.READY"
      }
     ,"Execution":{
        "Event Scope":"Static"
      }
     ,"Actions":[
        {
          "id":"38242822836152699905"
         ,"Identification":{
            "Action":"Execute Server-side Code"
          }
         ,"Settings":{
            "Language":"PE.PROPERTY.SOURCE_SNIPPET_LANG.LOV.PLSQL.D"
           ,"PL\/SQL Code":"MANAGE_PRODUCTS.get_variants(\n    :P12_CATEGORY_ID, \n    :P12_VARIANT_1_NAME, \n    :P12_VARIANT_2_NAME, \n    :P12_VARIANT_3_NAME\n);"
           ,"Items to Submit":[
              "P12_CATEGORY_ID"
            ]
           ,"Items to Return":[
              "P12_VARIANT_1_NAME"
             ,"P12_VARIANT_2_NAME"
             ,"P12_VARIANT_3_NAME"
            ]
           ,"Suppress Change Event":false
          }
         ,"Execution":{
            "Sequence":10
           ,"Event":"Fetch variants names (38242822708186699904)"
           ,"Fire When Event Result Is":"True"
           ,"Fire on Initialization":false
           ,"Stop Execution On Error":true
           ,"Wait For Result":true
          }
        }
       ,{
          "id":"38242823066644699907"
         ,"Identification":{
            "Action":"Execute JavaScript Code"
          }
         ,"Settings":{
            "Code":"$s(\"P12_VARIANT_1_LABEL\", $v(\"P12_VARIANT_1_NAME\"));\n$s(\"P12_VARIANT_2_LABEL\", $v(\"P12_VARIANT_2_NAME\"));\n$s(\"P12_VARIANT_3_LABEL\", $v(\"P12_VARIANT_3_NAME\"));"
          }
         ,"Execution":{
            "Sequence":20
           ,"Event":"Fetch variants names (38242822708186699904)"
           ,"Fire When Event Result Is":"True"
           ,"Fire on Initialization":false
          }
        }
      ]
    }
   ,{
      "id":"38242823194135699908"
     ,"Identification":{
        "Name":"Get Max Stock"
      }
     ,"Execution":{
        "Sequence":20
      }
     ,"When":{
        "Event":"EVENT.EVENT.BROWSER.CHANGE"
       ,"Selection Type":"Item(s)"
       ,"Item(s)":[
          "P12_VARIANT_3"
        ]
      }
     ,"Client-side Condition":{
        "Type":"Item is not null"
       ,"Item":"P12_VARIANT_3"
      }
     ,"Execution":{
        "Event Scope":"Static"
       ,"Type":"Immediate"
      }
     ,"Actions":[
        {
          "id":"38242823237862699909"
         ,"Identification":{
            "Action":"Set Value"
          }
         ,"Settings":{
            "Set Type":"SQL Statement"
           ,"SQL Statement":"SELECT \n    STOCK_QUANTITY\nFROM\n    VARIANT_STOCK\nWHERE\n    product_id = :P12_PRODUCT_ID\n    AND VARIANT_1 = :P12_VARIANT_1\n    AND VARIANT_2 = :P12_VARIANT_2\n    AND VARIANT_3 = :P12_VARIANT_3;"
           ,"Items to Submit":[
              "P12_PRODUCT_ID"
             ,"P12_VARIANT_1"
             ,"P12_VARIANT_2"
             ,"P12_VARIANT_3"
            ]
           ,"Escape Special Characters":true
           ,"Suppress Change Event":false
          }
         ,"Affected Elements":{
            "Selection Type":"Item(s)"
           ,"Item(s)":[
              "P12_AVAILABLE_QUANTITY"
            ]
          }
         ,"Execution":{
            "Sequence":20
           ,"Event":"Get Max Stock (38242823194135699908)"
           ,"Fire When Event Result Is":"True"
           ,"Fire on Initialization":true
           ,"Stop Execution On Error":true
           ,"Wait For Result":true
          }
        }
       ,{
          "id":"38242823378333699910"
         ,"Identification":{
            "Action":"Refresh"
          }
         ,"Affected Elements":{
            "Selection Type":"Item(s)"
           ,"Item(s)":[
              "P12_AVAILABLE_QUANTITY"
            ]
          }
         ,"Execution":{
            "Sequence":30
           ,"Event":"Get Max Stock (38242823194135699908)"
           ,"Fire When Event Result Is":"True"
           ,"Fire on Initialization":false
          }
        }
       ,{
          "id":"38242824088185699917"
         ,"Identification":{
            "Action":"Show"
          }
         ,"Affected Elements":{
            "Selection Type":"Item(s)"
           ,"Item(s)":[
              "P12_AVAILABLE_QUANTITY"
            ]
          }
         ,"Execution":{
            "Sequence":40
           ,"Event":"Get Max Stock (38242823194135699908)"
           ,"Fire When Event Result Is":"True"
           ,"Fire on Initialization":false
          }
        }
       ,{
          "id":"38242824785138699924"
         ,"Identification":{
            "Action":"Set Value"
          }
         ,"Settings":{
            "Set Type":"PL\/SQL Function Body"
           ,"PL\/SQL Function Body":"DECLARE\n    l_stock_id number;\nBEGIN  \n    SELECT \n        stock_id\n    INTO \n        l_stock_id\n    FROM\n        variant_stock\n    WHERE\n        variant_1 = :P12_VARIANT_1\n        AND variant_2 = :P12_VARIANT_2\n        AND variant_3 = :P12_VARIANT_3\n        AND product_id = :P12_PRODUCT_ID;\n\n    RETURN l_stock_id;\nEND;"
           ,"Items to Submit":[
              "P12_VARIANT_1"
             ,"P12_VARIANT_2"
             ,"P12_VARIANT_3"
             ,"P12_PRODUCT_ID"
            ]
           ,"Escape Special Characters":true
           ,"Suppress Change Event":false
          }
         ,"Affected Elements":{
            "Selection Type":"Item(s)"
           ,"Item(s)":[
              "P12_STOCK_ID"
            ]
          }
         ,"Execution":{
            "Sequence":10
           ,"Event":"Get Max Stock (38242823194135699908)"
           ,"Fire When Event Result Is":"True"
           ,"Fire on Initialization":true
           ,"Stop Execution On Error":true
           ,"Wait For Result":true
          }
        }
      ]
    }
   ,{
      "id":"38242823478679699911"
     ,"Identification":{
        "Name":"Hide items"
      }
     ,"Execution":{
        "Sequence":30
      }
     ,"When":{
        "Event":"EVENT.EVENT.BROWSER.READY"
      }
     ,"Execution":{
        "Event Scope":"Static"
      }
     ,"Actions":[
        {
          "id":"38242823560738699912"
         ,"Identification":{
            "Action":"Hide"
          }
         ,"Affected Elements":{
            "Selection Type":"Item(s)"
           ,"Item(s)":[
              "P12_AVAILABLE_QUANTITY"
            ]
          }
         ,"Execution":{
            "Sequence":10
           ,"Event":"Hide items (38242823478679699911)"
           ,"Fire When Event Result Is":"True"
           ,"Fire on Initialization":true
          }
        }
      ]
    }
   ,{
      "id":"38285179323850355519"
     ,"Identification":{
        "Name":"Increment Quantity "
      }
     ,"Execution":{
        "Sequence":40
      }
     ,"When":{
        "Event":"EVENT.EVENT.BROWSER.CLICK"
       ,"Selection Type":"Button"
       ,"Button":"Increment_quantity (38265237699295076444)"
      }
     ,"Execution":{
        "Event Scope":"Static"
       ,"Type":"Immediate"
      }
     ,"Actions":[
        {
          "id":"38285179788322355520"
         ,"Identification":{
            "Action":"Execute JavaScript Code"
          }
         ,"Settings":{
            "Code":"if($v(\"P12_QUANTITY\") === \"\" \u0026\u0026 $v(\"P12_VARIANT_3\") !== \"\") {\n    $s(\"P12_QUANTITY\", \"1\");\n}else if($v(\"P12_VARIANT_3\") === \"\"){\n    apex.message.showErrors([\n    {\n        type:       \"error\",\n        location:   [ \"page\" ],\n        message:    \"Variants are required before Choosing quantity\",\n        unsafe:     false\n    },\n]);\nsetTimeout(apex.message.clearErrors, 3000);\n}else if(parseInt($v(\"P12_QUANTITY\")) \u003C parseInt($v(\"P12_AVAILABLE_QUANTITY\"))){\n    $s(\"P12_QUANTITY\", parseInt($v(\"P12_QUANTITY\")) + 1);\n}\n"
          }
         ,"Execution":{
            "Sequence":10
           ,"Event":"Increment Quantity  (38285179323850355519)"
           ,"Fire When Event Result Is":"True"
           ,"Fire on Initialization":false
          }
        }
      ]
    }
   ,{
      "id":"38286384538530663607"
     ,"Identification":{
        "Name":"Decrement Quantity"
      }
     ,"Execution":{
        "Sequence":50
      }
     ,"When":{
        "Event":"EVENT.EVENT.BROWSER.CLICK"
       ,"Selection Type":"Button"
       ,"Button":"Decrement_quantity (38265237261510076443)"
      }
     ,"Execution":{
        "Event Scope":"Static"
       ,"Type":"Immediate"
      }
     ,"Actions":[
        {
          "id":"38286384974202663608"
         ,"Identification":{
            "Action":"Execute JavaScript Code"
          }
         ,"Settings":{
            "Code":"$s(\"P12_QUANTITY\", parseInt($v(\"P12_QUANTITY\")) - 1);\n"
          }
         ,"Execution":{
            "Sequence":10
           ,"Event":"Decrement Quantity (38286384538530663607)"
           ,"Fire When Event Result Is":"True"
           ,"Fire on Initialization":false
          }
         ,"Client-side Condition":{
            "Type":"Item \u003E Value"
           ,"Item":"P12_QUANTITY"
           ,"Value":"1"
          }
        }
      ]
    }
   ,{
      "id":"42879123696500839715"
     ,"Identification":{
        "Name":"disable add to cart button "
      }
     ,"Execution":{
        "Sequence":60
      }
     ,"When":{
        "Event":"EVENT.EVENT.BROWSER.CHANGE"
       ,"Selection Type":"Item(s)"
       ,"Item(s)":[
          "P12_AVAILABLE_QUANTITY"
        ]
      }
     ,"Client-side Condition":{
        "Type":"Item = Value"
       ,"Item":"P12_AVAILABLE_QUANTITY"
       ,"Value":"0"
      }
     ,"Execution":{
        "Event Scope":"Static"
       ,"Type":"Immediate"
      }
     ,"Actions":[
        {
          "id":"42879123754598839716"
         ,"Identification":{
            "Action":"Execute JavaScript Code"
          }
         ,"Settings":{
            "Code":"$(\"#B38242824382397699920\").attr(\"disabled\", true);"
          }
         ,"Affected Elements":{
            "Selection Type":"Button"
           ,"Button":"Add_To_Shopping_Cart (38242824382397699920)"
          }
         ,"Execution":{
            "Sequence":10
           ,"Event":"disable add to cart button  (42879123696500839715)"
           ,"Fire When Event Result Is":"True"
           ,"Fire on Initialization":false
          }
        }
       ,{
          "id":"42879124001215839719"
         ,"Identification":{
            "Action":"Execute JavaScript Code"
          }
         ,"Settings":{
            "Code":"$(\"#B38242824382397699920\").attr(\"disabled\", false);"
          }
         ,"Affected Elements":{
            "Selection Type":"Button"
           ,"Button":"Add_To_Shopping_Cart (38242824382397699920)"
          }
         ,"Execution":{
            "Sequence":10
           ,"Event":"disable add to cart button  (42879123696500839715)"
           ,"Fire When Event Result Is":"False"
           ,"Fire on Initialization":false
          }
        }
      ]
    }
  ]
 ,"Processes":[
    {
      "id":"38242824585166699922"
     ,"Identification":{
        "Name":"Add To Shopping Cart"
       ,"Type":"Execute Code"
       ,"Execution Chain":"None"
      }
     ,"Source":{
        "Location":"Local Database"
       ,"Language":"PL\/SQL"
       ,"PL\/SQL Code":"MANAGE_ORDERS.add_product(\n    :P12_PRODUCT_ID, \n    :P12_QUANTITY, \n    :P12_STOCK_ID, \n    :P12_VARIANT_1_NAME, \n    :P12_VARIANT_2_NAME, \n    :P12_VARIANT_3_NAME\n);"
      }
     ,"Execution":{
        "Sequence":10
       ,"Point":"Processing"
       ,"Run Process":"Once Per Page Visit (default)"
      }
     ,"Success Message":{
        "Success Message":"Added To Shopping Cart ! "
      }
     ,"Error":{
        "Display Location":"Inline in Notification"
      }
     ,"Server-side Condition":{
        "When Button Pressed":"Add_To_Shopping_Cart (38242824382397699920)"
      }
    }
   ,{
      "id":"38242824877360699925"
     ,"Identification":{
        "Name":"Close"
       ,"Type":"Close Dialog"
       ,"Execution Chain":"None"
      }
     ,"Settings":{
        "Items to Return ":[
          "P12_SHOPPING_CART_ITEMS"
        ]
      }
     ,"Execution":{
        "Sequence":40
       ,"Point":"Processing"
       ,"Run Process":"Once Per Page Visit (default)"
      }
     ,"Error":{
        "Display Location":"Inline in Notification"
      }
    }
   ,{
      "id":"38242824949331699926"
     ,"Identification":{
        "Name":"Update shopping  cart header"
       ,"Type":"Execute Code"
       ,"Execution Chain":"None"
      }
     ,"Source":{
        "Location":"Local Database"
       ,"Language":"PL\/SQL"
       ,"PL\/SQL Code":":P12_SHOPPING_CART_ITEMS := MANAGE_ORDERS.get_quantity;"
      }
     ,"Execution":{
        "Sequence":20
       ,"Point":"Processing"
       ,"Run Process":"Once Per Page Visit (default)"
      }
     ,"Error":{
        "Display Location":"Inline in Notification"
      }
     ,"Server-side Condition":{
        "When Button Pressed":"Add_To_Shopping_Cart (38242824382397699920)"
      }
    }
   ,{
      "id":"52184849347423530125"
     ,"Identification":{
        "Name":"Replace Order Item"
       ,"Type":"Execute Code"
       ,"Execution Chain":"None"
      }
     ,"Source":{
        "Location":"Local Database"
       ,"Language":"PL\/SQL"
       ,"PL\/SQL Code":"MANAGE_ORDERS.replace_item_in_order (\n    :P12_ORDER_ID,\n    :P12_PRODUCT_ID,\n    :P12_CANCELLED_PROD_ID, \n    :P12_QUANTITY, \n    :P12_STOCK_ID\n);"
      }
     ,"Execution":{
        "Sequence":30
       ,"Point":"Processing"
       ,"Run Process":"Once Per Page Visit (default)"
      }
     ,"Error":{
        "Display Location":"Inline in Notification"
      }
     ,"Server-side Condition":{
        "When Button Pressed":"Add_To_Order (52184848640028530118)"
      }
    }
  ]
}
