{
  "id":"9"
 ,"Identification":{
    "Name":"Order Details"
   ,"Alias":"ORDER-DETAILS"
   ,"Title":"Order Details"
  }
 ,"Appearance":{
    "Page Mode":"Modal Dialog"
   ,"Dialog Template":"Theme Default"
   ,"Template Options":[
      "#DEFAULT#"
    ]
  }
 ,"Dialog":{
    "Width":"1200"
   ,"Chained":true
  }
 ,"Navigation Menu":{
    "Override User Interface Level":false
  }
 ,"Navigation":{
    "Cursor Focus":"Do not focus cursor"
   ,"Warn on Unsaved Changes":true
  }
 ,"CSS":{
    "File URLs":[
      "#APP_FILES#Styling\/main_style#MIN#.css"
    ]
   ,"Inline":".status-col {\n    display: flex;\n    justify-content: center;\n}\n\n.status {\n    background-color: var(--fouth-color);\n    border-radius: 10px;\n    color: var(--first-color);\n    font-family: var(--regular-text-font);\n    width: 50%;\n    text-align: center;\n}\n\n\n.side-card {\n    width: fit-content !important;\n    border: 2px solid var(--first-color);\n    box-shadow: 0 1px 1px var(--third-color);\n    border-radius: 10px;\n    transition: all 0.3s ease;\n}\n\n\n.side-card:hover {\n    transform: translateY(-5px);\n}\n\n.side-card-title {\n    padding: 10px;\n    font-family: var(--secondary-header-font);\n}\n\n.side-card-subtitle {\n    font-family: var(--regular-text-font);\n}\n.side-card-subtitle \u003E span {\n    font-weight: bold;\n}\n\n.side-card-body {\n    font-family: var(--regular-text-font);\n}\n\n.side-card-img {\n    background-color: var(--second-color);\n}\n\n.side-card-body \u003E span {\n    font-weight: bold;\n}\n"
  }
 ,"Security":{
    "Authentication":"Page Requires Authentication"
   ,"Deep Linking":"Application Default"
   ,"Page Access Protection":"Arguments Must Have Checksum"
   ,"Form Auto Complete":"Off"
   ,"Browser Cache":"Application Default"
  }
 ,"Session Management":{
    "Rejoin Sessions":"Application Default"
  }
 ,"Advanced":{
    "Enable duplicate page submissions":"Yes - Enable page to be re-posted"
   ,"Reload on Submit":"Only for Success"
  }
 ,"Server Cache":{
    "Caching":"Disabled"
  }
 ,"Regions":[
    {
      "id":"31844241052466335633"
     ,"Identification":{
        "Title":"Products In Order"
       ,"Type":"Cards"
      }
     ,"Source":{
        "Location":"Local Database"
       ,"Type":"Function Body returning SQL Query"
       ,"Language":"PL\/SQL"
       ,"PL\/SQL Function Body returning SQL Query":"BEGIN\n    IF :P9_ORDER_STATUS = \u0027Cancelled\u0027 THEN \n        return q\u0027~\n        SELECT\n            i.ORDER_ID,\n            i.LINE_ITEM_ID,\n            i.PRODUCT_ID,\n            i.UNIT_PRICE,\n            i.QUANTITY,\n            i.stock_id,\n            p.product_name,\n            i.item_status,\n            pr.image\n        FROM\n            ORDER_ITEMS i\n        JOIN\n            product p ON i.product_id = p.product_id\n        JOIN\n            (\n                SELECT\n                    pi.product_id,\n                    pi.image\n                FROM\n                    (\n                        SELECT\n                            product_id,\n                            image,\n                            ROW_NUMBER() OVER (PARTITION BY product_id ORDER BY image_id) AS rn\n                        FROM\n                            product_images\n                    ) pi\n                WHERE\n                    pi.rn = 1\n            ) pr ON p.product_id = pr.product_id\n        WHERE\n            i.order_id = :P9_ORDER_ID\n        ~\u0027;\n    ELSE \n        return q\u0027~\n        SELECT\n            i.ORDER_ID,\n            i.LINE_ITEM_ID,\n            i.PRODUCT_ID,\n            i.UNIT_PRICE,\n            i.QUANTITY,\n            i.stock_id,\n            p.product_name,\n            i.item_status,\n            pr.image\n        FROM\n            ORDER_ITEMS i\n        JOIN\n            product p ON i.product_id = p.product_id\n        JOIN\n            (\n                SELECT\n                    pi.product_id,\n                    pi.image\n                FROM\n                    (\n                        SELECT\n                            product_id,\n                            image,\n                            ROW_NUMBER() OVER (PARTITION BY product_id ORDER BY image_id) AS rn\n                        FROM\n                            product_images\n                    ) pi\n                WHERE\n                    pi.rn = 1\n            ) pr ON p.product_id = pr.product_id\n        WHERE\n            i.order_id = :P9_ORDER_ID\n            AND (UPPER(i.is_replaced) = \u0027NO\u0027 OR i.is_replaced IS NULL);\n\n\n        ~\u0027;\n    END IF;\nEND;"
       ,"Page Items to Submit":[
          "P9_ORDER_ID"
         ,"P9_ORDER_STATUS"
        ]
      }
     ,"Layout":{
        "Sequence":30
       ,"Parent Region":"No Parent"
       ,"Position":"BODY"
       ,"Start New Layout":false
       ,"Start New Row":true
       ,"Column":"Automatic"
       ,"New Column":true
       ,"Column Span":"Automatic"
      }
     ,"Appearance":{
        "Template":"Cards Container (19471549395551504237)"
       ,"Template Options":[
          "#DEFAULT#"
         ,"t-CardsRegion--styleA"
        ]
       ,"Render Components":"Above Content"
      }
     ,"Accessibility":{
        "Use Landmark":true
       ,"Landmark Type":"Template Default"
      }
     ,"Advanced":{
        "Region Display Selector":false
       ,"Exclude Title from Translation":false
      }
     ,"Server Cache":{
        "Caching":"Disabled"
      }
     ,"Customization":{
        "Customizable":"Not Customizable By End Users"
      }
     ,"Attributes":{
        "id":"50516533085272306425"
       ,"Appearance":{
          "Layout":"Horizontal (Row)"
        }
       ,"Card":{
          "CSS Classes":[
            "side-card"
          ]
         ,"Primary Key Column 1":"LINE_ITEM_ID"
        }
       ,"Title":{
          "Advanced Formatting":true
         ,"HTML Expression":"\u003Ch4 class=\"side-card-title\"\u003E\u0026QUANTITY. \u0026PRODUCT_NAME.\u003C\/h4\u003E"
        }
       ,"Subtitle":{
          "Advanced Formatting":true
         ,"HTML Expression":"\u003Cp class=\"side-card-subtitle\"\u003EItem Status : \u003Cspan\u003E \u0026ITEM_STATUS. \u003C\/span\u003E\u003C\/p\u003E"
        }
       ,"Body":{
          "Advanced Formatting":false
        }
       ,"Secondary Body":{
          "Advanced Formatting":false
        }
       ,"Icon and Badge":{
          "Icon Source":"Image BLOB Column"
         ,"Image Column":"IMAGE"
         ,"Icon Position":"Start"
        }
       ,"Media":{
          "Advanced Formatting":false
         ,"Source":"No Media"
        }
       ,"Performance":{
          "Lazy Loading":false
        }
       ,"Pagination":{
          "Type":"Scroll"
         ,"Show Total Count":false
        }
       ,"Actions":[
          {
            "id":"50516535287440306447"
           ,"Identification":{
              "Type":"Button"
             ,"Label":"Replace Product"
            }
           ,"Layout":{
              "Position":"Primary"
             ,"Sequence":10
            }
           ,"Link":{
              "Type":"Redirect to Page in this Application"
             ,"Target":{
                "url":"f?p=\u0026APP_ID.:20:\u0026SESSION.::\u0026DEBUG.:20:P20_CANCELLED_PRODUCT_ID,P20_CANCELLED_PRODUCT_NAME,P20_CANCELLED_PRODUCT_STOCK,P20_ORDER_ID:\u0026PRODUCT_ID.,\u0026PRODUCT_NAME.,\u0026STOCK_ID.,\u0026ORDER_ID."
               ,"Page":"20"
               ,"Clear Cache":"20"
               ,"Values":{
                  "P20_CANCELLED_PRODUCT_ID":"\u0026PRODUCT_ID."
                 ,"P20_CANCELLED_PRODUCT_NAME":"\u0026PRODUCT_NAME."
                 ,"P20_CANCELLED_PRODUCT_STOCK":"\u0026STOCK_ID."
                 ,"P20_ORDER_ID":"\u0026ORDER_ID."
                }
              }
            }
           ,"Appearance":{
              "Display Type":"Text with Icon"
             ,"Icon":"fa-exchange"
             ,"Hot":true
            }
           ,"Server-side Condition":{
              "Type":"Function Body"
             ,"Language":"PL\/SQL"
             ,"PL\/SQL Function Body":"DECLARE\n    l_currnet_decision VARCHAR2(250 CHAR);\n    l_current_status VARCHAR2(250 CHAR);\nBEGIN\n    SELECT order_status, customer_decision\n    INTO l_current_status, l_currnet_decision\n    FROM orders\n    WHERE order_id = :P9_ORDER_ID;\n\n    IF l_current_status = \u0027Partially Declined\u0027 AND l_currnet_decision = \u0027On Hold\u0027  AND :ITEM_STATUS = \u0027Cancelled\u0027 THEN \n        RETURN TRUE;\n    ELSE \n        RETURN FALSE;\n    END IF;\nEND;"
             ,"Execute Condition":"For Each Row"
            }
          }
        ]
      }
    }
   ,{
      "id":"50516533503328306430"
     ,"Identification":{
        "Title":"Buyer Actions"
       ,"Type":"Static Content"
      }
     ,"Layout":{
        "Sequence":40
       ,"Parent Region":"No Parent"
       ,"Position":"BODY"
       ,"Start New Layout":false
       ,"Start New Row":true
       ,"Column":"Automatic"
       ,"New Column":true
       ,"Column Span":"Automatic"
      }
     ,"Appearance":{
        "Template":"Standard (19471808805460504264)"
       ,"Template Options":[
          "#DEFAULT#"
         ,"t-Region--removeHeader js-removeLandmark"
         ,"t-Region--stacked"
         ,"t-Region--scrollBody"
        ]
       ,"Render Components":"Above Content"
      }
     ,"Accessibility":{
        "Use Landmark":true
       ,"Landmark Type":"Template Default"
      }
     ,"Advanced":{
        "Region Display Selector":false
       ,"Exclude Title from Translation":false
      }
     ,"Server-side Condition":{
        "Type":"Function Body"
       ,"Language":"PL\/SQL"
       ,"PL\/SQL Function Body":"DECLARE\n    l_currnet_decision VARCHAR2(250 CHAR);\n    l_current_status VARCHAR2(250 CHAR);\nBEGIN\n    SELECT order_status, customer_decision\n    INTO l_current_status, l_currnet_decision\n    FROM orders\n    WHERE order_id = :P9_ORDER_ID;\n\n    IF l_current_status = \u0027Partially Declined\u0027 AND l_currnet_decision = \u0027On Hold\u0027 THEN \n        RETURN TRUE;\n    ELSE \n        RETURN FALSE;\n    END IF;\nEND;"
      }
     ,"Server Cache":{
        "Caching":"Disabled"
      }
     ,"Customization":{
        "Customizable":"Not Customizable By End Users"
      }
     ,"Attributes":{
        "Settings":{
          "Output As":"HTML"
         ,"Expand Shortcuts":false
        }
      }
    }
  ]
 ,"Page Items":[
    {
      "id":"31844241231386335635"
     ,"Identification":{
        "Name":"P9_ORDER_ID"
       ,"Type":"Hidden"
      }
     ,"Settings":{
        "Value Protected":true
      }
     ,"Layout":{
        "Sequence":10
       ,"Region":"No Parent"
       ,"Position":"BODY"
      }
     ,"Advanced":{
        "Warn on Unsaved Changes":"Page Default"
      }
     ,"Source":{
        "Type":"Null"
       ,"Used":"Only when current value in session state is null"
      }
     ,"Session State":{
        "Data Type":"VARCHAR2"
       ,"Storage":"Per Request (Memory Only)"
      }
     ,"Security":{
        "Session State Protection":"Unrestricted"
       ,"Store value encrypted in session state":true
       ,"Restricted Characters":"All characters can be saved."
      }
    }
   ,{
      "id":"50516532933516306424"
     ,"Identification":{
        "Name":"P9_ORDER_STATUS"
       ,"Type":"Display Only"
      }
     ,"Label":{
        "Label":"Order Status"
       ,"Alignment":"Left"
      }
     ,"Settings":{
        "Format":"Plain Text"
       ,"Based On":"Item Value"
       ,"Show Line Breaks":true
       ,"Send On Page Submit":true
      }
     ,"Layout":{
        "Sequence":20
       ,"Region":"No Parent"
       ,"Position":"BODY"
       ,"Alignment":"Left"
       ,"Start New Layout":false
       ,"Start New Row":true
       ,"Row CSS Classes":[
          "status-row"
        ]
       ,"Column":"Automatic"
       ,"New Column":true
       ,"Column Span":"Automatic"
       ,"Label Column Span":"Page Template Default"
       ,"Column CSS Classes":[
          "status-col"
        ]
      }
     ,"Appearance":{
        "Template":"Hidden (19471879237081504302)"
       ,"Template Options":[
          "#DEFAULT#"
         ,"t-Form-fieldContainer--stretchInputs"
         ,"margin-bottom-lg"
        ]
       ,"CSS Classes":[
          "status"
        ]
      }
     ,"Advanced":{
        "Warn on Unsaved Changes":"Page Default"
      }
     ,"Source":{
        "Type":"Null"
       ,"Used":"Only when current value in session state is null"
      }
     ,"Session State":{
        "Data Type":"VARCHAR2"
       ,"Storage":"Per Session (Persistent)"
      }
     ,"Security":{
        "Session State Protection":"Unrestricted"
       ,"Store value encrypted in session state":true
       ,"Restricted Characters":"All characters can be saved."
      }
    }
  ]
 ,"Buttons":[
    {
      "id":"50516533698049306431"
     ,"Identification":{
        "Button Name":"Continue_With_Order"
       ,"Label":"Continue With Order"
      }
     ,"Layout":{
        "Sequence":10
       ,"Region":"Buyer Actions (50516533503328306430)"
       ,"Position":"CHANGE"
       ,"Start New Layout":false
       ,"Start New Row":true
       ,"Column":"Automatic"
       ,"New Column":true
       ,"Column Span":"Automatic"
      }
     ,"Appearance":{
        "Button Template":"Text (19471882000429504304)"
       ,"Hot":true
       ,"Template Options":[
          "#DEFAULT#"
         ,"t-Button--success"
        ]
      }
     ,"Behavior":{
        "Action":"Submit Page"
       ,"Execute Validations":true
       ,"Warn on Unsaved Changes":"Do Not Check"
      }
    }
  ]
 ,"Dynamic Actions":[
    {
      "id":"50516533307028306428"
     ,"Identification":{
        "Name":"Set Colors"
      }
     ,"Execution":{
        "Sequence":10
      }
     ,"When":{
        "Event":"EVENT.EVENT.BROWSER.READY"
      }
     ,"Execution":{
        "Event Scope":"Static"
      }
     ,"Actions":[
        {
          "id":"50516533459233306429"
         ,"Identification":{
            "Action":"Execute JavaScript Code"
          }
         ,"Settings":{
            "Code":"$(\".status:contains(Pending)\").css({\n                \"background-color\": \"#FFB929\",\n                \"color\": \"#3A3632\", \n                \"border\" : \"1px solid #3A3632\"\n            });\n\n$(\".status:contains(Cancelled)\").css({\n                \"background-color\": \"#C33522\",\n                \"color\": \"#FBF9F8\", \n                \"border\" : \"1px solid #3A3632\"\n            });\n\n$(\".status:contains(Partially Declined)\").css({\n                \"background-color\": \"#E17726\",\n                \"color\": \"#3A3632\", \n                \"border\" : \"1px solid #3A3632\"\n            });\n\n$(\".status:contains(Confirmed)\").css({\n                \"background-color\": \"#497620\",\n                \"color\": \"#FBF9F8\", \n                \"border\" : \"1px solid #3A3632\"\n            });\n\n$(\".side-card-subtitle \u003E span\").each(function(index, element) {\n    switch ($(this).text().trim()) {\n        case \u0027Cancelled\u0027 : \n            $(this).css({\n                \"background-color\": \"#C33522\",\n                \"color\": \"white\", \n                \"padding\" : \"7px\",\n                \"border-radius\" : \"25px\"\n            });\n            break;\n        case \u0027Confirmed\u0027 :\n            $(this).css({\n                \"background-color\": \"#497620\",\n                \"color\": \"white\", \n                \"padding\" : \"7px\",\n                \"border-radius\" : \"25px\"\n            });\n            break;\n        default :\n            $(this).css({\n                \"background-color\": \"#FFB929\",\n                \"color\": \"white\", \n                \"padding\" : \"7px\",\n                \"border-radius\" : \"25px\"\n            });\n            break;\n    }\n});\n"
          }
         ,"Execution":{
            "Sequence":10
           ,"Event":"Set Colors (50516533307028306428)"
           ,"Fire When Event Result Is":"True"
           ,"Fire on Initialization":false
          }
        }
      ]
    }
   ,{
      "id":"52184850413343530136"
     ,"Identification":{
        "Name":"Change Order Items and Order mutation status"
      }
     ,"Execution":{
        "Sequence":20
      }
     ,"When":{
        "Event":"EVENT.EVENT.BROWSER.READY"
      }
     ,"Execution":{
        "Event Scope":"Static"
      }
     ,"Actions":[
        {
          "id":"52184850537548530137"
         ,"Identification":{
            "Action":"Execute Server-side Code"
          }
         ,"Settings":{
            "Language":"PE.PROPERTY.SOURCE_SNIPPET_LANG.LOV.PLSQL.D"
           ,"PL\/SQL Code":"DECLARE\n    l_current_id NUMBER;\n    l_current_status VARCHAR2(100 CHAR);\n\n    CURSOR c1 IS\n        SELECT line_item_id , item_status\n        FROM order_items\n        WHERE order_id = :P9_ORDER_ID;\nBEGIN\n    OPEN c1;\n    LOOP\n        FETCH c1 INTO l_current_id,l_current_status;\n        EXIT WHEN c1%NOTFOUND;\n\n        UPDATE order_items\n        SET last_status = l_current_status\n        WHERE line_item_id = l_current_id;\n\n    END LOOP;\n    CLOSE c1;\n\n    UPDATE orders\n    SET mutated_items = \u0027No\u0027\n    WHERE order_id = :P9_ORDER_ID;\n\n    :P0_ORDER_CHANGE := :P0_ORDER_CHANGE - 0;\nEND;\n"
           ,"Items to Submit":[
              "P9_ORDER_ID"
            ]
          }
         ,"Execution":{
            "Sequence":10
           ,"Event":"Change Order Items and Order mutation status (52184850413343530136)"
           ,"Fire When Event Result Is":"True"
           ,"Fire on Initialization":false
           ,"Stop Execution On Error":true
           ,"Wait For Result":true
          }
        }
      ]
    }
  ]
 ,"Processes":[
    {
      "id":"50516534266384306437"
     ,"Identification":{
        "Name":"Remove Cancelled Products Form Order"
       ,"Type":"Execute Code"
       ,"Execution Chain":"None"
      }
     ,"Source":{
        "Location":"Local Database"
       ,"Language":"PL\/SQL"
       ,"PL\/SQL Code":"BEGIN\n    MANAGE_ORDERS.update_customer_decision (\n        :P9_ORDER_ID\n    );\nEND;"
      }
     ,"Execution":{
        "Sequence":10
       ,"Point":"Processing"
       ,"Run Process":"Once Per Page Visit (default)"
      }
     ,"Error":{
        "Display Location":"Inline in Notification"
      }
     ,"Server-side Condition":{
        "When Button Pressed":"Continue_With_Order (50516533698049306431)"
      }
    }
   ,{
      "id":"50516534369453306438"
     ,"Identification":{
        "Name":"Close Dialog"
       ,"Type":"Close Dialog"
       ,"Execution Chain":"None"
      }
     ,"Execution":{
        "Sequence":20
       ,"Point":"Processing"
       ,"Run Process":"Once Per Page Visit (default)"
      }
     ,"Error":{
        "Display Location":"Inline in Notification"
      }
    }
  ]
}
