{
  "id":"31"
 ,"Identification":{
    "Name":"Wishlist"
   ,"Alias":"WHISHLIST"
   ,"Title":"Whishlist"
  }
 ,"Appearance":{
    "Page Mode":"Normal"
   ,"Page Template":"Theme Default"
   ,"Template Options":[
      "#DEFAULT#"
    ]
  }
 ,"Navigation Menu":{
    "Override User Interface Level":false
  }
 ,"Navigation":{
    "Cursor Focus":"Do not focus cursor"
   ,"Warn on Unsaved Changes":true
  }
 ,"CSS":{
    "Inline":".t-Report-cell \u003E img{\n    width: 100px;\n    height: auto;\n    object-fit: contain;\n}\n.linketree{\n    background-color: aqua;\n}\n\n"
  }
 ,"Security":{
    "Authentication":"Page Requires Authentication"
   ,"Deep Linking":"Application Default"
   ,"Page Access Protection":"Arguments Must Have Checksum"
   ,"Form Auto Complete":"Off"
   ,"Browser Cache":"Application Default"
  }
 ,"Session Management":{
    "Rejoin Sessions":"Application Default"
  }
 ,"Advanced":{
    "Enable duplicate page submissions":"Yes - Enable page to be re-posted"
   ,"Reload on Submit":"Only for Success"
  }
 ,"Server Cache":{
    "Caching":"Disabled"
  }
 ,"Regions":[
    {
      "id":"31837227657136129531"
     ,"Identification":{
        "Title":"Wishlist"
       ,"Type":"Classic Report"
      }
     ,"Source":{
        "Location":"Local Database"
       ,"Type":"SQL Query"
       ,"SQL Query":"SELECT   B.PRODUCT_ID,PRODUCT_NAME, UNIT_PRICE, SYS.DBMS_LOB.GETLENGTH(IMAGE) IMAGE, \n        GET_STOCK (C.PRODUCT_ID) STOCK, \u0027Delete\u0027 Del , \u0027Add to Cart\u0027 \nFROM WISHLIST B, PRODUCT C, PRODUCT_IMAGES D \n WHERE  C.PRODUCT_ID = D.PRODUCT_ID\n    AND  C.PRODUCT_ID = B.PRODUCT_ID\n    AND B.CUSTOMER_ID = to_number(:USER_ID)\n\n\n\n\n\n\n\n\n \n  \n"
      }
     ,"Layout":{
        "Sequence":10
       ,"Parent Region":"No Parent"
       ,"Position":"BODY"
       ,"Start New Layout":false
       ,"Start New Row":true
       ,"Column":"Automatic"
       ,"New Column":true
       ,"Column Span":"Automatic"
       ,"Column CSS Classes":[
          "report-col"
        ]
      }
     ,"Appearance":{
        "Template":"Standard (19471808805460504264)"
       ,"Template Options":[
          "#DEFAULT#"
         ,"t-Region--noPadding"
         ,"t-Region--hideHeader"
         ,"t-Region--scrollBody"
        ]
       ,"CSS Classes":[
          "report"
        ]
       ,"Render Components":"Above Content"
      }
     ,"Accessibility":{
        "Use Landmark":true
       ,"Landmark Type":"Template Default"
      }
     ,"Advanced":{
        "Region Display Selector":false
       ,"Exclude Title from Translation":false
      }
     ,"Server Cache":{
        "Caching":"Disabled"
      }
     ,"Customization":{
        "Customizable":"Not Customizable By End Users"
      }
     ,"Attributes":{
        "Layout":{
          "Number of Rows Type":"Static Value"
         ,"Number of Rows":50
        }
       ,"Appearance":{
          "Template Type":"Theme"
         ,"Template":"Standard (19471847069031504283)"
         ,"Template Options":[
            "#DEFAULT#"
           ,"t-Report--stretch"
           ,"t-Report--staticRowColors"
           ,"t-Report--rowHighlight"
           ,"t-Report--inline"
           ,"t-Report--hideNoPagination"
          ]
        }
       ,"Pagination":{
          "Type":"Row Ranges X to Y (with next and previous links)"
         ,"Display Position":"Bottom - Right"
         ,"Partial Page Refresh":true
        }
       ,"Performance":{
          "Lazy Loading":false
         ,"Maximum Rows to Process":500
        }
       ,"Messages":{
          "When No Data Found":"no data found"
        }
       ,"Break Formatting":{
          "Break Columns":"No Break"
        }
       ,"Advanced":{
          "Strip HTML":false
         ,"Sort Nulls":"Last"
        }
       ,"Heading":{
          "Type":"Custom Headings"
        }
       ,"Download":{
          "CSV Export Enabled":false
        }
       ,"Printing":{
          "Enabled":false
        }
      }
     ,"Columns":[
        {
          "id":"31837229197887129635"
         ,"Identification":{
            "Column Name":"PRODUCT_ID"
           ,"Type":"Hidden Column"
          }
         ,"Layout":{
            "Sequence":30
          }
         ,"UI Defaults Reference":{
            "Table Owner":"Parsing Schema"
          }
         ,"Security":{
            "Escape special characters":true
          }
        }
       ,{
          "id":"31844238434785335607"
         ,"Identification":{
            "Column Name":"IMAGE"
           ,"Type":"Display Image"
          }
         ,"Heading":{
            "Heading":"Image"
           ,"Alignment":"start"
          }
         ,"Layout":{
            "Sequence":40
           ,"Column Alignment":"start"
          }
         ,"Accessibility":{
            "Value Identifies Row":true
          }
         ,"BLOB Attributes":{
            "Table Owner":"Parsing Schema"
           ,"Table Name":"PRODUCT_IMAGES"
           ,"BLOB Column":"IMAGE"
           ,"Primary Key Column 1":"PRODUCT_ID"
           ,"Mime Type Column":"IMAGE_MIME_TYPE"
           ,"Filename Column":"IMAGE_FILENAME"
           ,"Last Updated Column":"IMAGE_LAST_UPDATED"
          }
         ,"Sorting":{
            "Sortable":true
          }
         ,"Export \/ Printing":{
            "Include In Export \/ Print":true
          }
         ,"Advanced":{
            "Cell Width":5
           ,"Compute Sum":false
          }
         ,"UI Defaults Reference":{
            "Table Owner":"Parsing Schema"
          }
        }
       ,{
          "id":"31844238522379335608"
         ,"Identification":{
            "Column Name":"PRODUCT_NAME"
           ,"Type":"Link"
          }
         ,"Heading":{
            "Heading":"Product Name"
           ,"Alignment":"start"
          }
         ,"Layout":{
            "Sequence":50
           ,"Column Alignment":"start"
          }
         ,"Accessibility":{
            "Value Identifies Row":false
          }
         ,"Link":{
            "Target":{
              "url":"f?p=\u0026APP_ID.:18:\u0026SESSION.::\u0026DEBUG.:18:P18_PRODUCT_ID:#PRODUCT_ID#"
             ,"Page":"18"
             ,"Clear Cache":"18"
             ,"Values":{
                "P18_PRODUCT_ID":"#PRODUCT_ID#"
              }
            }
           ,"Link Text":"#PRODUCT_NAME#"
          }
         ,"Sorting":{
            "Sortable":true
          }
         ,"Export \/ Printing":{
            "Include In Export \/ Print":true
          }
         ,"Advanced":{
            "Compute Sum":false
          }
         ,"UI Defaults Reference":{
            "Table Owner":"Parsing Schema"
          }
         ,"Security":{
            "Escape special characters":true
          }
        }
       ,{
          "id":"31844238621361335609"
         ,"Identification":{
            "Column Name":"UNIT_PRICE"
           ,"Type":"Plain Text"
          }
         ,"Heading":{
            "Heading":"Unit Price"
           ,"Alignment":"end"
          }
         ,"Layout":{
            "Sequence":60
           ,"Column Alignment":"end"
          }
         ,"Accessibility":{
            "Value Identifies Row":false
          }
         ,"Sorting":{
            "Sortable":true
          }
         ,"Export \/ Printing":{
            "Include In Export \/ Print":true
          }
         ,"Advanced":{
            "Compute Sum":false
          }
         ,"UI Defaults Reference":{
            "Table Owner":"Parsing Schema"
          }
         ,"Security":{
            "Escape special characters":true
          }
        }
       ,{
          "id":"31844239073099335613"
         ,"Identification":{
            "Column Name":"STOCK"
           ,"Type":"Plain Text"
          }
         ,"Heading":{
            "Heading":"Stock"
           ,"Alignment":"end"
          }
         ,"Layout":{
            "Sequence":70
           ,"Column Alignment":"end"
          }
         ,"Accessibility":{
            "Value Identifies Row":false
          }
         ,"Sorting":{
            "Sortable":true
          }
         ,"Export \/ Printing":{
            "Include In Export \/ Print":true
          }
         ,"Advanced":{
            "Compute Sum":false
          }
         ,"UI Defaults Reference":{
            "Table Owner":"Parsing Schema"
          }
         ,"Security":{
            "Escape special characters":true
          }
        }
       ,{
          "id":"31844239410059335617"
         ,"Identification":{
            "Column Name":"DEL"
           ,"Type":"Link"
          }
         ,"Heading":{
            "Heading":"Delete"
           ,"Alignment":"start"
          }
         ,"Layout":{
            "Sequence":10
           ,"Column Alignment":"center"
          }
         ,"Accessibility":{
            "Value Identifies Row":false
          }
         ,"Link":{
            "Target":"javascript:void(null)"
           ,"Link Text":"\u003Cspan class=\"t-Icon fa fa-trash delete-prod\" aria-hidden=\"true\"\u003E\u003C\/span\u003E"
           ,"Link Attributes":"data-id=#PRODUCT_ID#"
          }
         ,"Sorting":{
            "Sortable":true
          }
         ,"Export \/ Printing":{
            "Include In Export \/ Print":true
          }
         ,"Advanced":{
            "Compute Sum":false
          }
         ,"UI Defaults Reference":{
            "Table Owner":"Parsing Schema"
          }
         ,"Security":{
            "Escape special characters":true
          }
        }
       ,{
          "id":"31844240429989335627"
         ,"Identification":{
            "Column Name":"\u0027ADDTOCART\u0027"
           ,"Type":"Link"
          }
         ,"Heading":{
            "Heading":"Add To Cart"
           ,"Alignment":"start"
          }
         ,"Layout":{
            "Sequence":80
           ,"Column Alignment":"start"
          }
         ,"Accessibility":{
            "Value Identifies Row":false
          }
         ,"Link":{
            "Target":{
              "url":"f?p=\u0026APP_ID.:6:\u0026SESSION.::\u0026DEBUG.:6:P6_PRODUCT_ID,P6_QUNATITY:#PRODUCT_ID#,1"
             ,"Page":"6"
             ,"Clear Cache":"6"
             ,"Values":{
                "P6_PRODUCT_ID":"#PRODUCT_ID#"
               ,"P6_QUNATITY":"1"
              }
            }
           ,"Link Text":"Add to Cart"
          }
         ,"Column Formatting":{
            "CSS Classes":[
              "linketree"
            ]
          }
         ,"Sorting":{
            "Sortable":true
          }
         ,"Export \/ Printing":{
            "Include In Export \/ Print":true
          }
         ,"Advanced":{
            "Compute Sum":false
          }
         ,"UI Defaults Reference":{
            "Table Owner":"Parsing Schema"
          }
         ,"Security":{
            "Escape special characters":true
          }
        }
      ]
    }
  ]
 ,"Page Items":[
    {
      "id":"31844239912590335622"
     ,"Identification":{
        "Name":"P31_PRODUCT_ID"
       ,"Type":"Hidden"
      }
     ,"Settings":{
        "Value Protected":false
      }
     ,"Layout":{
        "Sequence":10
       ,"Region":"Wishlist (31837227657136129531)"
       ,"Position":"BODY"
      }
     ,"Advanced":{
        "Warn on Unsaved Changes":"Page Default"
      }
     ,"Source":{
        "Type":"Null"
       ,"Used":"Only when current value in session state is null"
      }
     ,"Session State":{
        "Data Type":"VARCHAR2"
       ,"Storage":"Per Session (Persistent)"
      }
     ,"Security":{
        "Session State Protection":"Unrestricted"
       ,"Store value encrypted in session state":true
       ,"Restricted Characters":"All characters can be saved."
      }
    }
  ]
 ,"Dynamic Actions":[
    {
      "id":"31844239542182335618"
     ,"Identification":{
        "Name":"DA_DELETEROW"
      }
     ,"Execution":{
        "Sequence":10
      }
     ,"When":{
        "Event":"EVENT.EVENT.BROWSER.CLICK"
       ,"Selection Type":"jQuery Selector"
       ,"jQuery Selector":".delete-prod"
      }
     ,"Execution":{
        "Event Scope":"Dynamic"
       ,"Type":"Immediate"
      }
     ,"Actions":[
        {
          "id":"31844239649572335619"
         ,"Identification":{
            "Action":"Set Value"
          }
         ,"Settings":{
            "Set Type":"JavaScript Expression"
           ,"JavaScript Expression":"$(this.triggeringElement).parent().data(\u0027id\u0027);\n"
           ,"Suppress Change Event":false
          }
         ,"Affected Elements":{
            "Selection Type":"Item(s)"
           ,"Item(s)":[
              "P31_PRODUCT_ID"
            ]
          }
         ,"Execution":{
            "Sequence":20
           ,"Event":"DA_DELETEROW (31844239542182335618)"
           ,"Fire When Event Result Is":"True"
           ,"Fire on Initialization":false
           ,"Stop Execution On Error":true
           ,"Wait For Result":true
          }
        }
       ,{
          "id":"31844239755413335620"
         ,"Identification":{
            "Action":"Execute Server-side Code"
          }
         ,"Settings":{
            "Language":"PE.PROPERTY.SOURCE_SNIPPET_LANG.LOV.PLSQL.D"
           ,"PL\/SQL Code":"Delete \nfrom wishlist \nwhere product_id = :P31_PRODUCT_ID \n    and customer_id = to_number(:USER_ID);"
           ,"Items to Submit":[
              "P31_PRODUCT_ID"
            ]
          }
         ,"Execution":{
            "Sequence":40
           ,"Event":"DA_DELETEROW (31844239542182335618)"
           ,"Fire When Event Result Is":"True"
           ,"Fire on Initialization":false
           ,"Stop Execution On Error":true
           ,"Wait For Result":true
          }
        }
       ,{
          "id":"31844239857692335621"
         ,"Identification":{
            "Action":"Refresh"
          }
         ,"Affected Elements":{
            "Selection Type":"Region"
           ,"Region":"Wishlist (31837227657136129531)"
          }
         ,"Execution":{
            "Sequence":50
           ,"Event":"DA_DELETEROW (31844239542182335618)"
           ,"Fire When Event Result Is":"True"
           ,"Fire on Initialization":false
          }
        }
      ]
    }
  ]
}
