{
  "id":"4"
 ,"Identification":{
    "Name":"Edit Product Quantity"
   ,"Alias":"EDIT-PRODUCT-QUANTITY"
   ,"Title":"Edit Product Quantity"
  }
 ,"Appearance":{
    "Page Mode":"Modal Dialog"
   ,"Dialog Template":"Theme Default"
   ,"Template Options":[
      "#DEFAULT#"
    ]
  }
 ,"Dialog":{
    "Chained":true
  }
 ,"Navigation Menu":{
    "Override User Interface Level":false
  }
 ,"Navigation":{
    "Cursor Focus":"Do not focus cursor"
   ,"Warn on Unsaved Changes":true
  }
 ,"Security":{
    "Authentication":"Page Is Public"
  }
 ,"Advanced":{
    "Enable Meta Tags":false
  }
 ,"Security":{
    "Deep Linking":"Application Default"
   ,"Page Access Protection":"Arguments Must Have Checksum"
   ,"Form Auto Complete":"Off"
   ,"Browser Cache":"Application Default"
  }
 ,"Session Management":{
    "Rejoin Sessions":"Application Default"
  }
 ,"Advanced":{
    "Enable duplicate page submissions":"Yes - Enable page to be re-posted"
   ,"Reload on Submit":"Only for Success"
  }
 ,"Server Cache":{
    "Caching":"Disabled"
  }
 ,"Regions":[
    {
      "id":"35681584556738205001"
     ,"Identification":{
        "Title":"Action buttons"
       ,"Type":"Static Content"
      }
     ,"Layout":{
        "Sequence":10
       ,"Parent Region":"No Parent"
       ,"Position":"REGION_POSITION_03"
       ,"Start New Layout":false
       ,"Start New Row":true
       ,"Column":"Automatic"
       ,"New Column":true
       ,"Column Span":"Automatic"
      }
     ,"Appearance":{
        "Template":"Buttons Container (19471545059842504235)"
       ,"Template Options":[
          "#DEFAULT#"
        ]
       ,"Render Components":"Above Content"
      }
     ,"Accessibility":{
        "Use Landmark":true
       ,"Landmark Type":"Template Default"
      }
     ,"Advanced":{
        "Region Display Selector":false
       ,"Exclude Title from Translation":false
      }
     ,"Server Cache":{
        "Caching":"Disabled"
      }
     ,"Customization":{
        "Customizable":"Not Customizable By End Users"
      }
     ,"Attributes":{
        "Settings":{
          "Output As":"HTML"
         ,"Expand Shortcuts":false
        }
      }
    }
   ,{
      "id":"37036234246460922422"
     ,"Identification":{
        "Title":"Change Variants"
       ,"Type":"Static Content"
      }
     ,"Layout":{
        "Sequence":100
       ,"Parent Region":"No Parent"
       ,"Position":"BODY"
       ,"Start New Layout":false
       ,"Start New Row":true
       ,"Column":"Automatic"
       ,"New Column":true
       ,"Column Span":"Automatic"
      }
     ,"Appearance":{
        "Template":"Standard (19471808805460504264)"
       ,"Template Options":[
          "#DEFAULT#"
         ,"t-Region--scrollBody"
        ]
       ,"Render Components":"Above Content"
      }
     ,"Accessibility":{
        "Use Landmark":true
       ,"Landmark Type":"Template Default"
      }
     ,"Advanced":{
        "Region Display Selector":false
       ,"Exclude Title from Translation":false
      }
     ,"Server Cache":{
        "Caching":"Disabled"
      }
     ,"Customization":{
        "Customizable":"Not Customizable By End Users"
      }
     ,"Attributes":{
        "Settings":{
          "Output As":"HTML"
         ,"Expand Shortcuts":false
        }
      }
    }
   ,{
      "id":"63723076680535009440"
     ,"Identification":{
        "Title":"Update Quantity"
       ,"Type":"Static Content"
      }
     ,"Layout":{
        "Sequence":110
       ,"Parent Region":"No Parent"
       ,"Position":"BODY"
       ,"Start New Layout":false
       ,"Start New Row":true
       ,"Column":"5"
       ,"New Column":true
       ,"Column Span":"4"
      }
     ,"Appearance":{
        "Template":"Item Container (19471801147464504260)"
       ,"Template Options":[
          "#DEFAULT#"
         ,"t-ItemContainer--alignCenter"
        ]
       ,"CSS Classes":[
          "qunatity-container"
        ]
       ,"Render Components":"Above Content"
      }
     ,"Accessibility":{
        "Use Landmark":true
       ,"Landmark Type":"Template Default"
      }
     ,"Advanced":{
        "Region Display Selector":false
       ,"Exclude Title from Translation":false
      }
     ,"Server Cache":{
        "Caching":"Disabled"
      }
     ,"Customization":{
        "Customizable":"Not Customizable By End Users"
      }
     ,"Attributes":{
        "Settings":{
          "Output As":"HTML"
         ,"Expand Shortcuts":true
        }
      }
    }
  ]
 ,"Page Items":[
    {
      "id":"34869895550983248642"
     ,"Identification":{
        "Name":"P4_SHOPPING_CART_ITEM"
       ,"Type":"Hidden"
      }
     ,"Settings":{
        "Value Protected":false
      }
     ,"Layout":{
        "Sequence":40
       ,"Region":"No Parent"
       ,"Position":"BODY"
      }
     ,"Advanced":{
        "Warn on Unsaved Changes":"Page Default"
      }
     ,"Source":{
        "Type":"Null"
       ,"Used":"Only when current value in session state is null"
      }
     ,"Session State":{
        "Data Type":"VARCHAR2"
       ,"Storage":"Per Session (Persistent)"
      }
     ,"Security":{
        "Session State Protection":"Unrestricted"
       ,"Store value encrypted in session state":true
       ,"Restricted Characters":"All characters can be saved."
      }
    }
   ,{
      "id":"34869896396136248650"
     ,"Identification":{
        "Name":"P4_STOCK_ID"
       ,"Type":"Hidden"
      }
     ,"Settings":{
        "Value Protected":false
      }
     ,"Layout":{
        "Sequence":20
       ,"Region":"No Parent"
       ,"Position":"BODY"
      }
     ,"Advanced":{
        "Warn on Unsaved Changes":"Page Default"
      }
     ,"Source":{
        "Type":"Null"
       ,"Used":"Only when current value in session state is null"
      }
     ,"Session State":{
        "Data Type":"VARCHAR2"
       ,"Storage":"Per Session (Persistent)"
      }
     ,"Security":{
        "Session State Protection":"Unrestricted"
       ,"Store value encrypted in session state":true
       ,"Restricted Characters":"All characters can be saved."
      }
    }
   ,{
      "id":"37036233549240922415"
     ,"Identification":{
        "Name":"P4_MAX_STOCK"
       ,"Type":"Hidden"
      }
     ,"Settings":{
        "Value Protected":false
      }
     ,"Layout":{
        "Sequence":60
       ,"Region":"No Parent"
       ,"Position":"BODY"
      }
     ,"Advanced":{
        "Warn on Unsaved Changes":"Page Default"
      }
     ,"Source":{
        "Type":"Null"
       ,"Used":"Only when current value in session state is null"
      }
     ,"Session State":{
        "Data Type":"VARCHAR2"
       ,"Storage":"Per Session (Persistent)"
      }
     ,"Security":{
        "Session State Protection":"Unrestricted"
       ,"Store value encrypted in session state":true
       ,"Restricted Characters":"All characters can be saved."
      }
    }
   ,{
      "id":"37036234349473922423"
     ,"Identification":{
        "Name":"P4_VARIANT_1"
       ,"Type":"Select List"
      }
     ,"Label":{
        "Alignment":"Left"
      }
     ,"Settings":{
        "Page Action on Selection":"None"
       ,"Allow Multi Selection":false
      }
     ,"Layout":{
        "Sequence":10
       ,"Region":"Change Variants (37036234246460922422)"
       ,"Position":"BODY"
       ,"Alignment":"Left"
       ,"Start New Layout":false
       ,"Start New Row":true
       ,"Column":"Automatic"
       ,"New Column":true
       ,"Column Span":"4"
       ,"Label Column Span":"Page Template Default"
      }
     ,"Appearance":{
        "Template":"Optional - Floating (19471879586967504303)"
       ,"Template Options":[
          "#DEFAULT#"
        ]
       ,"Height":1
      }
     ,"Validation":{
        "Value Required":false
      }
     ,"List of Values":{
        "Type":"SQL Query"
       ,"SQL Query":"SELECT DISTINCT\n    variant_1 as display_value, variant_1 as return_value\nFROM\n    variant_stock\nWHERE\n    product_id = :P4_PRODUCT_ID;"
       ,"Display Extra Values":false
       ,"Display Null Value":true
      }
     ,"Advanced":{
        "Warn on Unsaved Changes":"Page Default"
      }
     ,"Source":{
        "Type":"Null"
       ,"Used":"Only when current value in session state is null"
      }
     ,"Session State":{
        "Storage":"Per Session (Persistent)"
      }
     ,"Quick Picks":{
        "Show Quick Picks":false
      }
     ,"Security":{
        "Session State Protection":"Unrestricted"
       ,"Store value encrypted in session state":true
       ,"Restricted Characters":"All characters can be saved."
      }
    }
   ,{
      "id":"37036234462071922424"
     ,"Identification":{
        "Name":"P4_VARIANT_2"
       ,"Type":"Select List"
      }
     ,"Label":{
        "Alignment":"Left"
      }
     ,"Settings":{
        "Page Action on Selection":"None"
       ,"Allow Multi Selection":false
      }
     ,"Layout":{
        "Sequence":20
       ,"Region":"Change Variants (37036234246460922422)"
       ,"Position":"BODY"
       ,"Alignment":"Left"
       ,"Start New Layout":false
       ,"Start New Row":false
       ,"Column":"Automatic"
       ,"New Column":true
       ,"Column Span":"4"
       ,"Label Column Span":"Page Template Default"
      }
     ,"Appearance":{
        "Template":"Optional - Floating (19471879586967504303)"
       ,"Template Options":[
          "#DEFAULT#"
        ]
       ,"Height":1
      }
     ,"Validation":{
        "Value Required":false
      }
     ,"List of Values":{
        "Type":"SQL Query"
       ,"SQL Query":"SELECT DISTINCT\n    variant_2 as display_value, variant_2 as return_value\nFROM\n    variant_stock\nWHERE\n    product_id = :P4_PRODUCT_ID\nAND\n    variant_1 = :P4_VARIANT_1;"
       ,"Display Extra Values":false
       ,"Display Null Value":false
      }
     ,"Cascading List of Values":{
        "Parent Item(s)":[
          "P4_VARIANT_1"
        ]
       ,"Parent Required":true
      }
     ,"Advanced":{
        "Warn on Unsaved Changes":"Page Default"
      }
     ,"Source":{
        "Type":"Null"
       ,"Used":"Only when current value in session state is null"
      }
     ,"Session State":{
        "Storage":"Per Session (Persistent)"
      }
     ,"Quick Picks":{
        "Show Quick Picks":false
      }
     ,"Security":{
        "Session State Protection":"Unrestricted"
       ,"Store value encrypted in session state":true
       ,"Restricted Characters":"All characters can be saved."
      }
    }
   ,{
      "id":"37036234565230922425"
     ,"Identification":{
        "Name":"P4_VARIANT_3"
       ,"Type":"Select List"
      }
     ,"Label":{
        "Alignment":"Left"
      }
     ,"Settings":{
        "Page Action on Selection":"None"
       ,"Allow Multi Selection":false
      }
     ,"Layout":{
        "Sequence":30
       ,"Region":"Change Variants (37036234246460922422)"
       ,"Position":"BODY"
       ,"Alignment":"Left"
       ,"Start New Layout":false
       ,"Start New Row":false
       ,"Column":"Automatic"
       ,"New Column":true
       ,"Column Span":"Automatic"
       ,"Label Column Span":"Page Template Default"
      }
     ,"Appearance":{
        "Template":"Optional - Floating (19471879586967504303)"
       ,"Template Options":[
          "#DEFAULT#"
        ]
       ,"Height":1
      }
     ,"Validation":{
        "Value Required":false
      }
     ,"List of Values":{
        "Type":"SQL Query"
       ,"SQL Query":"SELECT DISTINCT\n    variant_3 as display_value, variant_3 as return_value\nFROM\n    variant_stock\nWHERE\n    product_id = :P4_PRODUCT_ID\n    AND variant_1 = :P4_VARIANT_1\n    AND variant_2 = :P4_VARIANT_2"
       ,"Display Extra Values":false
       ,"Display Null Value":false
      }
     ,"Cascading List of Values":{
        "Parent Item(s)":[
          "P4_VARIANT_2"
        ]
       ,"Parent Required":true
      }
     ,"Advanced":{
        "Warn on Unsaved Changes":"Page Default"
      }
     ,"Source":{
        "Type":"Null"
       ,"Used":"Only when current value in session state is null"
      }
     ,"Session State":{
        "Storage":"Per Session (Persistent)"
      }
     ,"Quick Picks":{
        "Show Quick Picks":false
      }
     ,"Security":{
        "Session State Protection":"Unrestricted"
       ,"Store value encrypted in session state":true
       ,"Restricted Characters":"All characters can be saved."
      }
    }
   ,{
      "id":"37036234685476922426"
     ,"Identification":{
        "Name":"P4_VARIANT_1_NAME"
       ,"Type":"Hidden"
      }
     ,"Settings":{
        "Value Protected":false
      }
     ,"Layout":{
        "Sequence":70
       ,"Region":"No Parent"
       ,"Position":"BODY"
      }
     ,"Advanced":{
        "Warn on Unsaved Changes":"Page Default"
      }
     ,"Source":{
        "Type":"Null"
       ,"Used":"Only when current value in session state is null"
      }
     ,"Session State":{
        "Data Type":"VARCHAR2"
       ,"Storage":"Per Session (Persistent)"
      }
     ,"Security":{
        "Session State Protection":"Unrestricted"
       ,"Store value encrypted in session state":true
       ,"Restricted Characters":"All characters can be saved."
      }
    }
   ,{
      "id":"37036234794283922427"
     ,"Identification":{
        "Name":"P4_VARIANT_2_NAME"
       ,"Type":"Hidden"
      }
     ,"Settings":{
        "Value Protected":false
      }
     ,"Layout":{
        "Sequence":80
       ,"Region":"No Parent"
       ,"Position":"BODY"
      }
     ,"Advanced":{
        "Warn on Unsaved Changes":"Page Default"
      }
     ,"Source":{
        "Type":"Null"
       ,"Used":"Only when current value in session state is null"
      }
     ,"Session State":{
        "Data Type":"VARCHAR2"
       ,"Storage":"Per Session (Persistent)"
      }
     ,"Security":{
        "Session State Protection":"Unrestricted"
       ,"Store value encrypted in session state":true
       ,"Restricted Characters":"All characters can be saved."
      }
    }
   ,{
      "id":"37036234824070922428"
     ,"Identification":{
        "Name":"P4_VARIANT_3_NAME"
       ,"Type":"Hidden"
      }
     ,"Settings":{
        "Value Protected":false
      }
     ,"Layout":{
        "Sequence":90
       ,"Region":"No Parent"
       ,"Position":"BODY"
      }
     ,"Advanced":{
        "Warn on Unsaved Changes":"Page Default"
      }
     ,"Source":{
        "Type":"Null"
       ,"Used":"Only when current value in session state is null"
      }
     ,"Session State":{
        "Data Type":"VARCHAR2"
       ,"Storage":"Per Session (Persistent)"
      }
     ,"Security":{
        "Session State Protection":"Unrestricted"
       ,"Store value encrypted in session state":true
       ,"Restricted Characters":"All characters can be saved."
      }
    }
   ,{
      "id":"37036234952545922429"
     ,"Identification":{
        "Name":"P4_CATEGORY_ID"
       ,"Type":"Hidden"
      }
     ,"Settings":{
        "Value Protected":false
      }
     ,"Layout":{
        "Sequence":50
       ,"Region":"No Parent"
       ,"Position":"BODY"
      }
     ,"Advanced":{
        "Warn on Unsaved Changes":"Page Default"
      }
     ,"Source":{
        "Type":"Null"
       ,"Used":"Only when current value in session state is null"
      }
     ,"Session State":{
        "Data Type":"VARCHAR2"
       ,"Storage":"Per Session (Persistent)"
      }
     ,"Security":{
        "Session State Protection":"Unrestricted"
       ,"Store value encrypted in session state":true
       ,"Restricted Characters":"All characters can be saved."
      }
    }
   ,{
      "id":"37036235301406922433"
     ,"Identification":{
        "Name":"P4_PRODUCT_ID"
       ,"Type":"Hidden"
      }
     ,"Settings":{
        "Value Protected":false
      }
     ,"Layout":{
        "Sequence":10
       ,"Region":"No Parent"
       ,"Position":"BODY"
      }
     ,"Advanced":{
        "Warn on Unsaved Changes":"Page Default"
      }
     ,"Source":{
        "Type":"Null"
       ,"Used":"Only when current value in session state is null"
      }
     ,"Session State":{
        "Data Type":"VARCHAR2"
       ,"Storage":"Per Session (Persistent)"
      }
     ,"Security":{
        "Session State Protection":"Unrestricted"
       ,"Store value encrypted in session state":true
       ,"Restricted Characters":"All characters can be saved."
      }
    }
   ,{
      "id":"37036235687038922436"
     ,"Identification":{
        "Name":"P4_AVAILABLE_STOCK"
       ,"Type":"Display Only"
      }
     ,"Label":{
        "Label":"Available Stock"
       ,"Alignment":"Left"
      }
     ,"Settings":{
        "Format":"Plain Text"
       ,"Based On":"Item Value"
       ,"Show Line Breaks":true
       ,"Send On Page Submit":false
      }
     ,"Layout":{
        "Sequence":40
       ,"Region":"Change Variants (37036234246460922422)"
       ,"Position":"BODY"
       ,"Alignment":"Left"
       ,"Start New Layout":false
       ,"Start New Row":true
       ,"Column":"Automatic"
       ,"New Column":true
       ,"Column Span":"Automatic"
       ,"Label Column Span":"Page Template Default"
      }
     ,"Appearance":{
        "Template":"Optional - Floating (19471879586967504303)"
       ,"Template Options":[
          "#DEFAULT#"
        ]
      }
     ,"Advanced":{
        "Warn on Unsaved Changes":"Page Default"
      }
     ,"Source":{
        "Type":"Null"
       ,"Used":"Only when current value in session state is null"
      }
     ,"Session State":{
        "Data Type":"VARCHAR2"
       ,"Storage":"Per Request (Memory Only)"
      }
     ,"Security":{
        "Session State Protection":"Unrestricted"
       ,"Store value encrypted in session state":true
       ,"Restricted Characters":"All characters can be saved."
      }
    }
   ,{
      "id":"58498405857103152064"
     ,"Identification":{
        "Name":"P4_NEW_QUNTITY"
       ,"Type":"Number Field"
      }
     ,"Label":{
        "Alignment":"Left"
      }
     ,"Settings":{
        "Minimum Value":0
       ,"Number Alignment":"Center"
       ,"Virtual Keyboard":"Decimal"
      }
     ,"Layout":{
        "Sequence":10
       ,"Region":"Update Quantity (63723076680535009440)"
       ,"Position":"BODY"
       ,"Alignment":"Left"
       ,"Start New Layout":false
       ,"Start New Row":true
       ,"Column":"Automatic"
       ,"New Column":true
       ,"Column Span":"Automatic"
       ,"Label Column Span":"Page Template Default"
      }
     ,"Appearance":{
        "Width":5
       ,"Value Placeholder":"Quantity"
      }
     ,"Validation":{
        "Value Required":true
      }
     ,"Advanced":{
        "CSS Classes":[
          "prod-qunatity"
        ]
       ,"Warn on Unsaved Changes":"Ignore"
      }
     ,"Source":{
        "Type":"Null"
       ,"Used":"Only when current value in session state is null"
      }
     ,"Session State":{
        "Storage":"Per Session (Persistent)"
      }
     ,"Quick Picks":{
        "Show Quick Picks":false
      }
     ,"Security":{
        "Session State Protection":"Unrestricted"
       ,"Store value encrypted in session state":true
       ,"Restricted Characters":"All characters can be saved."
      }
    }
  ]
 ,"Buttons":[
    {
      "id":"35676942893055013539"
     ,"Identification":{
        "Button Name":"Decrement_quantity"
       ,"Label":"Decrement Quantity"
      }
     ,"Layout":{
        "Sequence":10
       ,"Region":"Update Quantity (63723076680535009440)"
       ,"Position":"BUTTON_START"
       ,"Start New Layout":false
       ,"Start New Row":true
       ,"Column":"Automatic"
       ,"New Column":true
       ,"Column Span":"Automatic"
      }
     ,"Appearance":{
        "Button Template":"Icon (19471881378436504304)"
       ,"Hot":false
       ,"Template Options":[
          "#DEFAULT#"
         ,"t-Button--noUI"
         ,"t-Button--hoverIconPush"
        ]
       ,"CSS Classes":[
          "quantity-btn"
        ]
       ,"Icon":"fa-minus"
      }
     ,"Behavior":{
        "Action":"Defined by Dynamic Action"
       ,"Execute Validations":true
      }
     ,"Advanced":{
        "Static ID":"decrement_quantity"
      }
    }
   ,{
      "id":"35676943255509013539"
     ,"Identification":{
        "Button Name":"Increment_quantity"
       ,"Label":"Increment Quantity"
      }
     ,"Layout":{
        "Sequence":10
       ,"Region":"Update Quantity (63723076680535009440)"
       ,"Position":"BUTTON_END"
       ,"Start New Layout":false
       ,"Start New Row":true
       ,"Column":"Automatic"
       ,"New Column":true
       ,"Column Span":"Automatic"
      }
     ,"Appearance":{
        "Button Template":"Icon (19471881378436504304)"
       ,"Hot":false
       ,"Template Options":[
          "#DEFAULT#"
         ,"t-Button--noUI"
        ]
       ,"CSS Classes":[
          "quantity-btn"
        ]
       ,"Icon":"fa-plus"
      }
     ,"Behavior":{
        "Action":"Defined by Dynamic Action"
       ,"Execute Validations":true
      }
     ,"Advanced":{
        "Static ID":"increment_quantity"
      }
    }
   ,{
      "id":"35681584717443205003"
     ,"Identification":{
        "Button Name":"Update_Quantity"
       ,"Label":"Update Quantity"
      }
     ,"Layout":{
        "Sequence":10
       ,"Region":"Action buttons (35681584556738205001)"
       ,"Position":"NEXT"
       ,"Start New Layout":false
       ,"Start New Row":true
       ,"Column":"Automatic"
       ,"New Column":true
       ,"Column Span":"Automatic"
      }
     ,"Appearance":{
        "Button Template":"Text (19471882000429504304)"
       ,"Hot":true
       ,"Template Options":[
          "#DEFAULT#"
        ]
      }
     ,"Behavior":{
        "Action":"Submit Page"
       ,"Execute Validations":true
       ,"Warn on Unsaved Changes":"Do Not Check"
      }
     ,"Server-side Condition":{
        "Type":"Item is NOT NULL and NOT zero"
       ,"Item":"P4_STOCK_ID"
      }
    }
   ,{
      "id":"35681584958400205005"
     ,"Identification":{
        "Button Name":"Cancel"
       ,"Label":"Cancel"
      }
     ,"Layout":{
        "Sequence":20
       ,"Region":"Action buttons (35681584556738205001)"
       ,"Position":"CLOSE"
       ,"Start New Layout":false
       ,"Start New Row":true
       ,"Column":"Automatic"
       ,"New Column":true
       ,"Column Span":"Automatic"
      }
     ,"Appearance":{
        "Button Template":"Text (19471882000429504304)"
       ,"Hot":false
       ,"Template Options":[
          "#DEFAULT#"
        ]
      }
     ,"Behavior":{
        "Action":"Submit Page"
       ,"Execute Validations":true
       ,"Warn on Unsaved Changes":"Do Not Check"
      }
    }
   ,{
      "id":"37036236369194922443"
     ,"Identification":{
        "Button Name":"Add_To_Shopping_Cart"
       ,"Label":"Add To Shopping Cart"
      }
     ,"Layout":{
        "Sequence":10
       ,"Region":"Action buttons (35681584556738205001)"
       ,"Position":"CREATE"
       ,"Start New Layout":false
       ,"Start New Row":true
       ,"Column":"Automatic"
       ,"New Column":true
       ,"Column Span":"Automatic"
      }
     ,"Appearance":{
        "Button Template":"Text (19471882000429504304)"
       ,"Hot":true
       ,"Template Options":[
          "#DEFAULT#"
        ]
      }
     ,"Behavior":{
        "Action":"Submit Page"
       ,"Execute Validations":true
       ,"Warn on Unsaved Changes":"Do Not Check"
      }
     ,"Server-side Condition":{
        "Type":"Item is NULL or zero"
       ,"Item":"P4_STOCK_ID"
      }
    }
  ]
 ,"Dynamic Actions":[
    {
      "id":"35677601121643048909"
     ,"Identification":{
        "Name":"Decrement Quantity"
      }
     ,"Execution":{
        "Sequence":10
      }
     ,"When":{
        "Event":"EVENT.EVENT.BROWSER.CLICK"
       ,"Selection Type":"Button"
       ,"Button":"Decrement_quantity (35676942893055013539)"
      }
     ,"Execution":{
        "Event Scope":"Static"
       ,"Type":"Immediate"
      }
     ,"Actions":[
        {
          "id":"35677601564217048911"
         ,"Identification":{
            "Action":"Execute JavaScript Code"
          }
         ,"Settings":{
            "Code":"$s(\"P4_NEW_QUNTITY\", parseInt($v(\"P4_NEW_QUNTITY\")) - 1);\n\n    \n"
          }
         ,"Execution":{
            "Sequence":10
           ,"Event":"Decrement Quantity (35677601121643048909)"
           ,"Fire When Event Result Is":"True"
           ,"Fire on Initialization":false
          }
         ,"Client-side Condition":{
            "Type":"Item \u003E Value"
           ,"Item":"P4_NEW_QUNTITY"
           ,"Value":"1"
          }
        }
      ]
    }
   ,{
      "id":"35677858652117053643"
     ,"Identification":{
        "Name":"Increment Quantity "
      }
     ,"Execution":{
        "Sequence":20
      }
     ,"When":{
        "Event":"EVENT.EVENT.BROWSER.CLICK"
       ,"Selection Type":"Button"
       ,"Button":"Increment_quantity (35676943255509013539)"
      }
     ,"Execution":{
        "Event Scope":"Static"
       ,"Type":"Immediate"
      }
     ,"Actions":[
        {
          "id":"35677859076753053644"
         ,"Identification":{
            "Action":"Execute JavaScript Code"
          }
         ,"Settings":{
            "Code":"if(parseInt($v(\"P4_NEW_QUNTITY\")) \u003C parseInt($v(\"P4_MAX_STOCK\"))){\n    $s(\"P4_NEW_QUNTITY\", parseInt($v(\"P4_NEW_QUNTITY\")) + 1);\n}"
          }
         ,"Execution":{
            "Sequence":10
           ,"Event":"Increment Quantity  (35677858652117053643)"
           ,"Fire When Event Result Is":"True"
           ,"Fire on Initialization":false
          }
        }
      ]
    }
   ,{
      "id":"37036234000238922420"
     ,"Identification":{
        "Name":"Get Max Stock"
      }
     ,"Execution":{
        "Sequence":30
      }
     ,"When":{
        "Event":"EVENT.EVENT.BROWSER.READY"
      }
     ,"Execution":{
        "Event Scope":"Static"
      }
     ,"Actions":[
        {
          "id":"37036234189039922421"
         ,"Identification":{
            "Action":"Execute Server-side Code"
          }
         ,"Settings":{
            "Language":"PE.PROPERTY.SOURCE_SNIPPET_LANG.LOV.PLSQL.D"
           ,"PL\/SQL Code":"SELECT \n    STOCK_QUANTITY\nINTO\n    :P4_MAX_STOCK\nFROM \n    VARIANT_STOCK\nWHERE\n    STOCK_ID = :P4_STOCK_ID;"
           ,"Items to Submit":[
              "P4_STOCK_ID"
            ]
           ,"Items to Return":[
              "P4_MAX_STOCK"
            ]
           ,"Suppress Change Event":false
          }
         ,"Execution":{
            "Sequence":10
           ,"Event":"Get Max Stock (37036234000238922420)"
           ,"Fire When Event Result Is":"True"
           ,"Fire on Initialization":false
           ,"Stop Execution On Error":true
           ,"Wait For Result":true
          }
        }
      ]
    }
   ,{
      "id":"37036235025943922430"
     ,"Identification":{
        "Name":"Get Variants names"
      }
     ,"Execution":{
        "Sequence":40
      }
     ,"When":{
        "Event":"EVENT.EVENT.BROWSER.READY"
      }
     ,"Execution":{
        "Event Scope":"Static"
      }
     ,"Actions":[
        {
          "id":"37036235157590922431"
         ,"Identification":{
            "Action":"Execute Server-side Code"
          }
         ,"Settings":{
            "Language":"PE.PROPERTY.SOURCE_SNIPPET_LANG.LOV.PLSQL.D"
           ,"PL\/SQL Code":"MANAGE_PRODUCTS.Get_variants(:P4_CATEGORY_ID, :P4_VARIANT_1_NAME, :P4_VARIANT_2_NAME, :P4_VARIANT_3_NAME);"
           ,"Items to Submit":[
              "P4_CATEGORY_ID"
            ]
           ,"Items to Return":[
              "P4_VARIANT_1_NAME"
             ,"P4_VARIANT_2_NAME"
             ,"P4_VARIANT_3_NAME"
            ]
           ,"Suppress Change Event":false
          }
         ,"Execution":{
            "Sequence":10
           ,"Event":"Get Variants names (37036235025943922430)"
           ,"Fire When Event Result Is":"True"
           ,"Fire on Initialization":false
           ,"Stop Execution On Error":true
           ,"Wait For Result":true
          }
        }
       ,{
          "id":"37036235268505922432"
         ,"Identification":{
            "Action":"Execute JavaScript Code"
          }
         ,"Settings":{
            "Code":"$s(\"P4_VARIANT_1_LABEL\", $v(\"P4_VARIANT_1_NAME\"));\n$s(\"P4_VARIANT_2_LABEL\", $v(\"P4_VARIANT_2_NAME\"));\n$s(\"P4_VARIANT_3_LABEL\", $v(\"P4_VARIANT_3_NAME\"));"
          }
         ,"Execution":{
            "Sequence":20
           ,"Event":"Get Variants names (37036235025943922430)"
           ,"Fire When Event Result Is":"True"
           ,"Fire on Initialization":false
          }
        }
      ]
    }
   ,{
      "id":"37036235454462922434"
     ,"Identification":{
        "Name":"Set Default Variants \u0026 Available Stock"
      }
     ,"Execution":{
        "Sequence":50
      }
     ,"When":{
        "Event":"EVENT.EVENT.BROWSER.READY"
      }
     ,"Execution":{
        "Event Scope":"Static"
      }
     ,"Actions":[
        {
          "id":"37036235520343922435"
         ,"Identification":{
            "Action":"Execute Server-side Code"
          }
         ,"Settings":{
            "Language":"PE.PROPERTY.SOURCE_SNIPPET_LANG.LOV.PLSQL.D"
           ,"PL\/SQL Code":"SELECT\n    VARIANT_1, VARIANT_2, VARIANT_3, STOCK_QUANTITY\nINTO \n    :P4_VARIANT_1, :P4_VARIANT_2, :P4_VARIANT_3, :P4_AVAILABLE_STOCK\nFROM \n    VARIANT_STOCK\nWHERE\n    stock_id = :P4_STOCK_ID;"
           ,"Items to Submit":[
              "P4_CATEGORY_ID"
            ]
           ,"Items to Return":[
              "P4_VARIANT_1"
             ,"P4_VARIANT_2"
             ,"P4_VARIANT_3"
             ,"P4_AVAILABLE_STOCK"
            ]
           ,"Suppress Change Event":false
          }
         ,"Execution":{
            "Sequence":10
           ,"Event":"Set Default Variants \u0026 Available Stock (37036235454462922434)"
           ,"Fire When Event Result Is":"True"
           ,"Fire on Initialization":false
           ,"Stop Execution On Error":true
           ,"Wait For Result":true
          }
        }
      ]
    }
   ,{
      "id":"37730486004167642705"
     ,"Identification":{
        "Name":"Change Stock Quantity"
      }
     ,"Execution":{
        "Sequence":120
      }
     ,"When":{
        "Event":"EVENT.EVENT.BROWSER.CHANGE"
       ,"Selection Type":"Item(s)"
       ,"Item(s)":[
          "P4_VARIANT_3"
        ]
      }
     ,"Execution":{
        "Event Scope":"Static"
       ,"Type":"Immediate"
      }
     ,"Actions":[
        {
          "id":"37730486174038642706"
         ,"Identification":{
            "Action":"Execute Server-side Code"
          }
         ,"Settings":{
            "Language":"PE.PROPERTY.SOURCE_SNIPPET_LANG.LOV.PLSQL.D"
           ,"PL\/SQL Code":"SELECT\n    STOCK_QUANTITY\nINTO \n    :P4_AVAILABLE_STOCK\nFROM \n    VARIANT_STOCK\nWHERE\n    product_id = :P4_PRODUCT_ID\n    AND variant_1 = :P4_VARIANT_1\n    AND variant_2 = :P4_VARIANT_2\n    AND variant_3 = :P4_VARIANT_3;"
           ,"Items to Submit":[
              "P4_VARIANT_1"
             ,"P4_VARIANT_2"
             ,"P4_VARIANT_3"
             ,"P4_PRODUCT_ID"
            ]
           ,"Items to Return":[
              "P4_AVAILABLE_STOCK"
            ]
           ,"Suppress Change Event":false
          }
         ,"Execution":{
            "Sequence":20
           ,"Event":"Change Stock Quantity (37730486004167642705)"
           ,"Fire When Event Result Is":"True"
           ,"Fire on Initialization":false
           ,"Stop Execution On Error":true
           ,"Wait For Result":true
          }
         ,"Client-side Condition":{
            "Type":"Item is not null"
           ,"Item":"P4_VARIANT_3"
          }
        }
       ,{
          "id":"37730486221117642707"
         ,"Identification":{
            "Action":"Refresh"
          }
         ,"Affected Elements":{
            "Selection Type":"Item(s)"
           ,"Item(s)":[
              "P4_AVAILABLE_STOCK"
            ]
          }
         ,"Execution":{
            "Sequence":40
           ,"Event":"Change Stock Quantity (37730486004167642705)"
           ,"Fire When Event Result Is":"True"
           ,"Fire on Initialization":false
          }
        }
      ]
    }
  ]
 ,"Processes":[
    {
      "id":"35681585149973205007"
     ,"Identification":{
        "Name":"Update Qunantity"
       ,"Type":"Execute Code"
       ,"Execution Chain":"None"
      }
     ,"Source":{
        "Location":"Local Database"
       ,"Language":"PL\/SQL"
       ,"PL\/SQL Code":"MANAGE_ORDERS.update_product_qty(:P4_SHOPPING_CART_ITEM,:P4_NEW_QUNTITY);"
      }
     ,"Execution":{
        "Sequence":10
       ,"Point":"Processing"
       ,"Run Process":"Once Per Page Visit (default)"
      }
     ,"Error":{
        "Display Location":"Inline in Notification"
      }
     ,"Server-side Condition":{
        "When Button Pressed":"Update_Quantity (35681584717443205003)"
      }
    }
   ,{
      "id":"35681585229074205008"
     ,"Identification":{
        "Name":"Close Dialog"
       ,"Type":"Close Dialog"
       ,"Execution Chain":"None"
      }
     ,"Execution":{
        "Sequence":20
       ,"Point":"Processing"
       ,"Run Process":"Once Per Page Visit (default)"
      }
     ,"Error":{
        "Display Location":"Inline in Notification"
      }
    }
  ]
}
