{
  "id":"15"
 ,"Identification":{
    "Name":"My Stores"
   ,"Alias":"MY-STORES"
   ,"Title":"\u0026APP_NAME. - My Stores"
  }
 ,"Appearance":{
    "Page Mode":"Normal"
   ,"Page Template":"Theme Default"
   ,"Template Options":[
      "#DEFAULT#"
    ]
  }
 ,"Navigation Menu":{
    "Override User Interface Level":false
  }
 ,"Navigation":{
    "Cursor Focus":"Do not focus cursor"
   ,"Warn on Unsaved Changes":true
  }
 ,"CSS":{
    "File URLs":[
      "#APP_FILES#Styling\/main_style#MIN#.css"
    ]
   ,"Inline":".page-title {\n    text-align: center;\n}\n\n.page-title \u003E h2 {\n    font-family: var(--secondary-header-font);\n}\n\n.page-header {\n    padding-left: 50px;\n    background-color: var(--third-color);\n    font-family: var(--main-header-font);\n}\n\n.page-header-col {\n    text-align: center;\n}\n\n.ui-btn {\n    margin-top: 10px;\n    border: 1px solid var(--third-color);\n    border-radius: 20px;\n}\n\n.ui-btn \u003E h4 {\n    font-family: var(--secondary-header-font);\n    color: var(--fouth-color);\n}\n\nui-btn \u003E p {\n    font-family: var(--regular-text-font);\n}\n\n#R21951575534664991015_filter_input {\n    border-radius: 10px;\n    border: 1px solid var(--fouth-color);\n    font-family: var(--regular-text-font);\n    font-size: medium;\n    text-align: center;\n}\n\n"
  }
 ,"Security":{
    "Authorization Scheme":"Seller Rights -- Custom (19994436662008524033)"
   ,"Authentication":"Page Requires Authentication"
   ,"Deep Linking":"Application Default"
   ,"Page Access Protection":"Arguments Must Have Checksum"
   ,"Form Auto Complete":"Off"
   ,"Browser Cache":"Application Default"
  }
 ,"Session Management":{
    "Rejoin Sessions":"Application Default"
  }
 ,"Advanced":{
    "Enable duplicate page submissions":"Yes - Enable page to be re-posted"
   ,"Reload on Submit":"Only for Success"
  }
 ,"Server Cache":{
    "Caching":"Disabled"
  }
 ,"Regions":[
    {
      "id":"21951575534664991015"
     ,"Identification":{
        "Title":"List Of Stores"
       ,"Type":"List View"
      }
     ,"Source":{
        "Location":"Local Database"
       ,"Type":"SQL Query"
       ,"SQL Query":"SELECT\n    s.STORE_ID,\n    s.STORE_NAME,\n    s.STORE_DESCRIPTION\nFROM\n    STORES s\nWHERE\n    s.CUSTOMER_ID = TO_NUMBER(:USER_ID)\n\n"
      }
     ,"Layout":{
        "Sequence":20
       ,"Parent Region":"No Parent"
       ,"Position":"BODY"
       ,"Start New Layout":false
       ,"Start New Row":true
       ,"Column":"Automatic"
       ,"New Column":true
       ,"Column Span":"Automatic"
      }
     ,"Appearance":{
        "Template":"Standard (19471808805460504264)"
       ,"Template Options":[
          "#DEFAULT#"
         ,"t-Region--removeHeader js-removeLandmark"
         ,"t-Region--textContent"
         ,"t-Region--scrollBody"
        ]
       ,"Render Components":"Above Content"
      }
     ,"Accessibility":{
        "Use Landmark":true
       ,"Landmark Type":"Template Default"
      }
     ,"Advanced":{
        "Region Display Selector":false
       ,"Exclude Title from Translation":false
      }
     ,"Security":{
        "Escape special characters":true
      }
     ,"Server Cache":{
        "Caching":"Disabled"
      }
     ,"Customization":{
        "Customizable":"Not Customizable By End Users"
      }
     ,"Attributes":{
        "Settings":{
          "Features":"ADVANCED_FORMATTING:SEARCH"
         ,"Text Formatting":"\u003Ch4\u003EStore Name : \u003Cb\u003E\u0026STORE_NAME.\u003C\/b\u003E\u003C\/h4\u003E"
         ,"Supplemental Information Formatting":"\u0026STORE_DESCRIPTION."
         ,"Link Target":{
            "url":"f?p=\u0026APP_ID.:5:\u0026SESSION.::\u0026DEBUG.:5:P5_STORE_ID,P5_STORE_NAME:\u0026STORE_ID.,\u0026STORE_NAME."
           ,"Page":"5"
           ,"Clear Cache":"5"
           ,"Values":{
              "P5_STORE_ID":"\u0026STORE_ID."
             ,"P5_STORE_NAME":"\u0026STORE_NAME."
            }
          }
         ,"Search Type":"Server: Like \u0026 Ignore Case"
         ,"Search Box Placeholder":"search for a store.."
        }
       ,"Layout":{
          "Number of Rows Type":"Static Value"
         ,"Number of Rows":15
        }
       ,"Messages":{
          "When No Data Found":"No Stores Yet ! Go Ahead And Create Your First Store"
        }
      }
    }
   ,{
      "id":"92383169850782271177"
     ,"Identification":{
        "Title":"Page Title"
       ,"Type":"Static Content"
      }
     ,"Source":{
        "HTML Code":"\u003Cdiv class=\"page-title\"\u003E\n    \u003Cspan aria-hidden=\"true\" class=\"fa fa-home fa-3x\"\u003E\u003C\/span\u003E\n    \u003Ch2 \u003E My Stores \u003C\/h2\u003E\n\u003C\/div\u003E"
      }
     ,"Layout":{
        "Sequence":5
       ,"Parent Region":"No Parent"
       ,"Position":"BODY"
       ,"Start New Layout":false
       ,"Start New Row":true
       ,"Column":"Automatic"
       ,"New Column":true
       ,"Column Span":"Automatic"
      }
     ,"Appearance":{
        "Template":"Blank with Attributes (19471542261328504234)"
       ,"Template Options":[
          "#DEFAULT#"
         ,"margin-top-lg"
         ,"margin-bottom-lg"
        ]
       ,"Render Components":"Above Content"
      }
     ,"Accessibility":{
        "Use Landmark":true
       ,"Landmark Type":"Template Default"
      }
     ,"Advanced":{
        "Region Display Selector":false
       ,"Exclude Title from Translation":false
      }
     ,"Server Cache":{
        "Caching":"Disabled"
      }
     ,"Customization":{
        "Customizable":"Not Customizable By End Users"
      }
     ,"Attributes":{
        "Settings":{
          "Output As":"HTML"
         ,"Expand Shortcuts":false
        }
      }
    }
  ]
}
