{
  "id":"29"
 ,"Identification":{
    "Name":"Product Operations"
   ,"Alias":"PRODUCT-OPERATIONS"
   ,"Title":"Product Operations"
  }
 ,"Appearance":{
    "Page Mode":"Modal Dialog"
   ,"Dialog Template":"Modal Dialog (19471526897141504226)"
   ,"Template Options":[
      "#DEFAULT#"
     ,"t-Dialog--noPadding"
     ,"t-DeferredRendering"
    ]
  }
 ,"Dialog":{
    "Width":"60%"
   ,"Chained":true
  }
 ,"Navigation Menu":{
    "Override User Interface Level":false
  }
 ,"Navigation":{
    "Cursor Focus":"Do not focus cursor"
   ,"Warn on Unsaved Changes":true
  }
 ,"Security":{
    "Authentication":"Page Requires Authentication"
   ,"Deep Linking":"Application Default"
   ,"Page Access Protection":"Arguments Must Have Checksum"
   ,"Form Auto Complete":"Off"
   ,"Browser Cache":"Application Default"
  }
 ,"Session Management":{
    "Rejoin Sessions":"Application Default"
  }
 ,"Advanced":{
    "Enable duplicate page submissions":"Yes - Enable page to be re-posted"
   ,"Reload on Submit":"Only for Success"
  }
 ,"Server Cache":{
    "Caching":"Disabled"
  }
 ,"Regions":[
    {
      "id":"21987309891957949807"
     ,"Identification":{
        "Title":"Add Product"
       ,"Type":"Form"
      }
     ,"Source":{
        "Location":"Local Database"
       ,"Type":"Table \/ View"
       ,"Table Owner":"Parsing Schema"
       ,"Table Name":"PRODUCT"
       ,"Include ROWID Column":false
      }
     ,"Layout":{
        "Sequence":40
       ,"Parent Region":"No Parent"
       ,"Position":"BODY"
       ,"Start New Layout":false
       ,"Start New Row":true
       ,"Column":"Automatic"
       ,"New Column":true
       ,"Column Span":"Automatic"
      }
     ,"Appearance":{
        "Template":"Blank with Attributes (19471542261328504234)"
       ,"Template Options":[
          "#DEFAULT#"
        ]
       ,"Render Components":"Above Content"
      }
     ,"Accessibility":{
        "Use Landmark":true
       ,"Landmark Type":"Template Default"
      }
     ,"Advanced":{
        "Region Display Selector":false
       ,"Exclude Title from Translation":false
      }
     ,"Server Cache":{
        "Caching":"Disabled"
      }
     ,"Customization":{
        "Customizable":"Not Customizable By End Users"
      }
     ,"Attributes":{
        "Edit":{
          "Enabled":true
         ,"Allowed Operations":[
            "Add Row"
           ,"Update Row"
           ,"Delete Row"
          ]
         ,"Lost Update Type":"Row Values"
        }
      }
    }
   ,{
      "id":"21987318517657949813"
     ,"Identification":{
        "Title":"Buttons"
       ,"Type":"Static Content"
      }
     ,"Layout":{
        "Sequence":20
       ,"Parent Region":"No Parent"
       ,"Position":"REGION_POSITION_03"
       ,"Start New Layout":false
       ,"Start New Row":true
       ,"Column":"Automatic"
       ,"New Column":true
       ,"Column Span":"Automatic"
      }
     ,"Appearance":{
        "Template":"Buttons Container (19471545059842504235)"
       ,"Template Options":[
          "#DEFAULT#"
        ]
       ,"Render Components":"Above Content"
      }
     ,"Accessibility":{
        "Use Landmark":true
       ,"Landmark Type":"Template Default"
      }
     ,"Advanced":{
        "Region Display Selector":false
       ,"Exclude Title from Translation":false
      }
     ,"Server Cache":{
        "Caching":"Disabled"
      }
     ,"Customization":{
        "Customizable":"Not Customizable By End Users"
      }
     ,"Attributes":{
        "Settings":{
          "Output As":"Text (escape special characters)"
         ,"Show Line Breaks":true
        }
      }
    }
  ]
 ,"Page Items":[
    {
      "id":"21987310527028949808"
     ,"Identification":{
        "Name":"P29_PRODUCT_NAME"
       ,"Type":"Text Field"
      }
     ,"Label":{
        "Label":"\u003Cp style=\"color:grey;opacity:0.5;text-align:center;\"\u003EProdcut Name\u003C\/p\u003E"
       ,"Alignment":"Left"
      }
     ,"Settings":{
        "Subtype":"Text"
       ,"Trim Spaces":"None"
       ,"Text Case":"NO CHANGE"
       ,"Submit when Enter pressed":false
       ,"Disabled":false
      }
     ,"Layout":{
        "Sequence":20
       ,"Region":"Add Product (21987309891957949807)"
       ,"Position":"BODY"
       ,"Alignment":"Left"
       ,"Start New Layout":false
       ,"Start New Row":true
       ,"Column":"3"
       ,"New Column":true
       ,"Column Span":"8"
       ,"Label Column Span":"Page Template Default"
      }
     ,"Appearance":{
        "Template":"Required - Floating (19471880875514504303)"
       ,"Template Options":[
          "#DEFAULT#"
         ,"t-Form-fieldContainer--indicatorAsterisk"
         ,"t-Form-fieldContainer--large"
         ,"t-Form-fieldContainer--boldDisplay"
        ]
       ,"Width":32
      }
     ,"Validation":{
        "Value Required":true
       ,"Maximum Length":255
      }
     ,"Advanced":{
        "Warn on Unsaved Changes":"Page Default"
      }
     ,"Source":{
        "Form Region":"Add Product (21987309891957949807)"
       ,"Column":"PRODUCT_NAME"
       ,"Data Type":"VARCHAR2"
       ,"Query Only":false
       ,"Primary Key":false
      }
     ,"Session State":{
        "Storage":"Per Request (Memory Only)"
      }
     ,"Quick Picks":{
        "Show Quick Picks":false
      }
     ,"Security":{
        "Session State Protection":"Unrestricted"
       ,"Store value encrypted in session state":true
       ,"Restricted Characters":"All characters can be saved."
      }
    }
   ,{
      "id":"21987310983609949809"
     ,"Identification":{
        "Name":"P29_PRODUCT_DESCRIPTION"
       ,"Type":"Textarea"
      }
     ,"Label":{
        "Label":"\u003Cp style=\"color:grey;opacity:0.5;text-align:center;\"\u003EProduct Description\u003C\/p\u003E"
       ,"Alignment":"Left"
      }
     ,"Settings":{
        "Resizable":false
       ,"Auto-Height":true
       ,"Character Counter":true
       ,"Trim Spaces":"Leading and Trailing"
      }
     ,"Layout":{
        "Sequence":30
       ,"Region":"Add Product (21987309891957949807)"
       ,"Position":"BODY"
       ,"Alignment":"Left"
       ,"Start New Layout":false
       ,"Start New Row":true
       ,"Column":"3"
       ,"New Column":true
       ,"Column Span":"8"
       ,"Label Column Span":"Page Template Default"
      }
     ,"Appearance":{
        "Template":"Optional - Floating (19471879586967504303)"
       ,"Template Options":[
          "#DEFAULT#"
        ]
       ,"Width":32
       ,"Height":2
      }
     ,"Validation":{
        "Value Required":false
       ,"Maximum Length":100
      }
     ,"Advanced":{
        "Warn on Unsaved Changes":"Page Default"
      }
     ,"Source":{
        "Form Region":"Add Product (21987309891957949807)"
       ,"Column":"PRODUCT_DESCRIPTION"
       ,"Data Type":"VARCHAR2"
       ,"Query Only":false
       ,"Primary Key":false
      }
     ,"Session State":{
        "Data Type":"VARCHAR2"
       ,"Storage":"Per Request (Memory Only)"
      }
     ,"Quick Picks":{
        "Show Quick Picks":false
      }
     ,"Security":{
        "Session State Protection":"Unrestricted"
       ,"Store value encrypted in session state":true
       ,"Restricted Characters":"All characters can be saved."
      }
    }
   ,{
      "id":"21987311328451949809"
     ,"Identification":{
        "Name":"P29_UNIT_PRICE"
       ,"Type":"Number Field"
      }
     ,"Label":{
        "Label":"\u003Cp style=\"color:grey;opacity:0.5;text-align:center;\"\u003EUnit Price\u003C\/p\u003E"
       ,"Alignment":"Left"
      }
     ,"Settings":{
        "Number Alignment":"Start"
       ,"Virtual Keyboard":"Decimal"
      }
     ,"Layout":{
        "Sequence":90
       ,"Region":"Add Product (21987309891957949807)"
       ,"Position":"BODY"
       ,"Alignment":"Left"
       ,"Start New Layout":false
       ,"Start New Row":true
       ,"Column":"3"
       ,"New Column":true
       ,"Column Span":"4"
       ,"Label Column Span":"Page Template Default"
      }
     ,"Appearance":{
        "Template":"Required - Floating (19471880875514504303)"
       ,"Template Options":[
          "#DEFAULT#"
         ,"t-Form-fieldContainer--indicatorAsterisk"
        ]
       ,"Width":32
      }
     ,"Validation":{
        "Value Required":true
       ,"Maximum Length":255
      }
     ,"Advanced":{
        "Warn on Unsaved Changes":"Page Default"
      }
     ,"Source":{
        "Form Region":"Add Product (21987309891957949807)"
       ,"Column":"UNIT_PRICE"
       ,"Data Type":"NUMBER"
       ,"Query Only":false
       ,"Primary Key":false
      }
     ,"Session State":{
        "Storage":"Per Request (Memory Only)"
      }
     ,"Quick Picks":{
        "Show Quick Picks":false
      }
     ,"Security":{
        "Session State Protection":"Unrestricted"
       ,"Store value encrypted in session state":true
       ,"Restricted Characters":"All characters can be saved."
      }
    }
   ,{
      "id":"21987311711092949809"
     ,"Identification":{
        "Name":"P29_PRODUCT_IMAGE"
       ,"Type":"File Browse..."
      }
     ,"Label":{
        "Label":"\u003Cp style=\"color:grey;opacity:0.5;text-align:center;\"\u003EPicture\u003C\/p\u003E"
       ,"Alignment":"Left"
      }
     ,"Settings":{
        "Display As":"Inline File Browse"
       ,"Storage Type":"BLOB column specified in Item Source attribute"
       ,"MIME Type Column":"IMAGE_MIME_TYPE"
       ,"Filename Column":"IMAGE_FILENAME"
       ,"Character Set Column":"IMAGE_CHARSET"
       ,"BLOB Last Updated Column":"IMAGE_LAST_UPDATED"
       ,"Display Download Link":false
      }
     ,"Layout":{
        "Sequence":120
       ,"Region":"Add Product (21987309891957949807)"
       ,"Position":"BODY"
       ,"Alignment":"Left"
       ,"Start New Layout":false
       ,"Start New Row":true
       ,"Column":"3"
       ,"New Column":true
       ,"Column Span":"8"
       ,"Label Column Span":"Page Template Default"
      }
     ,"Appearance":{
        "Template":"Optional - Floating (19471879586967504303)"
       ,"Template Options":[
          "#DEFAULT#"
         ,"t-Form-fieldContainer--xlarge"
        ]
       ,"Width":60
      }
     ,"Validation":{
        "Value Required":false
       ,"Maximum Length":255
      }
     ,"Advanced":{
        "Warn on Unsaved Changes":"Page Default"
      }
     ,"Source":{
        "Form Region":"Add Product (21987309891957949807)"
       ,"Column":"PRODUCT_IMAGE"
       ,"Data Type":"BLOB"
       ,"Query Only":false
       ,"Primary Key":false
      }
     ,"Session State":{
        "Storage":"Per Session (Persistent)"
      }
     ,"Security":{
        "Session State Protection":"Unrestricted"
       ,"Restricted Characters":"All characters can be saved."
      }
    }
   ,{
      "id":"21987312168965949809"
     ,"Identification":{
        "Name":"P29_IMAGE_MIME_TYPE"
       ,"Type":"Hidden"
      }
     ,"Settings":{
        "Value Protected":true
      }
     ,"Layout":{
        "Sequence":130
       ,"Region":"Add Product (21987309891957949807)"
       ,"Position":"BODY"
      }
     ,"Advanced":{
        "Warn on Unsaved Changes":"Page Default"
      }
     ,"Source":{
        "Form Region":"Add Product (21987309891957949807)"
       ,"Column":"IMAGE_MIME_TYPE"
       ,"Data Type":"VARCHAR2"
       ,"Query Only":false
       ,"Primary Key":false
      }
     ,"Session State":{
        "Data Type":"VARCHAR2"
       ,"Storage":"Per Request (Memory Only)"
      }
     ,"Security":{
        "Session State Protection":"Unrestricted"
       ,"Store value encrypted in session state":true
       ,"Restricted Characters":"All characters can be saved."
      }
    }
   ,{
      "id":"21987312522887949810"
     ,"Identification":{
        "Name":"P29_IMAGE_FILENAME"
       ,"Type":"Hidden"
      }
     ,"Settings":{
        "Value Protected":true
      }
     ,"Layout":{
        "Sequence":140
       ,"Region":"Add Product (21987309891957949807)"
       ,"Position":"BODY"
      }
     ,"Advanced":{
        "Warn on Unsaved Changes":"Page Default"
      }
     ,"Source":{
        "Form Region":"Add Product (21987309891957949807)"
       ,"Column":"IMAGE_FILENAME"
       ,"Data Type":"VARCHAR2"
       ,"Query Only":false
       ,"Primary Key":false
      }
     ,"Session State":{
        "Data Type":"VARCHAR2"
       ,"Storage":"Per Request (Memory Only)"
      }
     ,"Security":{
        "Session State Protection":"Unrestricted"
       ,"Store value encrypted in session state":true
       ,"Restricted Characters":"All characters can be saved."
      }
    }
   ,{
      "id":"21987312997756949810"
     ,"Identification":{
        "Name":"P29_IMAGE_CHARSET"
       ,"Type":"Hidden"
      }
     ,"Settings":{
        "Value Protected":true
      }
     ,"Layout":{
        "Sequence":150
       ,"Region":"Add Product (21987309891957949807)"
       ,"Position":"BODY"
      }
     ,"Advanced":{
        "Warn on Unsaved Changes":"Page Default"
      }
     ,"Source":{
        "Form Region":"Add Product (21987309891957949807)"
       ,"Column":"IMAGE_CHARSET"
       ,"Data Type":"VARCHAR2"
       ,"Query Only":false
       ,"Primary Key":false
      }
     ,"Session State":{
        "Data Type":"VARCHAR2"
       ,"Storage":"Per Request (Memory Only)"
      }
     ,"Security":{
        "Session State Protection":"Unrestricted"
       ,"Store value encrypted in session state":true
       ,"Restricted Characters":"All characters can be saved."
      }
    }
   ,{
      "id":"21987313323849949810"
     ,"Identification":{
        "Name":"P29_IMAGE_LAST_UPDATED"
       ,"Type":"Hidden"
      }
     ,"Settings":{
        "Value Protected":true
      }
     ,"Layout":{
        "Sequence":160
       ,"Region":"Add Product (21987309891957949807)"
       ,"Position":"BODY"
      }
     ,"Advanced":{
        "Warn on Unsaved Changes":"Page Default"
      }
     ,"Source":{
        "Form Region":"Add Product (21987309891957949807)"
       ,"Column":"IMAGE_LAST_UPDATED"
       ,"Data Type":"DATE"
       ,"Query Only":false
       ,"Primary Key":false
      }
     ,"Default":{
        "Type":"Expression"
       ,"Language":"SQL"
       ,"SQL Expression":"SYSDATE"
      }
     ,"Session State":{
        "Data Type":"VARCHAR2"
       ,"Storage":"Per Request (Memory Only)"
      }
     ,"Security":{
        "Session State Protection":"Unrestricted"
       ,"Store value encrypted in session state":true
       ,"Restricted Characters":"All characters can be saved."
      }
    }
   ,{
      "id":"21987313773225949810"
     ,"Identification":{
        "Name":"P29_DISCOUNT"
       ,"Type":"Text Field"
      }
     ,"Label":{
        "Label":"\u003Cp style=\"color:grey;opacity:0.5;text-align:center;\"\u003EDiscount\u003C\/p\u003E"
       ,"Alignment":"Left"
      }
     ,"Settings":{
        "Subtype":"Text"
       ,"Trim Spaces":"None"
       ,"Text Case":"NO CHANGE"
       ,"Submit when Enter pressed":false
       ,"Disabled":false
      }
     ,"Layout":{
        "Sequence":100
       ,"Region":"Add Product (21987309891957949807)"
       ,"Position":"BODY"
       ,"Alignment":"Left"
       ,"Start New Layout":false
       ,"Start New Row":false
       ,"Column":"Automatic"
       ,"New Column":true
       ,"Column Span":"4"
       ,"Label Column Span":"Page Template Default"
      }
     ,"Appearance":{
        "Template":"Optional - Floating (19471879586967504303)"
       ,"Template Options":[
          "#DEFAULT#"
        ]
       ,"Width":32
      }
     ,"Validation":{
        "Value Required":false
       ,"Maximum Length":50
      }
     ,"Advanced":{
        "Warn on Unsaved Changes":"Page Default"
      }
     ,"Source":{
        "Form Region":"Add Product (21987309891957949807)"
       ,"Column":"DISCOUNT"
       ,"Data Type":"NUMBER"
       ,"Query Only":false
       ,"Primary Key":false
      }
     ,"Session State":{
        "Storage":"Per Request (Memory Only)"
      }
     ,"Quick Picks":{
        "Show Quick Picks":false
      }
     ,"Security":{
        "Session State Protection":"Unrestricted"
       ,"Store value encrypted in session state":true
       ,"Restricted Characters":"All characters can be saved."
      }
    }
   ,{
      "id":"21987314176115949811"
     ,"Identification":{
        "Name":"P29_CATEGORY_ID"
       ,"Type":"Select List"
      }
     ,"Label":{
        "Label":"\u003Cp style=\"color:grey;opacity:0.5;text-align:center;\"\u003ECategory\u003C\/p\u003E"
       ,"Alignment":"Left"
      }
     ,"Settings":{
        "Page Action on Selection":"None"
       ,"Allow Multi Selection":false
      }
     ,"Layout":{
        "Sequence":40
       ,"Region":"Add Product (21987309891957949807)"
       ,"Position":"BODY"
       ,"Alignment":"Left"
       ,"Start New Layout":false
       ,"Start New Row":true
       ,"Column":"3"
       ,"New Column":true
       ,"Column Span":"8"
       ,"Label Column Span":"Page Template Default"
      }
     ,"Appearance":{
        "Template":"Optional - Floating (19471879586967504303)"
       ,"Template Options":[
          "#DEFAULT#"
        ]
       ,"Height":1
      }
     ,"Validation":{
        "Value Required":false
      }
     ,"List of Values":{
        "Type":"Shared Component"
       ,"List of Values":"CATEGORIES.CATEGORY_NAME (19472084542610506334)"
       ,"Display Extra Values":true
       ,"Display Null Value":true
      }
     ,"Advanced":{
        "Warn on Unsaved Changes":"Page Default"
      }
     ,"Source":{
        "Form Region":"Add Product (21987309891957949807)"
       ,"Column":"CATEGORY_ID"
       ,"Data Type":"NUMBER"
       ,"Query Only":false
       ,"Primary Key":false
      }
     ,"Session State":{
        "Storage":"Per Request (Memory Only)"
      }
     ,"Quick Picks":{
        "Show Quick Picks":false
      }
     ,"Security":{
        "Session State Protection":"Unrestricted"
       ,"Store value encrypted in session state":true
       ,"Restricted Characters":"All characters can be saved."
      }
    }
   ,{
      "id":"21987314538191949811"
     ,"Identification":{
        "Name":"P29_STORE_ID"
       ,"Type":"Hidden"
      }
     ,"Settings":{
        "Value Protected":true
      }
     ,"Layout":{
        "Sequence":170
       ,"Region":"Add Product (21987309891957949807)"
       ,"Position":"BODY"
      }
     ,"Advanced":{
        "Warn on Unsaved Changes":"Page Default"
      }
     ,"Source":{
        "Form Region":"Add Product (21987309891957949807)"
       ,"Column":"STORE_ID"
       ,"Data Type":"NUMBER"
       ,"Query Only":false
       ,"Primary Key":false
      }
     ,"Session State":{
        "Data Type":"VARCHAR2"
       ,"Storage":"Per Request (Memory Only)"
      }
     ,"Security":{
        "Session State Protection":"Unrestricted"
       ,"Store value encrypted in session state":true
       ,"Restricted Characters":"All characters can be saved."
      }
    }
   ,{
      "id":"23360324936166955703"
     ,"Identification":{
        "Name":"P29_VARIANT_2"
       ,"Type":"Text Field"
      }
     ,"Label":{
        "Label":"\u003Cp style=\"color:grey;opacity:0.5;text-align:center;\"\u003E\u003C\/p\u003E"
       ,"Alignment":"Left"
      }
     ,"Settings":{
        "Subtype":"Text"
       ,"Trim Spaces":"Leading and Trailing"
       ,"Text Case":"NO CHANGE"
       ,"Submit when Enter pressed":false
       ,"Disabled":false
      }
     ,"Layout":{
        "Sequence":60
       ,"Region":"Add Product (21987309891957949807)"
       ,"Position":"BODY"
       ,"Alignment":"Left"
       ,"Start New Layout":false
       ,"Start New Row":true
       ,"Column":"3"
       ,"New Column":true
       ,"Column Span":"8"
       ,"Label Column Span":"Page Template Default"
      }
     ,"Appearance":{
        "Template":"Optional - Floating (19471879586967504303)"
       ,"Template Options":[
          "#DEFAULT#"
        ]
       ,"Width":30
      }
     ,"Validation":{
        "Value Required":false
      }
     ,"Advanced":{
        "Warn on Unsaved Changes":"Page Default"
      }
     ,"Source":{
        "Type":"Null"
       ,"Used":"Only when current value in session state is null"
      }
     ,"Session State":{
        "Storage":"Per Session (Persistent)"
      }
     ,"Quick Picks":{
        "Show Quick Picks":false
      }
     ,"Security":{
        "Session State Protection":"Unrestricted"
       ,"Store value encrypted in session state":true
       ,"Restricted Characters":"All characters can be saved."
      }
    }
   ,{
      "id":"23360325235973955706"
     ,"Identification":{
        "Name":"P29_VARIANT_1"
       ,"Type":"Text Field"
      }
     ,"Label":{
        "Label":"\u003Cp style=\"color:grey;opacity:0.5;text-align:center;\"\u003E\u003C\/p\u003E"
       ,"Alignment":"Left"
      }
     ,"Settings":{
        "Subtype":"Text"
       ,"Trim Spaces":"Leading and Trailing"
       ,"Text Case":"NO CHANGE"
       ,"Submit when Enter pressed":false
       ,"Disabled":false
      }
     ,"Layout":{
        "Sequence":50
       ,"Region":"Add Product (21987309891957949807)"
       ,"Position":"BODY"
       ,"Alignment":"Left"
       ,"Start New Layout":false
       ,"Start New Row":true
       ,"Column":"3"
       ,"New Column":true
       ,"Column Span":"8"
       ,"Label Column Span":"Page Template Default"
      }
     ,"Appearance":{
        "Template":"Optional - Floating (19471879586967504303)"
       ,"Template Options":[
          "#DEFAULT#"
        ]
       ,"Width":30
      }
     ,"Validation":{
        "Value Required":false
      }
     ,"Advanced":{
        "Warn on Unsaved Changes":"Page Default"
      }
     ,"Source":{
        "Type":"Null"
       ,"Used":"Only when current value in session state is null"
      }
     ,"Session State":{
        "Storage":"Per Session (Persistent)"
      }
     ,"Quick Picks":{
        "Show Quick Picks":false
      }
     ,"Security":{
        "Session State Protection":"Unrestricted"
       ,"Store value encrypted in session state":true
       ,"Restricted Characters":"All characters can be saved."
      }
    }
   ,{
      "id":"23360325307368955707"
     ,"Identification":{
        "Name":"P29_VARIANT_3"
       ,"Type":"Text Field"
      }
     ,"Label":{
        "Label":"\u003Cp style=\"color:grey;opacity:0.5;text-align:center;\"\u003E\u003C\/p\u003E"
       ,"Alignment":"Left"
      }
     ,"Settings":{
        "Subtype":"Text"
       ,"Trim Spaces":"Leading and Trailing"
       ,"Text Case":"NO CHANGE"
       ,"Submit when Enter pressed":false
       ,"Disabled":false
      }
     ,"Layout":{
        "Sequence":70
       ,"Region":"Add Product (21987309891957949807)"
       ,"Position":"BODY"
       ,"Alignment":"Left"
       ,"Start New Layout":false
       ,"Start New Row":true
       ,"Column":"3"
       ,"New Column":true
       ,"Column Span":"8"
       ,"Label Column Span":"Page Template Default"
      }
     ,"Appearance":{
        "Template":"Optional - Floating (19471879586967504303)"
       ,"Template Options":[
          "#DEFAULT#"
        ]
       ,"Width":30
      }
     ,"Validation":{
        "Value Required":false
      }
     ,"Advanced":{
        "Warn on Unsaved Changes":"Page Default"
      }
     ,"Source":{
        "Type":"Null"
       ,"Used":"Only when current value in session state is null"
      }
     ,"Session State":{
        "Storage":"Per Session (Persistent)"
      }
     ,"Quick Picks":{
        "Show Quick Picks":false
      }
     ,"Security":{
        "Session State Protection":"Unrestricted"
       ,"Store value encrypted in session state":true
       ,"Restricted Characters":"All characters can be saved."
      }
    }
   ,{
      "id":"23360327317926955727"
     ,"Identification":{
        "Name":"P29_VARIANT_1_NAME"
       ,"Type":"Hidden"
      }
     ,"Settings":{
        "Value Protected":false
      }
     ,"Layout":{
        "Sequence":60
       ,"Region":"No Parent"
       ,"Position":"BODY"
      }
     ,"Advanced":{
        "Warn on Unsaved Changes":"Page Default"
      }
     ,"Source":{
        "Type":"Null"
       ,"Used":"Only when current value in session state is null"
      }
     ,"Session State":{
        "Data Type":"VARCHAR2"
       ,"Storage":"Per Session (Persistent)"
      }
     ,"Security":{
        "Session State Protection":"Unrestricted"
       ,"Store value encrypted in session state":true
       ,"Restricted Characters":"All characters can be saved."
      }
    }
   ,{
      "id":"23360327402122955728"
     ,"Identification":{
        "Name":"P29_VARIANT_2_NAME"
       ,"Type":"Hidden"
      }
     ,"Settings":{
        "Value Protected":false
      }
     ,"Layout":{
        "Sequence":80
       ,"Region":"No Parent"
       ,"Position":"BODY"
      }
     ,"Advanced":{
        "Warn on Unsaved Changes":"Page Default"
      }
     ,"Source":{
        "Type":"Null"
       ,"Used":"Only when current value in session state is null"
      }
     ,"Session State":{
        "Data Type":"VARCHAR2"
       ,"Storage":"Per Session (Persistent)"
      }
     ,"Security":{
        "Session State Protection":"Unrestricted"
       ,"Store value encrypted in session state":true
       ,"Restricted Characters":"All characters can be saved."
      }
    }
   ,{
      "id":"23360327570433955729"
     ,"Identification":{
        "Name":"P29_VARIANT_3_NAME"
       ,"Type":"Hidden"
      }
     ,"Settings":{
        "Value Protected":false
      }
     ,"Layout":{
        "Sequence":90
       ,"Region":"No Parent"
       ,"Position":"BODY"
      }
     ,"Advanced":{
        "Warn on Unsaved Changes":"Page Default"
      }
     ,"Source":{
        "Type":"Null"
       ,"Used":"Only when current value in session state is null"
      }
     ,"Session State":{
        "Data Type":"VARCHAR2"
       ,"Storage":"Per Session (Persistent)"
      }
     ,"Security":{
        "Session State Protection":"Unrestricted"
       ,"Store value encrypted in session state":true
       ,"Restricted Characters":"All characters can be saved."
      }
    }
   ,{
      "id":"23360328751831955741"
     ,"Identification":{
        "Name":"P29_PRODUCT_ID"
       ,"Type":"Hidden"
      }
     ,"Settings":{
        "Value Protected":true
      }
     ,"Layout":{
        "Sequence":10
       ,"Region":"Add Product (21987309891957949807)"
       ,"Position":"BODY"
      }
     ,"Advanced":{
        "Warn on Unsaved Changes":"Page Default"
      }
     ,"Source":{
        "Form Region":"Add Product (21987309891957949807)"
       ,"Column":"PRODUCT_ID"
       ,"Data Type":"NUMBER"
       ,"Query Only":false
       ,"Primary Key":true
      }
     ,"Default":{
        "Type":"Sequence"
       ,"Sequence":"PRODUCT_ID_SEQ"
      }
     ,"Session State":{
        "Data Type":"VARCHAR2"
       ,"Storage":"Per Request (Memory Only)"
      }
     ,"Security":{
        "Session State Protection":"Checksum Required - Session Level"
       ,"Store value encrypted in session state":true
       ,"Restricted Characters":"All characters can be saved."
      }
    }
  ]
 ,"Buttons":[
    {
      "id":"21987318956717949814"
     ,"Identification":{
        "Button Name":"CANCEL"
       ,"Label":"Cancel"
      }
     ,"Layout":{
        "Sequence":10
       ,"Region":"Buttons (21987318517657949813)"
       ,"Position":"CLOSE"
       ,"Start New Layout":false
       ,"Start New Row":true
       ,"Column":"Automatic"
       ,"New Column":true
       ,"Column Span":"Automatic"
      }
     ,"Appearance":{
        "Button Template":"Text (19471882000429504304)"
       ,"Hot":false
       ,"Template Options":[
          "#DEFAULT#"
        ]
      }
     ,"Behavior":{
        "Action":"Defined by Dynamic Action"
       ,"Execute Validations":true
      }
    }
   ,{
      "id":"21987320319437949815"
     ,"Identification":{
        "Button Name":"DELETE"
       ,"Label":"Delete Product"
      }
     ,"Layout":{
        "Sequence":20
       ,"Region":"Buttons (21987318517657949813)"
       ,"Position":"DELETE"
       ,"Start New Layout":false
       ,"Start New Row":true
       ,"Column":"Automatic"
       ,"New Column":true
       ,"Column Span":"Automatic"
      }
     ,"Appearance":{
        "Button Template":"Text (19471882000429504304)"
       ,"Hot":false
       ,"Template Options":[
          "#DEFAULT#"
         ,"t-Button--danger"
        ]
      }
     ,"Behavior":{
        "Action":"Submit Page"
       ,"Execute Validations":false
       ,"Warn on Unsaved Changes":"Do Not Check"
       ,"Database Action":"SQL DELETE action"
      }
     ,"Confirmation":{
        "Message":"\u0026APP_TEXT$DELETE_MSG!RAW."
       ,"Style":"Danger"
      }
     ,"Server-side Condition":{
        "Type":"Item is NOT NULL"
       ,"Item":"P29_PRODUCT_ID"
      }
    }
   ,{
      "id":"21987320745688949815"
     ,"Identification":{
        "Button Name":"SAVE"
       ,"Label":"Update Product"
      }
     ,"Layout":{
        "Sequence":30
       ,"Region":"Buttons (21987318517657949813)"
       ,"Position":"NEXT"
       ,"Start New Layout":false
       ,"Start New Row":true
       ,"Column":"Automatic"
       ,"New Column":true
       ,"Column Span":"Automatic"
      }
     ,"Appearance":{
        "Button Template":"Text (19471882000429504304)"
       ,"Hot":true
       ,"Template Options":[
          "#DEFAULT#"
         ,"t-Button--warning"
        ]
      }
     ,"Behavior":{
        "Action":"Submit Page"
       ,"Execute Validations":true
       ,"Warn on Unsaved Changes":"Do Not Check"
       ,"Database Action":"SQL UPDATE action"
      }
     ,"Server-side Condition":{
        "Type":"Item is NOT NULL"
       ,"Item":"P29_PRODUCT_ID"
      }
    }
   ,{
      "id":"21987321111840949816"
     ,"Identification":{
        "Button Name":"CREATE"
       ,"Label":"Create New Product"
      }
     ,"Layout":{
        "Sequence":40
       ,"Region":"Buttons (21987318517657949813)"
       ,"Position":"NEXT"
       ,"Start New Layout":false
       ,"Start New Row":true
       ,"Column":"Automatic"
       ,"New Column":true
       ,"Column Span":"Automatic"
      }
     ,"Appearance":{
        "Button Template":"Text (19471882000429504304)"
       ,"Hot":true
       ,"Template Options":[
          "#DEFAULT#"
        ]
      }
     ,"Behavior":{
        "Action":"Submit Page"
       ,"Execute Validations":true
       ,"Warn on Unsaved Changes":"Do Not Check"
       ,"Database Action":"SQL INSERT action"
      }
     ,"Server-side Condition":{
        "Type":"Item is NULL"
       ,"Item":"P29_PRODUCT_ID"
      }
    }
  ]
 ,"Dynamic Actions":[
    {
      "id":"21987319008985949814"
     ,"Identification":{
        "Name":"Cancel Dialog"
      }
     ,"Execution":{
        "Sequence":10
      }
     ,"When":{
        "Event":"EVENT.EVENT.BROWSER.CLICK"
       ,"Selection Type":"Button"
       ,"Button":"CANCEL (21987318956717949814)"
      }
     ,"Execution":{
        "Event Scope":"Static"
       ,"Type":"Immediate"
      }
     ,"Actions":[
        {
          "id":"21987319879297949815"
         ,"Identification":{
            "Action":"Cancel Dialog"
          }
         ,"Execution":{
            "Sequence":10
           ,"Event":"Cancel Dialog (21987319008985949814)"
           ,"Fire When Event Result Is":"True"
           ,"Fire on Initialization":false
          }
        }
      ]
    }
   ,{
      "id":"23360326468303955718"
     ,"Identification":{
        "Name":"Show and Hide Variants"
      }
     ,"Execution":{
        "Sequence":40
      }
     ,"When":{
        "Event":"EVENT.EVENT.BROWSER.CHANGE"
       ,"Selection Type":"Item(s)"
       ,"Item(s)":[
          "P29_CATEGORY_ID"
        ]
      }
     ,"Client-side Condition":{
        "Type":"Item is not null"
       ,"Item":"P29_CATEGORY_ID"
      }
     ,"Execution":{
        "Event Scope":"Static"
       ,"Type":"Immediate"
      }
     ,"Actions":[
        {
          "id":"23360326570074955719"
         ,"Identification":{
            "Action":"Show"
          }
         ,"Affected Elements":{
            "Selection Type":"Item(s)"
           ,"Item(s)":[
              "P29_VARIANT_1"
             ,"P29_VARIANT_2"
             ,"P29_VARIANT_3"
            ]
          }
         ,"Execution":{
            "Sequence":40
           ,"Event":"Show and Hide Variants (23360326468303955718)"
           ,"Fire When Event Result Is":"True"
           ,"Fire on Initialization":true
          }
        }
       ,{
          "id":"23360326631383955720"
         ,"Identification":{
            "Action":"Hide"
          }
         ,"Affected Elements":{
            "Selection Type":"Item(s)"
           ,"Item(s)":[
              "P29_VARIANT_1"
             ,"P29_VARIANT_2"
             ,"P29_VARIANT_3"
            ]
          }
         ,"Execution":{
            "Sequence":10
           ,"Event":"Show and Hide Variants (23360326468303955718)"
           ,"Fire When Event Result Is":"False"
           ,"Fire on Initialization":true
          }
        }
       ,{
          "id":"23360327129864955725"
         ,"Identification":{
            "Action":"Execute Server-side Code"
          }
         ,"Settings":{
            "Language":"PE.PROPERTY.SOURCE_SNIPPET_LANG.LOV.PLSQL.D"
           ,"PL\/SQL Code":"MANAGE_PRODUCTS.get_variants(:P29_CATEGORY_ID, :P29_VARIANT_1_NAME, :P29_VARIANT_2_NAME, :P29_VARIANT_3_NAME);"
           ,"Items to Submit":[
              "P29_CATEGORY_ID"
            ]
           ,"Items to Return":[
              "P29_VARIANT_1_NAME"
             ,"P29_VARIANT_2_NAME"
             ,"P29_VARIANT_3_NAME"
            ]
           ,"Suppress Change Event":false
          }
         ,"Execution":{
            "Sequence":20
           ,"Event":"Show and Hide Variants (23360326468303955718)"
           ,"Fire When Event Result Is":"True"
           ,"Fire on Initialization":false
           ,"Stop Execution On Error":true
           ,"Wait For Result":true
          }
        }
       ,{
          "id":"23360327872016955732"
         ,"Identification":{
            "Action":"Execute JavaScript Code"
          }
         ,"Settings":{
            "Code":"$(\"label[for=P29_VARIANT_1]\u003Ep\").text($v(\u0027P29_VARIANT_1_NAME\u0027));\n$(\"label[for=P29_VARIANT_2]\u003Ep\").text($v(\u0027P29_VARIANT_2_NAME\u0027));\n$(\"label[for=P29_VARIANT_3]\u003Ep\").text($v(\u0027P29_VARIANT_3_NAME\u0027));"
          }
         ,"Execution":{
            "Sequence":30
           ,"Event":"Show and Hide Variants (23360326468303955718)"
           ,"Fire When Event Result Is":"True"
           ,"Fire on Initialization":false
          }
        }
      ]
    }
   ,{
      "id":"23360328265934955736"
     ,"Identification":{
        "Name":"Show and Hide Variants_on_page_laod"
      }
     ,"Execution":{
        "Sequence":50
      }
     ,"When":{
        "Event":"EVENT.EVENT.BROWSER.READY"
      }
     ,"Client-side Condition":{
        "Type":"Item is not null"
       ,"Item":"P29_CATEGORY_ID"
      }
     ,"Execution":{
        "Event Scope":"Static"
      }
     ,"Server-side Condition":{
        "Type":"Item is NOT NULL"
       ,"Item":"P29_CATEGORY_ID"
      }
     ,"Actions":[
        {
          "id":"23360328351213955737"
         ,"Identification":{
            "Action":"Hide"
          }
         ,"Affected Elements":{
            "Selection Type":"Item(s)"
           ,"Item(s)":[
              "P29_VARIANT_1"
             ,"P29_VARIANT_2"
             ,"P29_VARIANT_3"
            ]
          }
         ,"Execution":{
            "Sequence":10
           ,"Event":"Show and Hide Variants_on_page_laod (23360328265934955736)"
           ,"Fire When Event Result Is":"False"
           ,"Fire on Initialization":true
          }
        }
       ,{
          "id":"23360328456655955738"
         ,"Identification":{
            "Action":"Execute Server-side Code"
          }
         ,"Settings":{
            "Language":"PE.PROPERTY.SOURCE_SNIPPET_LANG.LOV.PLSQL.D"
           ,"PL\/SQL Code":"DECLARE\n  l_variant_names variant_name_list;\nBEGIN\n  -- Retrieve variant names based on the selected category_id\n  SELECT variant_name\n  BULK COLLECT INTO l_variant_names\n  FROM variants\n  WHERE category_id = :P29_CATEGORY_ID;\n\n  -- Set the values for the target items\n --apex_debug.info(p_message =\u003E\u0027VARIANTSssss\u0027 || l_variant_names(1));\n  \n  IF l_variant_names.COUNT \u003E= 3 THEN\n    :P29_VARIANT_1_NAME := l_variant_names(1);\n    :P29_VARIANT_2_NAME := l_variant_names(2);\n    :P29_VARIANT_3_NAME := l_variant_names(3);\n  END IF;\nEND;"
           ,"Items to Submit":[
              "P29_CATEGORY_ID"
            ]
           ,"Items to Return":[
              "P29_VARIANT_1_NAME"
             ,"P29_VARIANT_2_NAME"
             ,"P29_VARIANT_3_NAME"
            ]
           ,"Suppress Change Event":false
          }
         ,"Execution":{
            "Sequence":10
           ,"Event":"Show and Hide Variants_on_page_laod (23360328265934955736)"
           ,"Fire When Event Result Is":"True"
           ,"Fire on Initialization":false
           ,"Stop Execution On Error":true
           ,"Wait For Result":true
          }
        }
       ,{
          "id":"23360328534040955739"
         ,"Identification":{
            "Action":"Execute JavaScript Code"
          }
         ,"Settings":{
            "Code":"$(\"label[for=P29_VARIANT_1]\u003Ep\").text($v(\u0027P29_VARIANT_1_NAME\u0027));\n$(\"label[for=P29_VARIANT_2]\u003Ep\").text($v(\u0027P29_VARIANT_2_NAME\u0027));\n$(\"label[for=P29_VARIANT_3]\u003Ep\").text($v(\u0027P29_VARIANT_3_NAME\u0027));"
          }
         ,"Execution":{
            "Sequence":40
           ,"Event":"Show and Hide Variants_on_page_laod (23360328265934955736)"
           ,"Fire When Event Result Is":"True"
           ,"Fire on Initialization":false
          }
        }
       ,{
          "id":"23360328655047955740"
         ,"Identification":{
            "Action":"Show"
          }
         ,"Affected Elements":{
            "Selection Type":"Item(s)"
           ,"Item(s)":[
              "P29_VARIANT_1"
             ,"P29_VARIANT_2"
             ,"P29_VARIANT_3"
            ]
          }
         ,"Execution":{
            "Sequence":50
           ,"Event":"Show and Hide Variants_on_page_laod (23360328265934955736)"
           ,"Fire When Event Result Is":"True"
           ,"Fire on Initialization":true
          }
        }
       ,{
          "id":"25245575823010199919"
         ,"Identification":{
            "Action":"Execute Server-side Code"
          }
         ,"Settings":{
            "Language":"PE.PROPERTY.SOURCE_SNIPPET_LANG.LOV.PLSQL.D"
           ,"PL\/SQL Code":"DECLARE\n  l_json_clob CLOB;\nBEGIN\n  -- Retrieve the JSON CLOB from the database into l_json_clob\n  SELECT product_variants\n    INTO l_json_clob\n    FROM product\n  WHERE product_id = :P29_PRODUCT_ID; -- Replace with the appropriate condition for retrieving the JSON CLOB\n\n  -- Retrieve and assign the values to page items\n  :P29_VARIANT_1 := JSON_VALUE(l_json_clob, \u0027$.\"\u0027 || :P29_VARIANT_1_NAME || \u0027\"\u0027);\n  :P29_VARIANT_2 := JSON_VALUE(l_json_clob, \u0027$.\"\u0027 || :P29_VARIANT_2_NAME || \u0027\"\u0027);\n  :P29_VARIANT_3 := JSON_VALUE(l_json_clob, \u0027$.\"\u0027 || :P29_VARIANT_3_NAME || \u0027\"\u0027);\n\n  apex_debug.info(p_message =\u003E\u0027Koen Debug: \u0027||:P29_VARIANT_1);\nEXCEPTION\n  WHEN NO_DATA_FOUND THEN\n    -- Handle the exception if the data is not found\n    -- Assign default values or handle it based on your requirement\n    :P29_VARIANT_1 := null;\n    :P29_VARIANT_2 := null;\n    :P29_VARIANT_3 := null;\nEND;\n"
           ,"Items to Submit":[
              "P29_PRODUCT_ID"
             ,"P29_VARIANT_1_NAME"
             ,"P29_VARIANT_2_NAME"
             ,"P29_VARIANT_3_NAME"
            ]
           ,"Items to Return":[
              "P29_VARIANT_1"
             ,"P29_VARIANT_2"
             ,"P29_VARIANT_3"
            ]
           ,"Suppress Change Event":false
          }
         ,"Execution":{
            "Sequence":20
           ,"Event":"Show and Hide Variants_on_page_laod (23360328265934955736)"
           ,"Fire When Event Result Is":"True"
           ,"Fire on Initialization":false
           ,"Stop Execution On Error":true
           ,"Wait For Result":true
          }
        }
      ]
    }
  ]
 ,"Processes":[
    {
      "id":"21987321530362949816"
     ,"Identification":{
        "Name":"Initialize form Add Product"
       ,"Type":"Form - Initialization"
       ,"Execution Chain":"None"
       ,"Form Region":"Add Product (21987309891957949807)"
      }
     ,"Execution":{
        "Sequence":10
       ,"Point":"Before Header"
       ,"Run Process":"Once Per Page Visit (default)"
      }
    }
   ,{
      "id":"21987321921794949816"
     ,"Identification":{
        "Name":"Process form Add Product"
       ,"Type":"Form - Automatic Row Processing (DML)"
       ,"Execution Chain":"None"
       ,"Form Region":"Add Product (21987309891957949807)"
      }
     ,"Settings":{
        "Target Type":"Region Source"
       ,"Prevent Lost Updates":true
       ,"Lock Row":"Yes"
       ,"Return Primary Key(s) after Insert":true
      }
     ,"Execution":{
        "Sequence":20
       ,"Point":"Processing"
       ,"Run Process":"Once Per Page Visit (default)"
      }
     ,"Success Message":{
        "Success Message":"Product Added Successfully"
      }
     ,"Error":{
        "Display Location":"Inline in Notification"
      }
    }
   ,{
      "id":"21987322320932949817"
     ,"Identification":{
        "Name":"Close Dialog"
       ,"Type":"Close Dialog"
       ,"Execution Chain":"None"
      }
     ,"Execution":{
        "Sequence":30
       ,"Point":"Processing"
       ,"Run Process":"Once Per Page Visit (default)"
      }
     ,"Error":{
        "Display Location":"Inline in Notification"
      }
     ,"Server-side Condition":{
        "Type":"Request is contained in Value"
       ,"Value":"CREATE,UPDATE,SAVE,DELETE"
      }
    }
   ,{
      "id":"25245575416207199915"
     ,"Identification":{
        "Name":"Set Variants"
       ,"Type":"Execute Code"
       ,"Execution Chain":"None"
      }
     ,"Source":{
        "Location":"Local Database"
       ,"Language":"PL\/SQL"
       ,"PL\/SQL Code":":P29_PRODUCT_VARIANTS := JSON_OBJECT(\n    :P29_VARIANT_1_NAME value :P29_VARIANT_1,\n    :P29_VARIANT_2_NAME value :P29_VARIANT_2,\n    :P29_VARIANT_3_NAME value :P29_VARIANT_3\n);"
      }
     ,"Execution":{
        "Sequence":10
       ,"Point":"Processing"
       ,"Run Process":"Once Per Page Visit (default)"
      }
     ,"Error":{
        "Display Location":"Inline in Notification"
      }
    }
  ]
}
