{
  "id":"21"
 ,"Identification":{
    "Name":"SignUp"
   ,"Alias":"SIGNUP"
   ,"Title":"Create New Account"
  }
 ,"Appearance":{
    "Page Mode":"Modal Dialog"
   ,"Dialog Template":"Drawer (19471506229778504216)"
   ,"Template Options":[
      "#DEFAULT#"
     ,"js-dialog-class-t-Drawer--pullOutEnd"
    ]
  }
 ,"Dialog":{
    "Width":"1200"
   ,"Chained":true
  }
 ,"Navigation Menu":{
    "Override User Interface Level":false
  }
 ,"Navigation":{
    "Cursor Focus":"Do not focus cursor"
   ,"Warn on Unsaved Changes":true
  }
 ,"Security":{
    "Authentication":"Page Is Public"
  }
 ,"Advanced":{
    "Enable Meta Tags":false
  }
 ,"Security":{
    "Deep Linking":"Application Default"
   ,"Page Access Protection":"Arguments Must Have Checksum"
   ,"Form Auto Complete":"Off"
   ,"Browser Cache":"Application Default"
  }
 ,"Session Management":{
    "Rejoin Sessions":"Application Default"
  }
 ,"Advanced":{
    "Enable duplicate page submissions":"Yes - Enable page to be re-posted"
   ,"Reload on Submit":"Only for Success"
  }
 ,"Server Cache":{
    "Caching":"Disabled"
  }
 ,"Regions":[
    {
      "id":"21287184640240434537"
     ,"Identification":{
        "Title":"Create New Account"
       ,"Type":"Form"
      }
     ,"Source":{
        "Location":"Local Database"
       ,"Type":"Table \/ View"
       ,"Table Owner":"Parsing Schema"
       ,"Table Name":"CUSTOMER"
       ,"Include ROWID Column":false
      }
     ,"Layout":{
        "Sequence":10
       ,"Parent Region":"No Parent"
       ,"Position":"BODY"
       ,"Start New Layout":false
       ,"Start New Row":true
       ,"Column":"Automatic"
       ,"New Column":true
       ,"Column Span":"Automatic"
      }
     ,"Appearance":{
        "Template":"Standard (19471808805460504264)"
       ,"Template Options":[
          "#DEFAULT#"
         ,"t-Region--removeHeader js-removeLandmark"
         ,"t-Region--stacked"
         ,"t-Region--scrollBody"
        ]
       ,"Render Components":"Above Content"
      }
     ,"Accessibility":{
        "Use Landmark":true
       ,"Landmark Type":"Template Default"
      }
     ,"Advanced":{
        "Region Display Selector":false
       ,"Exclude Title from Translation":false
      }
     ,"Server Cache":{
        "Caching":"Disabled"
      }
     ,"Customization":{
        "Customizable":"Not Customizable By End Users"
      }
     ,"Attributes":{
        "Edit":{
          "Enabled":true
         ,"Allowed Operations":[
            "Add Row"
          ]
         ,"Lost Update Type":"Row Values"
        }
      }
    }
  ]
 ,"Page Items":[
    {
      "id":"21287184972276434538"
     ,"Identification":{
        "Name":"P21_CUSTOMER_ID"
       ,"Type":"Hidden"
      }
     ,"Settings":{
        "Value Protected":true
      }
     ,"Layout":{
        "Sequence":10
       ,"Region":"Create New Account (21287184640240434537)"
       ,"Position":"BODY"
      }
     ,"Advanced":{
        "Warn on Unsaved Changes":"Page Default"
      }
     ,"Source":{
        "Form Region":"Create New Account (21287184640240434537)"
       ,"Column":"CUSTOMER_ID"
       ,"Data Type":"NUMBER"
       ,"Query Only":false
       ,"Primary Key":true
      }
     ,"Default":{
        "Type":"Expression"
       ,"Language":"PL\/SQL"
       ,"PL\/SQL Expression":"customer_id_seq.nextVAL"
      }
     ,"Session State":{
        "Data Type":"VARCHAR2"
       ,"Storage":"Per Request (Memory Only)"
      }
     ,"Security":{
        "Session State Protection":"Checksum Required - Session Level"
       ,"Store value encrypted in session state":true
       ,"Restricted Characters":"All characters can be saved."
      }
    }
   ,{
      "id":"21287185338340434538"
     ,"Identification":{
        "Name":"P21_CUS_TYPE_ID"
       ,"Type":"Hidden"
      }
     ,"Settings":{
        "Value Protected":true
      }
     ,"Layout":{
        "Sequence":20
       ,"Region":"Create New Account (21287184640240434537)"
       ,"Position":"BODY"
      }
     ,"Advanced":{
        "Warn on Unsaved Changes":"Page Default"
      }
     ,"Source":{
        "Form Region":"Create New Account (21287184640240434537)"
       ,"Column":"CUS_TYPE_ID"
       ,"Data Type":"NUMBER"
       ,"Query Only":false
       ,"Primary Key":false
      }
     ,"Default":{
        "Type":"Static"
       ,"Static Value":"2"
      }
     ,"Session State":{
        "Data Type":"VARCHAR2"
       ,"Storage":"Per Request (Memory Only)"
      }
     ,"Security":{
        "Session State Protection":"Unrestricted"
       ,"Store value encrypted in session state":true
       ,"Restricted Characters":"All characters can be saved."
      }
    }
   ,{
      "id":"21287185768900434539"
     ,"Identification":{
        "Name":"P21_FIRSTNAME"
       ,"Type":"Text Field"
      }
     ,"Label":{
        "Label":"\u003Cp style=\"color:grey;opacity:0.8;\"\u003EFirst Name\u003C\/p\u003E"
       ,"Alignment":"Left"
      }
     ,"Settings":{
        "Subtype":"Text"
       ,"Trim Spaces":"None"
       ,"Text Case":"NO CHANGE"
       ,"Submit when Enter pressed":false
       ,"Disabled":false
      }
     ,"Layout":{
        "Sequence":30
       ,"Region":"Create New Account (21287184640240434537)"
       ,"Position":"BODY"
       ,"Alignment":"Left"
       ,"Start New Layout":false
       ,"Start New Row":false
       ,"Column":"Automatic"
       ,"New Column":true
       ,"Column Span":"Automatic"
       ,"Label Column Span":"Page Template Default"
      }
     ,"Appearance":{
        "Template":"Required - Above (19471880312432504303)"
       ,"Template Options":[
          "#DEFAULT#"
         ,"t-Form-fieldContainer--stretchInputs"
        ]
       ,"Width":32
      }
     ,"Validation":{
        "Value Required":true
       ,"Maximum Length":50
      }
     ,"Advanced":{
        "Warn on Unsaved Changes":"Page Default"
      }
     ,"Source":{
        "Form Region":"Create New Account (21287184640240434537)"
       ,"Column":"FIRSTNAME"
       ,"Data Type":"VARCHAR2"
       ,"Query Only":false
       ,"Primary Key":false
      }
     ,"Session State":{
        "Storage":"Per Request (Memory Only)"
      }
     ,"Quick Picks":{
        "Show Quick Picks":false
      }
     ,"Security":{
        "Session State Protection":"Unrestricted"
       ,"Store value encrypted in session state":true
       ,"Restricted Characters":"All characters can be saved."
      }
    }
   ,{
      "id":"21287186170111434539"
     ,"Identification":{
        "Name":"P21_LASTNAME"
       ,"Type":"Text Field"
      }
     ,"Label":{
        "Label":"\u003Cp style=\"color:grey;opacity:0.8;\"\u003ELast Name\u003C\/p\u003E"
       ,"Alignment":"Left"
      }
     ,"Settings":{
        "Subtype":"Text"
       ,"Trim Spaces":"None"
       ,"Text Case":"NO CHANGE"
       ,"Submit when Enter pressed":false
       ,"Disabled":false
      }
     ,"Layout":{
        "Sequence":40
       ,"Region":"Create New Account (21287184640240434537)"
       ,"Position":"BODY"
       ,"Alignment":"Left"
       ,"Start New Layout":false
       ,"Start New Row":true
       ,"Column":"Automatic"
       ,"New Column":true
       ,"Column Span":"Automatic"
       ,"Label Column Span":"Page Template Default"
      }
     ,"Appearance":{
        "Template":"Required - Above (19471880312432504303)"
       ,"Template Options":[
          "#DEFAULT#"
         ,"t-Form-fieldContainer--stretchInputs"
        ]
       ,"Width":32
      }
     ,"Validation":{
        "Value Required":false
       ,"Maximum Length":50
      }
     ,"Advanced":{
        "Warn on Unsaved Changes":"Page Default"
      }
     ,"Source":{
        "Form Region":"Create New Account (21287184640240434537)"
       ,"Column":"LASTNAME"
       ,"Data Type":"VARCHAR2"
       ,"Query Only":false
       ,"Primary Key":false
      }
     ,"Session State":{
        "Storage":"Per Request (Memory Only)"
      }
     ,"Quick Picks":{
        "Show Quick Picks":false
      }
     ,"Security":{
        "Session State Protection":"Unrestricted"
       ,"Store value encrypted in session state":true
       ,"Restricted Characters":"All characters can be saved."
      }
    }
   ,{
      "id":"21287186571993434539"
     ,"Identification":{
        "Name":"P21_PHONE"
       ,"Type":"Text Field"
      }
     ,"Label":{
        "Label":"\u003Cp style=\"color:grey;opacity:0.5;\"\u003E Phone \u003C\/p\u003E"
       ,"Alignment":"Left"
      }
     ,"Settings":{
        "Subtype":"Text"
       ,"Trim Spaces":"None"
       ,"Text Case":"NO CHANGE"
       ,"Submit when Enter pressed":false
       ,"Disabled":false
      }
     ,"Layout":{
        "Sequence":50
       ,"Region":"Create New Account (21287184640240434537)"
       ,"Position":"BODY"
       ,"Alignment":"Left"
       ,"Start New Layout":false
       ,"Start New Row":true
       ,"Column":"Automatic"
       ,"New Column":true
       ,"Column Span":"Automatic"
       ,"Label Column Span":"Page Template Default"
      }
     ,"Appearance":{
        "Template":"Required - Above (19471880312432504303)"
       ,"Template Options":[
          "#DEFAULT#"
         ,"t-Form-fieldContainer--stretchInputs"
        ]
       ,"Width":32
      }
     ,"Validation":{
        "Value Required":true
       ,"Maximum Length":50
      }
     ,"Advanced":{
        "Warn on Unsaved Changes":"Page Default"
      }
     ,"Source":{
        "Form Region":"Create New Account (21287184640240434537)"
       ,"Column":"PHONE"
       ,"Data Type":"VARCHAR2"
       ,"Query Only":false
       ,"Primary Key":false
      }
     ,"Session State":{
        "Storage":"Per Request (Memory Only)"
      }
     ,"Quick Picks":{
        "Show Quick Picks":false
      }
     ,"Security":{
        "Session State Protection":"Unrestricted"
       ,"Store value encrypted in session state":true
       ,"Restricted Characters":"All characters can be saved."
      }
    }
   ,{
      "id":"21287186930280434539"
     ,"Identification":{
        "Name":"P21_EMAIL"
       ,"Type":"Text Field"
      }
     ,"Label":{
        "Label":"\u003Cp style=\"color:grey;opacity:0.5;\"\u003E Email \u003C\/p\u003E"
       ,"Alignment":"Left"
      }
     ,"Settings":{
        "Subtype":"Text"
       ,"Trim Spaces":"None"
       ,"Text Case":"NO CHANGE"
       ,"Submit when Enter pressed":false
       ,"Disabled":false
      }
     ,"Layout":{
        "Sequence":60
       ,"Region":"Create New Account (21287184640240434537)"
       ,"Position":"BODY"
       ,"Alignment":"Left"
       ,"Start New Layout":false
       ,"Start New Row":true
       ,"Column":"Automatic"
       ,"New Column":true
       ,"Column Span":"Automatic"
       ,"Label Column Span":"Page Template Default"
      }
     ,"Appearance":{
        "Template":"Required - Above (19471880312432504303)"
       ,"Template Options":[
          "#DEFAULT#"
         ,"t-Form-fieldContainer--stretchInputs"
        ]
       ,"Width":32
      }
     ,"Validation":{
        "Value Required":true
       ,"Maximum Length":50
      }
     ,"Advanced":{
        "Warn on Unsaved Changes":"Page Default"
      }
     ,"Source":{
        "Form Region":"Create New Account (21287184640240434537)"
       ,"Column":"EMAIL"
       ,"Data Type":"VARCHAR2"
       ,"Query Only":false
       ,"Primary Key":false
      }
     ,"Session State":{
        "Storage":"Per Request (Memory Only)"
      }
     ,"Quick Picks":{
        "Show Quick Picks":false
      }
     ,"Security":{
        "Session State Protection":"Unrestricted"
       ,"Store value encrypted in session state":true
       ,"Restricted Characters":"All characters can be saved."
      }
    }
   ,{
      "id":"21287187398516434540"
     ,"Identification":{
        "Name":"P21_ADDRESS"
       ,"Type":"Text Field"
      }
     ,"Label":{
        "Label":"\u003Cp style=\"color:grey;opacity:0.5;\"\u003EAddress\u003C\/p\u003E"
       ,"Alignment":"Left"
      }
     ,"Settings":{
        "Subtype":"Text"
       ,"Trim Spaces":"None"
       ,"Text Case":"NO CHANGE"
       ,"Submit when Enter pressed":false
       ,"Disabled":false
      }
     ,"Layout":{
        "Sequence":70
       ,"Region":"Create New Account (21287184640240434537)"
       ,"Position":"BODY"
       ,"Alignment":"Left"
       ,"Start New Layout":false
       ,"Start New Row":true
       ,"Column":"Automatic"
       ,"New Column":true
       ,"Column Span":"Automatic"
       ,"Label Column Span":"Page Template Default"
      }
     ,"Appearance":{
        "Template":"Required - Above (19471880312432504303)"
       ,"Template Options":[
          "#DEFAULT#"
         ,"t-Form-fieldContainer--stretchInputs"
        ]
       ,"Width":32
      }
     ,"Validation":{
        "Value Required":true
       ,"Maximum Length":50
      }
     ,"Advanced":{
        "Warn on Unsaved Changes":"Page Default"
      }
     ,"Source":{
        "Form Region":"Create New Account (21287184640240434537)"
       ,"Column":"ADDRESS"
       ,"Data Type":"VARCHAR2"
       ,"Query Only":false
       ,"Primary Key":false
      }
     ,"Session State":{
        "Storage":"Per Request (Memory Only)"
      }
     ,"Quick Picks":{
        "Show Quick Picks":false
      }
     ,"Security":{
        "Session State Protection":"Unrestricted"
       ,"Store value encrypted in session state":true
       ,"Restricted Characters":"All characters can be saved."
      }
    }
   ,{
      "id":"21287187733510434540"
     ,"Identification":{
        "Name":"P21_CITY"
       ,"Type":"Select List"
      }
     ,"Label":{
        "Label":"\u003Cp style=\"color:grey;opacity:0.5;\"\u003ECity\u003C\/p\u003E"
       ,"Alignment":"Left"
      }
     ,"Settings":{
        "Page Action on Selection":"None"
       ,"Allow Multi Selection":false
      }
     ,"Layout":{
        "Sequence":80
       ,"Region":"Create New Account (21287184640240434537)"
       ,"Position":"BODY"
       ,"Alignment":"Left"
       ,"Start New Layout":false
       ,"Start New Row":true
       ,"Column":"Automatic"
       ,"New Column":true
       ,"Column Span":"Automatic"
       ,"Label Column Span":"Page Template Default"
      }
     ,"Appearance":{
        "Template":"Required - Above (19471880312432504303)"
       ,"Template Options":[
          "#DEFAULT#"
         ,"t-Form-fieldContainer--stretchInputs"
        ]
       ,"Height":1
      }
     ,"Validation":{
        "Value Required":true
      }
     ,"List of Values":{
        "Type":"SQL Query"
       ,"SQL Query":"select city_name,\n       city_id\nfrom cities\norder by 1 "
       ,"Display Extra Values":true
       ,"Display Null Value":true
      }
     ,"Advanced":{
        "Warn on Unsaved Changes":"Page Default"
      }
     ,"Source":{
        "Form Region":"Create New Account (21287184640240434537)"
       ,"Column":"CITY_ID"
       ,"Data Type":"NUMBER"
       ,"Query Only":false
       ,"Primary Key":false
      }
     ,"Session State":{
        "Storage":"Per Request (Memory Only)"
      }
     ,"Quick Picks":{
        "Show Quick Picks":false
      }
     ,"Security":{
        "Session State Protection":"Unrestricted"
       ,"Store value encrypted in session state":true
       ,"Restricted Characters":"All characters can be saved."
      }
    }
   ,{
      "id":"21287188954969434541"
     ,"Identification":{
        "Name":"P21_PASSWORD"
       ,"Type":"Password"
      }
     ,"Label":{
        "Label":"\u003Cp style=\"color:grey;opacity:0.5;\"\u003EPassword\u003C\/p\u003E"
       ,"Alignment":"Left"
      }
     ,"Settings":{
        "Submit when Enter pressed":true
      }
     ,"Layout":{
        "Sequence":110
       ,"Region":"Create New Account (21287184640240434537)"
       ,"Position":"BODY"
       ,"Alignment":"Left"
       ,"Start New Layout":false
       ,"Start New Row":true
       ,"Column":"Automatic"
       ,"New Column":true
       ,"Column Span":"6"
       ,"Label Column Span":"Page Template Default"
      }
     ,"Appearance":{
        "Template":"Required - Above (19471880312432504303)"
       ,"Template Options":[
          "#DEFAULT#"
         ,"t-Form-fieldContainer--stretchInputs"
        ]
       ,"Width":32
      }
     ,"Validation":{
        "Value Required":true
       ,"Maximum Length":50
      }
     ,"Advanced":{
        "Warn on Unsaved Changes":"Page Default"
      }
     ,"Source":{
        "Form Region":"Create New Account (21287184640240434537)"
       ,"Column":"PASSWORD"
       ,"Data Type":"VARCHAR2"
       ,"Query Only":false
       ,"Primary Key":false
      }
     ,"Session State":{
        "Storage":"Per Request (Memory Only)"
      }
     ,"Security":{
        "Session State Protection":"Unrestricted"
       ,"Store value encrypted in session state":true
       ,"Restricted Characters":"All characters can be saved."
      }
    }
   ,{
      "id":"21365794351486797105"
     ,"Identification":{
        "Name":"CONFIRM_PASSWORD"
       ,"Type":"Password"
      }
     ,"Label":{
        "Label":"\u003Cp style=\"color:grey;opacity:0.5;\"\u003EConfirm Password\u003C\/p\u003E"
       ,"Alignment":"Left"
      }
     ,"Settings":{
        "Submit when Enter pressed":true
      }
     ,"Layout":{
        "Sequence":120
       ,"Region":"Create New Account (21287184640240434537)"
       ,"Position":"BODY"
       ,"Alignment":"Left"
       ,"Start New Layout":false
       ,"Start New Row":false
       ,"Column":"Automatic"
       ,"New Column":true
       ,"Column Span":"Automatic"
       ,"Label Column Span":"Page Template Default"
      }
     ,"Appearance":{
        "Template":"Required - Above (19471880312432504303)"
       ,"Template Options":[
          "#DEFAULT#"
         ,"t-Form-fieldContainer--stretchInputs"
        ]
       ,"Width":30
      }
     ,"Validation":{
        "Value Required":true
      }
     ,"Advanced":{
        "Warn on Unsaved Changes":"Page Default"
      }
     ,"Source":{
        "Type":"Null"
       ,"Used":"Only when current value in session state is null"
      }
     ,"Session State":{
        "Storage":"Per Session (Persistent)"
      }
     ,"Security":{
        "Session State Protection":"Unrestricted"
       ,"Store value encrypted in session state":true
       ,"Restricted Characters":"All characters can be saved."
      }
    }
  ]
 ,"Buttons":[
    {
      "id":"21287193649254434544"
     ,"Identification":{
        "Button Name":"Create_Account"
       ,"Label":"Create Account"
      }
     ,"Layout":{
        "Sequence":10
       ,"Region":"Create New Account (21287184640240434537)"
       ,"Position":"CREATE"
       ,"Start New Layout":false
       ,"Start New Row":true
       ,"Column":"Automatic"
       ,"New Column":true
       ,"Column Span":"Automatic"
      }
     ,"Appearance":{
        "Button Template":"Text with Icon (19471882117602504304)"
       ,"Hot":true
       ,"Template Options":[
          "#DEFAULT#"
         ,"t-Button--mobileHideLabel"
         ,"t-Button--success"
         ,"t-Button--iconLeft"
         ,"t-Button--hoverIconPush"
        ]
       ,"Icon":"fa-plus-square"
      }
     ,"Behavior":{
        "Action":"Submit Page"
       ,"Execute Validations":true
       ,"Warn on Unsaved Changes":"Do Not Check"
       ,"Database Action":"SQL INSERT action"
      }
     ,"Server-side Condition":{
        "Type":"Item is NOT NULL"
       ,"Item":"P21_CUSTOMER_ID"
      }
    }
  ]
 ,"Validations":[
    {
      "id":"18879229948856497248"
     ,"Identification":{
        "Name":"FIRST_NAME_VALIDATION"
      }
     ,"Execution":{
        "Sequence":10
      }
     ,"Validation":{
        "Type":"Function Body (returning Boolean)"
       ,"Language":"PL\/SQL"
       ,"PL\/SQL Function Body":"BEGIN\n  IF (REGEXP_LIKE(:P21_FIRSTNAME, \u0027^[[:alpha:]]+$\u0027)) THEN\n    RETURN true;\n  ELSE\n    RETURN false;\n  END IF;\nEND;"
       ,"Always Execute":false
      }
     ,"Error":{
        "Error Message":"First name can contain only characters !"
       ,"Display Location":"Inline with Field and in Notification"
       ,"Associated Item":"P21_FIRSTNAME (21287185768900434539)"
      }
    }
   ,{
      "id":"18879230050872497249"
     ,"Identification":{
        "Name":"LASTNAME_VALIDATION"
      }
     ,"Execution":{
        "Sequence":20
      }
     ,"Validation":{
        "Type":"Function Body (returning Boolean)"
       ,"Language":"PL\/SQL"
       ,"PL\/SQL Function Body":"BEGIN\n  IF (REGEXP_LIKE(:P21_FIRSTNAME, \u0027^[[:alpha:]]+$\u0027)) THEN\n    RETURN true;\n  ELSE\n    RETURN false;\n  END IF;\nEND;"
       ,"Always Execute":false
      }
     ,"Error":{
        "Error Message":"Last Name can only contain chars !"
       ,"Display Location":"Inline with Field and in Notification"
       ,"Associated Item":"P21_LASTNAME (21287186170111434539)"
      }
    }
   ,{
      "id":"21365794277589797104"
     ,"Identification":{
        "Name":"EAMIL_VALIDATION"
      }
     ,"Execution":{
        "Sequence":30
      }
     ,"Validation":{
        "Type":"Expression"
       ,"Language":"PL\/SQL"
       ,"PL\/SQL Expression":"VALIDATIONS.validate_email(:P21_EMAIL)"
       ,"Always Execute":false
      }
     ,"Error":{
        "Error Message":"This Shit is not an email son"
       ,"Display Location":"Inline with Field and in Notification"
       ,"Associated Item":"P21_EMAIL (21287186930280434539)"
      }
    }
   ,{
      "id":"21365794408702797106"
     ,"Identification":{
        "Name":"CONFRIM PASSWORD MATCHING"
      }
     ,"Execution":{
        "Sequence":40
      }
     ,"Validation":{
        "Type":"Function Body (returning Boolean)"
       ,"Language":"PL\/SQL"
       ,"PL\/SQL Function Body":"BEGIN\n    RETURN :P21_PASSWORD = :CONFIRM_PASSWORD;\nEND;"
       ,"Always Execute":false
      }
     ,"Error":{
        "Error Message":"Passwords Don\u0027t match !"
       ,"Display Location":"Inline with Field and in Notification"
       ,"Associated Item":"P21_PASSWORD (21287188954969434541)"
      }
    }
   ,{
      "id":"21365794553406797107"
     ,"Identification":{
        "Name":"PHONE_VALIDATION"
      }
     ,"Execution":{
        "Sequence":50
      }
     ,"Validation":{
        "Type":"Function Body (returning Boolean)"
       ,"Language":"PL\/SQL"
       ,"PL\/SQL Function Body":"BEGIN \n    RETURN REGEXP_LIKE(:P21_PHONE, \u0027^[0-9+\u005Cs]+$\u0027);\nEND;"
       ,"Always Execute":false
      }
     ,"Error":{
        "Error Message":"Invalid Phone Number !"
       ,"Display Location":"Inline with Field and in Notification"
       ,"Associated Item":"P21_PHONE (21287186571993434539)"
      }
    }
  ]
 ,"Processes":[
    {
      "id":"18879230163957497250"
     ,"Identification":{
        "Name":"Process form Create New Account"
       ,"Type":"Execute Code"
       ,"Execution Chain":"None"
      }
     ,"Source":{
        "Location":"Local Database"
       ,"Language":"PL\/SQL"
       ,"PL\/SQL Code":"MANAGE_CUSTOMERS.create_new_account(\n    :P21_FIRSTNAME, \n    :P21_LASTNAME,\n    :P21_PHONE,\n    :P21_EMAIL,\n    :P21_ADDRESS,\n    :P21_CITY,\n    :P21_PASSWORD\n);"
      }
     ,"Execution":{
        "Sequence":10
       ,"Point":"Processing"
       ,"Run Process":"Once Per Page Visit (default)"
      }
     ,"Success Message":{
        "Success Message":"Account Created successfully ! you may now login"
      }
     ,"Error":{
        "Error Message":"Could Not Create Your Account ! Please Try Again"
       ,"Display Location":"Inline in Notification"
      }
    }
   ,{
      "id":"21287194830942434545"
     ,"Identification":{
        "Name":"Initialize form SignUp"
       ,"Type":"Form - Initialization"
       ,"Execution Chain":"None"
       ,"Form Region":"Create New Account (21287184640240434537)"
      }
     ,"Execution":{
        "Sequence":10
       ,"Point":"Before Header"
       ,"Run Process":"Once Per Page Visit (default)"
      }
    }
  ]
 ,"Branches":[
    {
      "id":"21287194383200434544"
     ,"Identification":{
        "Name":"Go To Login"
      }
     ,"Execution":{
        "Sequence":1
       ,"Point":"After Processing"
      }
     ,"Behavior":{
        "Type":"Page or URL (Redirect)"
       ,"Target":{
          "url":"f?p=\u0026APP_ID.:9999:\u0026SESSION.::\u0026DEBUG.:9999::\u0026success_msg=#SUCCESS_MSG#"
         ,"Page":"9999"
         ,"Clear Cache":"9999"
        }
      }
    }
  ]
}
