{
  "id":"7"
 ,"Identification":{
    "Name":"Seller Dashboard Statistics"
   ,"Alias":"SELLER-DASHBOARD-STATISTICS"
   ,"Title":"Seller Dashboard Statistics"
  }
 ,"Appearance":{
    "Page Mode":"Normal"
   ,"Page Template":"Left Side Column (19471509145742504218)"
   ,"Template Options":[
      "#DEFAULT#"
    ]
  }
 ,"Navigation Menu":{
    "Override User Interface Level":false
  }
 ,"Navigation":{
    "Cursor Focus":"Do not focus cursor"
   ,"Warn on Unsaved Changes":true
  }
 ,"CSS":{
    "File URLs":[
      "#APP_FILES#Styling\/main_style#MIN#.css"
    ]
  }
 ,"Security":{
    "Authentication":"Page Requires Authentication"
   ,"Deep Linking":"Application Default"
   ,"Page Access Protection":"Arguments Must Have Checksum"
   ,"Form Auto Complete":"Off"
   ,"Browser Cache":"Application Default"
  }
 ,"Session Management":{
    "Rejoin Sessions":"Application Default"
  }
 ,"Advanced":{
    "Enable duplicate page submissions":"Yes - Enable page to be re-posted"
   ,"Reload on Submit":"Only for Success"
  }
 ,"Server Cache":{
    "Caching":"Disabled"
  }
 ,"Regions":[
    {
      "id":"22817559429812470568"
     ,"Identification":{
        "Title":"Total Revenue Per Month"
       ,"Type":"Chart"
      }
     ,"Layout":{
        "Sequence":10
       ,"Parent Region":"No Parent"
       ,"Position":"BODY"
       ,"Start New Layout":false
       ,"Start New Row":true
       ,"Column":"Automatic"
       ,"New Column":true
       ,"Column Span":"Automatic"
      }
     ,"Appearance":{
        "Template":"Standard (19471808805460504264)"
       ,"Template Options":[
          "#DEFAULT#"
         ,"t-Region--scrollBody"
        ]
       ,"Render Components":"Above Content"
      }
     ,"Accessibility":{
        "Use Landmark":true
       ,"Landmark Type":"Template Default"
      }
     ,"Advanced":{
        "Region Display Selector":false
       ,"Exclude Title from Translation":false
      }
     ,"Security":{
        "Escape special characters":false
      }
     ,"Server Cache":{
        "Caching":"Disabled"
      }
     ,"Customization":{
        "Customizable":"Not Customizable By End Users"
      }
     ,"Attributes":{
        "id":"22817559816791470568"
       ,"Chart":{
          "Type":"Line with Area"
        }
       ,"Appearance":{
          "Orientation":"Vertical"
         ,"Stack":false
        }
       ,"Layout":{
          "Height":400
        }
       ,"Data Cursor":{
          "Cursor":"Yes"
         ,"Behavior":"Smooth"
         ,"Dim On Hover":true
        }
       ,"Multi-Series Chart Data":{
          "Fill Gaps in Chart Data":true
         ,"Sort Order":"Label - Ascending"
         ,"Render Gap as Zero":true
        }
       ,"Settings":{
          "Zoom and Scroll":"No"
        }
       ,"Animation":{
          "On Display":"Alpha Fade"
         ,"On Data Change":"Automatic"
        }
       ,"Tooltip":{
          "Show":true
         ,"Show Series Name":false
         ,"Show Group Name":true
         ,"Show Value":true
        }
       ,"Legend":{
          "Show":false
        }
       ,"Advanced":{
          "Initialization JavaScript Function":"function modifyOptions(options) {\n    options.dataFilter = function(data) {\n        for (var i = 0; i \u003C data.series.length; i++) {\n            for (var j = 0; j \u003C data.series[i].items.length; j++) {\n                    data.series[i].items[j].color = \"#FFB929\";\n                    data.series[i].items[j].markerDisplayed = \"on\";\n                    data.series[i].items[j].markerSize = 15;\n            }\n        }\n\n        return data;\n    };\n\n    return options;\n}\n"
        }
       ,"Series":[
          {
            "id":"22817561537180470569"
           ,"Identification":{
              "Name":"Revenue"
            }
           ,"Execution":{
              "Sequence":10
            }
           ,"Source":{
              "Location":"Local Database"
             ,"Type":"SQL Query"
             ,"SQL Query":"WITH all_months AS (\n  SELECT TO_CHAR(ADD_MONTHS(TRUNC(SYSDATE, \u0027YYYY\u0027), LEVEL - 1), \u0027YYYY-MM\u0027) AS month\n  FROM DUAL\n  CONNECT BY LEVEL \u003C= 12 \n)\nSELECT am.month, COALESCE(SUM(oi.unit_price * oi.quantity), 0) AS sales\nFROM all_months am\nLEFT JOIN orders o ON am.month = TO_CHAR(o.order_datetime, \u0027YYYY-MM\u0027)\n                    AND o.order_status = \u0027Confirmed\u0027\nLEFT JOIN order_items oi ON o.order_id = oi.order_id\nLEFT JOIN product p ON oi.product_id = p.product_id\nLEFT JOIN stores s ON p.store_id = s.store_id\n                   AND s.customer_id = to_number(:USER_ID)\nGROUP BY am.month\nORDER BY am.month;\n"
            }
           ,"Column Mapping":{
              "Label":"MONTH"
             ,"Value":"SALES"
            }
           ,"Appearance":{
              "Color":"#3a3632"
             ,"Assigned To Y2 Axis":false
            }
           ,"Line":{
              "Style":"Solid"
             ,"Type":"Curved"
            }
           ,"Marker":{
              "Show":"Yes"
             ,"Shape":"Square"
            }
           ,"Label":{
              "Show":false
            }
          }
        ]
       ,"Axes":[
          {
            "id":"39275505822032429149"
           ,"Identification":{
              "Name":"x"
             ,"Show Axis":true
            }
           ,"Value":{
              "Format Scaling":"Automatic"
             ,"Baseline Scaling":"Zero"
             ,"Scale":"Linear"
            }
           ,"Major Ticks":{
              "Show":"Yes"
            }
           ,"Minor Ticks":{
              "Show":false
            }
           ,"Tick Label":{
              "Show":true
             ,"Rotation":true
             ,"Position":"Outside"
            }
          }
         ,{
            "id":"39275505974423429150"
           ,"Identification":{
              "Name":"y"
             ,"Show Axis":true
            }
           ,"Value":{
              "Format":"Currency"
             ,"Decimal Places":0
             ,"Currency":"TND"
             ,"Format Scaling":"None"
             ,"Baseline Scaling":"Zero"
             ,"Scale":"Linear"
             ,"Step":250
            }
           ,"Appearance":{
              "Position":"Automatic"
            }
           ,"Major Ticks":{
              "Show":"Yes"
            }
           ,"Minor Ticks":{
              "Show":false
            }
           ,"Tick Label":{
              "Show":true
            }
          }
         ,{
            "id":"39512633306982030901"
           ,"Identification":{
              "Name":"y2"
             ,"Show Axis":false
            }
           ,"Value":{
              "Format Scaling":"Automatic"
             ,"Baseline Scaling":"Zero"
             ,"Scale":"Linear"
            }
           ,"Appearance":{
              "Position":"Automatic"
            }
           ,"Major Ticks":{
              "Show":"Yes"
            }
           ,"Minor Ticks":{
              "Show":false
            }
           ,"Tick Label":{
              "Show":true
            }
           ,"Dual Y Axes":{
              "Show":"Automatic"
            }
          }
        ]
      }
    }
   ,{
      "id":"22817562137650470570"
     ,"Identification":{
        "Title":"Total Revenue By Store"
       ,"Type":"Chart"
      }
     ,"Layout":{
        "Sequence":20
       ,"Parent Region":"No Parent"
       ,"Position":"BODY"
       ,"Start New Layout":false
       ,"Start New Row":true
       ,"Column":"Automatic"
       ,"New Column":true
       ,"Column Span":"Automatic"
      }
     ,"Appearance":{
        "Template":"Standard (19471808805460504264)"
       ,"Template Options":[
          "#DEFAULT#"
         ,"t-Region--scrollBody"
        ]
       ,"Render Components":"Above Content"
      }
     ,"Accessibility":{
        "Use Landmark":true
       ,"Landmark Type":"Template Default"
      }
     ,"Advanced":{
        "Region Display Selector":false
       ,"Exclude Title from Translation":false
      }
     ,"Security":{
        "Escape special characters":false
      }
     ,"Server Cache":{
        "Caching":"Disabled"
      }
     ,"Customization":{
        "Customizable":"Not Customizable By End Users"
      }
     ,"Attributes":{
        "id":"22817562567777470570"
       ,"Chart":{
          "Type":"Bar"
        }
       ,"Appearance":{
          "Orientation":"Vertical"
         ,"Stack":true
         ,"Stack Label":true
         ,"Font Family":"Courier New"
        }
       ,"Layout":{
          "Height":400
        }
       ,"Data Cursor":{
          "Cursor":"Automatic"
         ,"Behavior":"Smooth"
         ,"Dim On Hover":true
        }
       ,"Multi-Series Chart Data":{
          "Fill Gaps in Chart Data":true
         ,"Sort Order":"Label - Ascending"
         ,"Render Gap as Zero":true
        }
       ,"Settings":{
          "Zoom and Scroll":"No"
        }
       ,"Animation":{
          "On Display":"Zoom"
         ,"On Data Change":"Slide to Right"
        }
       ,"Tooltip":{
          "Show":true
         ,"Show Series Name":false
         ,"Show Group Name":true
         ,"Show Value":true
        }
       ,"Legend":{
          "Show":false
        }
       ,"Messages":{
          "When No Data Found":"Nothing To Show Yet !"
        }
       ,"Series":[
          {
            "id":"22817563032456470570"
           ,"Identification":{
              "Name":"Revenue"
            }
           ,"Execution":{
              "Sequence":10
            }
           ,"Source":{
              "Location":"Local Database"
             ,"Type":"SQL Query"
             ,"SQL Query":"SELECT DISTINCT s.store_name, COALESCE(SUM(oi.unit_price * oi.quantity), 0) AS sales\nFROM stores s\nLEFT JOIN product p ON s.store_id = p.store_id\nLEFT JOIN order_items oi ON p.product_id = oi.product_id\nLEFT JOIN orders o ON o.order_id = oi.order_id \nWHERE o.order_status = \u0027Confirmed\u0027\n  AND s.customer_id = TO_NUMBER(:USER_ID)\nGROUP BY s.store_name;\n"
            }
           ,"Column Mapping":{
              "Label":"STORE_NAME"
             ,"Value":"SALES"
            }
           ,"Appearance":{
              "Color":"#3a3632"
             ,"Assigned To Y2 Axis":false
            }
           ,"Label":{
              "Show":false
            }
           ,"Performance":{
              "Maximum Rows to Process":20
            }
          }
        ]
       ,"Axes":[
          {
            "id":"39275505436936429145"
           ,"Identification":{
              "Name":"x"
             ,"Show Axis":true
            }
           ,"Value":{
              "Format Scaling":"Automatic"
             ,"Baseline Scaling":"Zero"
             ,"Scale":"Linear"
            }
           ,"Major Ticks":{
              "Show":"Yes"
            }
           ,"Minor Ticks":{
              "Show":false
            }
           ,"Tick Label":{
              "Show":true
             ,"Rotation":true
             ,"Position":"Outside"
             ,"Font Family":"Courier New"
             ,"Font Size":"10"
             ,"Font Color":"#3a3632"
            }
          }
         ,{
            "id":"39275505569455429146"
           ,"Identification":{
              "Name":"y"
             ,"Show Axis":true
            }
           ,"Value":{
              "Format":"Currency"
             ,"Decimal Places":0
             ,"Currency":"TND"
             ,"Format Scaling":"None"
             ,"Baseline Scaling":"Zero"
             ,"Scale":"Linear"
            }
           ,"Appearance":{
              "Position":"Start"
            }
           ,"Major Ticks":{
              "Show":"Yes"
            }
           ,"Minor Ticks":{
              "Show":false
            }
           ,"Tick Label":{
              "Show":true
             ,"Font Family":"Courier New"
             ,"Font Style":"Italic"
            }
          }
        ]
      }
    }
   ,{
      "id":"22817566300796470572"
     ,"Identification":{
        "Title":"Total Revenue By Product"
       ,"Type":"Chart"
      }
     ,"Layout":{
        "Sequence":40
       ,"Parent Region":"No Parent"
       ,"Position":"BODY"
       ,"Start New Layout":false
       ,"Start New Row":false
       ,"Column":"Automatic"
       ,"New Column":true
       ,"Column Span":"Automatic"
      }
     ,"Appearance":{
        "Template":"Standard (19471808805460504264)"
       ,"Template Options":[
          "#DEFAULT#"
         ,"t-Region--scrollBody"
        ]
       ,"Render Components":"Above Content"
      }
     ,"Accessibility":{
        "Use Landmark":true
       ,"Landmark Type":"Template Default"
      }
     ,"Advanced":{
        "Region Display Selector":false
       ,"Exclude Title from Translation":false
      }
     ,"Security":{
        "Escape special characters":false
      }
     ,"Server Cache":{
        "Caching":"Disabled"
      }
     ,"Customization":{
        "Customizable":"Not Customizable By End Users"
      }
     ,"Attributes":{
        "id":"22817566784981470572"
       ,"Chart":{
          "Type":"Bar"
        }
       ,"Appearance":{
          "Orientation":"Vertical"
         ,"Stack":false
        }
       ,"Layout":{
          "Height":400
        }
       ,"Data Cursor":{
          "Cursor":"Automatic"
         ,"Behavior":"Automatic"
         ,"Dim On Hover":true
        }
       ,"Multi-Series Chart Data":{
          "Fill Gaps in Chart Data":true
         ,"Sort Order":"Label - Ascending"
         ,"Render Gap as Zero":true
        }
       ,"Settings":{
          "Zoom and Scroll":"No"
        }
       ,"Animation":{
          "On Display":"Zoom"
         ,"On Data Change":"Slide to Left"
        }
       ,"Tooltip":{
          "Show":true
         ,"Show Series Name":false
         ,"Show Group Name":true
         ,"Show Value":true
        }
       ,"Legend":{
          "Show":false
        }
       ,"Messages":{
          "When No Data Found":"Nothing To Show Yet !"
        }
       ,"Series":[
          {
            "id":"22817568423162470573"
           ,"Identification":{
              "Name":"Revenue Per Product"
            }
           ,"Execution":{
              "Sequence":10
            }
           ,"Source":{
              "Location":"Local Database"
             ,"Type":"SQL Query"
             ,"SQL Query":"SELECT p.product_name, SUM(new_price(oi.product_id) * oi.quantity) AS total_sold\nFROM order_items oi\nJOIN product p ON oi.product_id = p.product_id\nJOIN stores s ON p.store_id = s.store_id\nWHERE s.customer_id = TO_NUMBER(:USER_ID)\nGROUP BY p.product_name\nORDER BY total_sold DESC;\n"
            }
           ,"Column Mapping":{
              "Label":"PRODUCT_NAME"
             ,"Value":"TOTAL_SOLD"
            }
           ,"Appearance":{
              "Color":"#3a3632"
             ,"Assigned To Y2 Axis":false
            }
           ,"Label":{
              "Show":true
             ,"Position":"Center"
             ,"Font Family":"Courier New"
             ,"Font Style":"Normal"
             ,"Font Size":"12"
            }
           ,"Performance":{
              "Maximum Rows to Process":20
            }
          }
        ]
       ,"Axes":[
          {
            "id":"39512633435026030902"
           ,"Identification":{
              "Name":"x"
             ,"Show Axis":true
            }
           ,"Value":{
              "Format Scaling":"Automatic"
             ,"Baseline Scaling":"Zero"
             ,"Scale":"Linear"
            }
           ,"Major Ticks":{
              "Show":"Yes"
            }
           ,"Minor Ticks":{
              "Show":false
            }
           ,"Tick Label":{
              "Show":true
             ,"Rotation":true
             ,"Position":"Outside"
            }
          }
         ,{
            "id":"39512633527719030903"
           ,"Identification":{
              "Name":"y"
             ,"Show Axis":true
            }
           ,"Value":{
              "Format":"Currency"
             ,"Decimal Places":0
             ,"Currency":"TND"
             ,"Format Scaling":"None"
             ,"Baseline Scaling":"Zero"
             ,"Scale":"Linear"
            }
           ,"Appearance":{
              "Position":"Automatic"
            }
           ,"Major Ticks":{
              "Show":"Yes"
            }
           ,"Minor Ticks":{
              "Show":false
            }
           ,"Tick Label":{
              "Show":true
            }
          }
        ]
      }
    }
   ,{
      "id":"38242827072941699947"
     ,"Identification":{
        "Title":"Seller Dashbord Side Navigation"
       ,"Type":"List"
      }
     ,"Source":{
        "List":"Seller Dashboard List (38784043417088031374)"
      }
     ,"Layout":{
        "Sequence":50
       ,"Parent Region":"No Parent"
       ,"Position":"REGION_POSITION_02"
       ,"Start New Layout":false
       ,"Start New Row":true
       ,"Column":"Automatic"
       ,"New Column":true
       ,"Column Span":"Automatic"
      }
     ,"Appearance":{
        "Template":"Standard (19471808805460504264)"
       ,"Template Options":[
          "#DEFAULT#"
         ,"t-Region--removeHeader js-removeLandmark"
         ,"t-Region--noUI"
         ,"t-Region--scrollBody"
        ]
       ,"CSS Classes":[
          "dashboard-side-menu"
        ]
       ,"Render Components":"Above Content"
      }
     ,"Accessibility":{
        "Use Landmark":true
       ,"Landmark Type":"Template Default"
      }
     ,"Advanced":{
        "Region Display Selector":false
       ,"Exclude Title from Translation":false
      }
     ,"Server Cache":{
        "Caching":"Disabled"
      }
     ,"Customization":{
        "Customizable":"Not Customizable By End Users"
      }
     ,"Attributes":{
        "Appearance":{
          "List Template":"Links List (19471863408174504294)"
         ,"Template Options":[
            "#DEFAULT#"
           ,"t-LinksList--showBadge"
           ,"t-LinksList--showArrow"
           ,"t-LinksList--nowrap"
           ,"t-LinksList--actions"
           ,"t-LinksList--showIcons"
          ]
         ,"CSS Classes":[
            "dashboard-side-menu-list"
          ]
        }
      }
    }
   ,{
      "id":"39512633648529030904"
     ,"Identification":{
        "Title":"Customer Distribution by Region"
       ,"Type":"Chart"
      }
     ,"Layout":{
        "Sequence":50
       ,"Parent Region":"No Parent"
       ,"Position":"BODY"
       ,"Start New Layout":false
       ,"Start New Row":true
       ,"Column":"Automatic"
       ,"New Column":true
       ,"Column Span":"6"
      }
     ,"Appearance":{
        "Template":"Standard (19471808805460504264)"
       ,"Template Options":[
          "#DEFAULT#"
         ,"t-Region--scrollBody"
        ]
       ,"Render Components":"Above Content"
      }
     ,"Accessibility":{
        "Use Landmark":true
       ,"Landmark Type":"Template Default"
      }
     ,"Advanced":{
        "Region Display Selector":false
       ,"Exclude Title from Translation":false
      }
     ,"Security":{
        "Escape special characters":true
      }
     ,"Server Cache":{
        "Caching":"Disabled"
      }
     ,"Customization":{
        "Customizable":"Not Customizable By End Users"
      }
     ,"Attributes":{
        "id":"39512633709009030905"
       ,"Chart":{
          "Type":"Pie"
        }
       ,"Layout":{
          "Height":400
        }
       ,"Data Cursor":{
          "Cursor":"Yes"
         ,"Behavior":"Smooth"
         ,"Dim On Hover":true
        }
       ,"Settings":{
          "Pie Selection Effect":"Explode"
        }
       ,"Value":{
          "Pie Chart Other Threshold":0
         ,"Format":"Decimal"
         ,"Decimal Places":0
         ,"Format Scaling":"None"
        }
       ,"Animation":{
          "On Display":"Alpha Fade"
         ,"On Data Change":"Slide to Right"
        }
       ,"Tooltip":{
          "Show":true
         ,"Show Series Name":false
         ,"Show Value":true
        }
       ,"Legend":{
          "Show":true
         ,"Position":"Automatic"
         ,"Hide and Show Behavior":"Rescale"
        }
       ,"Messages":{
          "When No Data Found":"Nothing To Show Yet !"
        }
       ,"Advanced":{
          "Initialization JavaScript Function":"function modifyOptions(options) {\n    const colors = [\"#3A3632\", \"#FFB929\", \"#497620\", \"#F0E68C\", \"#BC4E98\" , \"#FFB929\", \"#497620\", \"#C33522\"];\n    options.dataFilter = function (data) {\n        for (var i = 0; i \u003C data.series.length; i++) {\n        data.series[i].color = colors[i]\n        }\n\n        return data;\n    };\n\n    return options;\n}\n"
        }
       ,"Series":[
          {
            "id":"39512633802091030906"
           ,"Identification":{
              "Name":"Cus By State"
            }
           ,"Execution":{
              "Sequence":10
            }
           ,"Source":{
              "Location":"Local Database"
             ,"Type":"SQL Query"
             ,"SQL Query":"SELECT st.state_id, state_name,\n       count(DISTINCT o.customer_id) \"number of customers\"\nFROM customer c,\n     orders o,\n     states st,\n     cities ct\nWHERE o.customer_id = c.customer_id\n  AND c.city_id = ct.city_id\n  AND st.state_id = ct.state_id\nGROUP BY st.state_id,state_name\nORDER BY count(o.customer_id)\nFETCH NEXT 5 ROWS ONLY;\n"
            }
           ,"Column Mapping":{
              "Label":"STATE_NAME"
             ,"Value":"number of customers"
            }
           ,"Link":{
              "Type":"Redirect to Page in this Application"
             ,"Target":{
                "url":"f?p=\u0026APP_ID.:75:\u0026SESSION.::\u0026DEBUG.:75::"
               ,"Page":"75"
               ,"Clear Cache":"75"
              }
            }
           ,"Label":{
              "Show":true
             ,"Position":"Above Marker"
             ,"Display As":"Label - Percentage ( Value )"
             ,"Font Size":"10"
            }
          }
        ]
      }
    }
   ,{
      "id":"41154317089470227819"
     ,"Identification":{
        "Title":"Customer Delivery Preference Distribution"
       ,"Type":"Chart"
      }
     ,"Layout":{
        "Sequence":60
       ,"Parent Region":"No Parent"
       ,"Position":"BODY"
       ,"Start New Layout":false
       ,"Start New Row":false
       ,"Column":"Automatic"
       ,"New Column":true
       ,"Column Span":"Automatic"
      }
     ,"Appearance":{
        "Template":"Standard (19471808805460504264)"
       ,"Template Options":[
          "#DEFAULT#"
         ,"t-Region--scrollBody"
        ]
       ,"Render Components":"Above Content"
      }
     ,"Accessibility":{
        "Use Landmark":true
       ,"Landmark Type":"Template Default"
      }
     ,"Advanced":{
        "Region Display Selector":false
       ,"Exclude Title from Translation":false
      }
     ,"Security":{
        "Escape special characters":true
      }
     ,"Server Cache":{
        "Caching":"Disabled"
      }
     ,"Customization":{
        "Customizable":"Not Customizable By End Users"
      }
     ,"Attributes":{
        "id":"41154317131217227820"
       ,"Chart":{
          "Type":"Pie"
        }
       ,"Layout":{
          "Height":400
        }
       ,"Data Cursor":{
          "Cursor":"Automatic"
         ,"Behavior":"Automatic"
         ,"Dim On Hover":true
        }
       ,"Settings":{
          "Pie Selection Effect":"Highlight"
        }
       ,"Value":{
          "Pie Chart Other Threshold":0
         ,"Format":"Decimal"
         ,"Decimal Places":0
         ,"Format Scaling":"None"
        }
       ,"Animation":{
          "On Display":"Automatic"
         ,"On Data Change":"Automatic"
        }
       ,"Tooltip":{
          "Show":true
         ,"Show Series Name":true
         ,"Show Value":true
        }
       ,"Legend":{
          "Show":true
         ,"Position":"Automatic"
         ,"Hide and Show Behavior":"Rescale"
        }
       ,"Advanced":{
          "Initialization JavaScript Function":"function modifyOptions(options) {\n\toptions.dataFilter = function (data) {\n\t  for (var i = 0; i \u003C data.series.length; i++) {\n\t\tvar dataName = data.series[i].name;\n\t\tif (dataName.startsWith(\"Home Delivery\")) {\n\t\t  data.series[i].color = \"#FFB929\";\n\t\t} else if (dataName.startsWith(\"Pickup\")) {\n\t\t  data.series[i].color = \"#3A3632\";\n\t  }\n      }\n\t  return data;\n\t};\n  \n\treturn options;\n  }\n"
        }
       ,"Series":[
          {
            "id":"41154317298141227821"
           ,"Identification":{
              "Name":"Series 1"
            }
           ,"Execution":{
              "Sequence":10
            }
           ,"Source":{
              "Location":"Local Database"
             ,"Type":"SQL Query"
             ,"SQL Query":"SELECT \n    count(o.order_id),\n    delivery_method\nFROM\n    orders o\nLEFT JOIN delivery_type dt on o.delivery_type_id = dt.delivery_type_id\nGROUP BY delivery_method;"
            }
           ,"Column Mapping":{
              "Label":"DELIVERY_METHOD"
             ,"Value":"COUNT(O.ORDER_ID)"
            }
           ,"Label":{
              "Show":true
             ,"Position":"Automatic"
             ,"Display As":"Label"
            }
          }
        ]
      }
    }
  ]
}
