{
  "id":"74"
 ,"Identification":{
    "Name":"Seller Dashboard Delivery"
   ,"Alias":"SELLER-DASHBOARD-DELIVERY"
   ,"Title":"Seller Dashboard Delivery"
  }
 ,"Appearance":{
    "Page Mode":"Normal"
   ,"Page Template":"Left Side Column (19471509145742504218)"
   ,"Template Options":[
      "#DEFAULT#"
    ]
  }
 ,"Navigation Menu":{
    "Override User Interface Level":false
  }
 ,"Navigation":{
    "Cursor Focus":"Do not focus cursor"
   ,"Warn on Unsaved Changes":true
  }
 ,"CSS":{
    "File URLs":[
      "#APP_FILES#Styling\/main_style#MIN#.css"
    ]
   ,"Inline":".overall-summary-region-container {\n    padding: 10px;\n}\n\n.overall-summary-region-row{\n    padding: 0 0 50px;\n}\n\n.overall-summary-region {\n    margin: 0 10px 10px 10px;\n    min-height: 100%;\n    box-shadow: -1px 33px 35px -13px rgba(207,193,193,0.59);\n    -webkit-box-shadow: -1px 33px 35px -13px rgba(207,193,193,0.59);\n    -moz-box-shadow: -1px 33px 35px -13px rgba(207,193,193,0.59);\n    border-radius: 10px !important;\n    transition: all 300ms;\n}\n\n.overall-summary-region:hover {\n    transform: scale(1.05);\n    box-shadow: -1px 33px 35px -20px rgba(207,193,193,0.99);\n    -webkit-box-shadow: -1px 33px 35px -20px rgba(207,193,193,0.99);\n    -moz-box-shadow: -1px 33px 35px -20px rgba(207,193,193,0.99);\n}\n\n.overview {\n    border-left: 10px solid var(--fouth-color);\n    border-radius: 10px;\n    padding-left: 10px;\n    text-align: center;\n}\n\n.overview-danger {\n    border-left: 10px solid var(--danger-color);\n    border-radius: 10px;\n    padding-left: 10px;\n    text-align: center;\n}\n\n.overview-success{\n    border-left: 10px solid var(--success-color);\n    border-radius: 10px;\n    padding-left: 10px;\n    text-align: center;\n}\n\n.overview-warning {\n    border-left: 10px solid var(--warning-color);\n    border-radius: 10px;\n    padding-left: 10px;\n    text-align: center;\n}\n\n.overview-title {\n    text-align: center;\n    color: var(--fouth-color);\n    font-family: var(--secondary-header-font);\n    border-bottom: 1px solid rgba(211, 211, 211, 0.5);\n    padding: 2px;\n}\n\n.overview-title \u003E span {\n    margin-right: 5px;\n}\n\n.overview-data {\n    font-family: var(--regular-text-font );\n}\n\n.overview-data-prod \u003E span {\n    font-size: xx-small;\n    opacity: 0.6;\n}\n\n\n.t-Report-colHead{\n    font-family: var(--secondary-header-font);\n    text-align: center;\n}\n\n.t-Report-cell{\n    font-family: var(--regular-text-font);\n    text-align: center;\n}\n\n\n.del-order {\n    color: var(--danger-color);\n}\n\n.confirm-order {\n    color: var(--fouth-color);\n}"
  }
 ,"Header and Footer":{
    "Header Text":"\u003Cscript type=\"text\/javascript\" src=\"https:\/\/cdnjs.cloudflare.com\/ajax\/libs\/pdfmake\/0.1.22\/pdfmake.min.js\"\u003E\u003C\/script\u003E\n\u003Cscript type=\"text\/javascript\" src=\"https:\/\/cdnjs.cloudflare.com\/ajax\/libs\/html2canvas\/0.4.1\/html2canvas.min.js\"\u003E\u003C\/script\u003E\n\u003Cscript type=\"text\/javascript\"\u003E\n    function ExportDetails() {\n    html2canvas(document.getElementById(\"PDF\"), {\n        onrendered: function(canvas) {\n            var data=canvas.toDataURL();\n\n            var docDefinition= {\n                content: [ {\n                    image: data,\n                    width: 500\n                }\n\n                ]\n            }\n\n            ;\n            pdfMake.createPdf(docDefinition).download(\"DeliveryDetails.pdf\");\n        }\n    });\n\n}\n\n\u003C\/script\u003E"
  }
 ,"Security":{
    "Authentication":"Page Requires Authentication"
   ,"Deep Linking":"Application Default"
   ,"Page Access Protection":"Arguments Must Have Checksum"
   ,"Form Auto Complete":"Off"
   ,"Browser Cache":"Application Default"
  }
 ,"Session Management":{
    "Rejoin Sessions":"Application Default"
  }
 ,"Advanced":{
    "Enable duplicate page submissions":"Yes - Enable page to be re-posted"
   ,"Reload on Submit":"Only for Success"
  }
 ,"Server Cache":{
    "Caching":"Disabled"
  }
 ,"Regions":[
    {
      "id":"39275505321660429144"
     ,"Identification":{
        "Title":"Seller Dashboard Navigation"
       ,"Type":"List"
      }
     ,"Source":{
        "List":"Seller Dashboard List (38784043417088031374)"
      }
     ,"Layout":{
        "Sequence":10
       ,"Parent Region":"No Parent"
       ,"Position":"REGION_POSITION_02"
       ,"Start New Layout":false
       ,"Start New Row":true
       ,"Column":"Automatic"
       ,"New Column":true
       ,"Column Span":"Automatic"
      }
     ,"Appearance":{
        "Template":"Standard (19471808805460504264)"
       ,"Template Options":[
          "#DEFAULT#"
         ,"t-Region--removeHeader js-removeLandmark"
         ,"t-Region--noUI"
         ,"t-Region--scrollBody"
        ]
       ,"CSS Classes":[
          "dashboard-side-menu"
        ]
       ,"Render Components":"Above Content"
      }
     ,"Accessibility":{
        "Use Landmark":true
       ,"Landmark Type":"Template Default"
      }
     ,"Advanced":{
        "Region Display Selector":false
       ,"Exclude Title from Translation":false
      }
     ,"Server Cache":{
        "Caching":"Disabled"
      }
     ,"Customization":{
        "Customizable":"Not Customizable By End Users"
      }
     ,"Attributes":{
        "Appearance":{
          "List Template":"Links List (19471863408174504294)"
         ,"Template Options":[
            "#DEFAULT#"
           ,"t-LinksList--showArrow"
           ,"t-LinksList--nowrap"
           ,"t-LinksList--actions"
           ,"t-LinksList--showIcons"
          ]
         ,"CSS Classes":[
            "dashboard-side-menu-list"
          ]
        }
      }
    }
   ,{
      "id":"46538612943111172013"
     ,"Identification":{
        "Title":"Confirmed Earnings"
       ,"Type":"Dynamic Content"
      }
     ,"Source":{
        "Language":"PL\/SQL"
       ,"PL\/SQL Function Body returning a CLOB":"declare \n    l_sum number := 0;\nbegin\n    select  COALESCE(sum(d.price), 0)\n    into    l_sum\n    from    delivery d, order_items oi, product p, stores s\n    where   d.delivery_status = \u0027Delivered\u0027   \n    and     d.order_id = oi.order_id\n    and     oi.product_id = p.product_id\n    and     p.store_id = s.store_id\n    and     s.customer_id = to_number(:USER_ID) ;\n\n    return \n        \u0027 \u003Cdiv class=\"overview-success\"\u003E\n        \u003Ch3 class=\"overview-title\"\u003E Confirmed Earnings \u003C\/h3\u003E\n        \u003Ch4 class=\"overview-data\"\u003E\u0027 || l_sum || \u0027 TND\n        \u003C\/h4\u003E\n        \u003C\/div\u003E \u0027;\nend;"
      }
     ,"Layout":{
        "Sequence":20
       ,"Parent Region":"Delivery Overview (126033021944455701722)"
       ,"Position":"SUB_REGIONS"
       ,"Start New Layout":false
       ,"Start New Row":false
       ,"Column":"Automatic"
       ,"New Column":true
       ,"Column Span":"Automatic"
      }
     ,"Appearance":{
        "Template":"Standard (19471808805460504264)"
       ,"Template Options":[
          "#DEFAULT#"
         ,"t-Region--removeHeader js-removeLandmark"
         ,"t-Region--stacked"
         ,"t-Region--scrollBody"
        ]
       ,"CSS Classes":[
          "overall-summary-region"
        ]
       ,"Render Components":"Above Content"
      }
     ,"Accessibility":{
        "Use Landmark":true
       ,"Landmark Type":"Template Default"
      }
     ,"Advanced":{
        "Region Display Selector":false
       ,"Exclude Title from Translation":false
      }
     ,"Server-side Condition":{
        "Type":"Never"
      }
     ,"Server Cache":{
        "Caching":"Disabled"
      }
     ,"Customization":{
        "Customizable":"Not Customizable By End Users"
      }
     ,"Attributes":{
        "Performance":{
          "Lazy Loading":false
        }
      }
    }
   ,{
      "id":"46538613168547172015"
     ,"Identification":{
        "Title":"Negative Earnings"
       ,"Type":"Dynamic Content"
      }
     ,"Source":{
        "Language":"PL\/SQL"
       ,"PL\/SQL Function Body returning a CLOB":"declare \n    l_sum number := 0;\nbegin\n    select  COALESCE(sum(d.price), 0)\n    into    l_sum\n    from    delivery d, order_items oi, product p, stores s\n    where   d.delivery_status = \u0027Returned\u0027   \n    and     d.order_id = oi.order_id\n    and     oi.product_id = p.product_id\n    and     p.store_id = s.store_id\n    and     s.customer_id = to_number(:USER_ID) ;\n\n    return \n        \u0027 \u003Cdiv class=\"overview-danger\"\u003E\n        \u003Ch3 class=\"overview-title\"\u003E Negative Earnings \u003C\/h3\u003E\n        \u003Ch4 class=\"overview-data\"\u003E\u0027 || l_sum || \u0027 TND\n        \u003C\/h4\u003E\n        \u003C\/div\u003E \u0027;\nend;"
      }
     ,"Layout":{
        "Sequence":30
       ,"Parent Region":"Delivery Overview (126033021944455701722)"
       ,"Position":"SUB_REGIONS"
       ,"Start New Layout":false
       ,"Start New Row":false
       ,"Column":"Automatic"
       ,"New Column":true
       ,"Column Span":"Automatic"
      }
     ,"Appearance":{
        "Template":"Standard (19471808805460504264)"
       ,"Template Options":[
          "#DEFAULT#"
         ,"t-Region--removeHeader js-removeLandmark"
         ,"t-Region--stacked"
         ,"t-Region--scrollBody"
        ]
       ,"CSS Classes":[
          "overall-summary-region"
        ]
       ,"Render Components":"Above Content"
      }
     ,"Accessibility":{
        "Use Landmark":true
       ,"Landmark Type":"Template Default"
      }
     ,"Advanced":{
        "Region Display Selector":false
       ,"Exclude Title from Translation":false
      }
     ,"Server-side Condition":{
        "Type":"Never"
      }
     ,"Server Cache":{
        "Caching":"Disabled"
      }
     ,"Customization":{
        "Customizable":"Not Customizable By End Users"
      }
     ,"Attributes":{
        "Performance":{
          "Lazy Loading":false
        }
      }
    }
   ,{
      "id":"46538613212385172016"
     ,"Identification":{
        "Title":"Status-based Delivery Tracker"
       ,"Type":"Chart"
      }
     ,"Layout":{
        "Sequence":20
       ,"Parent Region":"No Parent"
       ,"Position":"BODY"
       ,"Start New Layout":false
       ,"Start New Row":true
       ,"Column":"Automatic"
       ,"New Column":true
       ,"Column Span":"Automatic"
      }
     ,"Appearance":{
        "Template":"Standard (19471808805460504264)"
       ,"Template Options":[
          "#DEFAULT#"
         ,"t-Region--scrollBody"
        ]
       ,"Render Components":"Above Content"
      }
     ,"Accessibility":{
        "Use Landmark":true
       ,"Landmark Type":"Template Default"
      }
     ,"Advanced":{
        "Region Display Selector":false
       ,"Exclude Title from Translation":false
      }
     ,"Security":{
        "Escape special characters":true
      }
     ,"Server Cache":{
        "Caching":"Disabled"
      }
     ,"Customization":{
        "Customizable":"Not Customizable By End Users"
      }
     ,"Attributes":{
        "id":"46538613324527172017"
       ,"Chart":{
          "Type":"Pie"
        }
       ,"Layout":{
          "Height":400
        }
       ,"Data Cursor":{
          "Cursor":"Automatic"
         ,"Behavior":"Automatic"
         ,"Dim On Hover":true
        }
       ,"Settings":{
          "Pie Selection Effect":"Highlight"
        }
       ,"Value":{
          "Pie Chart Other Threshold":0
         ,"Format":"Decimal"
         ,"Decimal Places":0
         ,"Format Scaling":"None"
        }
       ,"Animation":{
          "On Display":"Automatic"
         ,"On Data Change":"Automatic"
        }
       ,"Tooltip":{
          "Show":true
         ,"Show Series Name":true
         ,"Show Value":true
        }
       ,"Legend":{
          "Show":true
         ,"Position":"Automatic"
         ,"Hide and Show Behavior":"Rescale"
        }
       ,"Series":[
          {
            "id":"46538613448113172018"
           ,"Identification":{
              "Name":"Series 1"
            }
           ,"Execution":{
              "Sequence":10
            }
           ,"Source":{
              "Location":"Local Database"
             ,"Type":"SQL Query"
             ,"SQL Query":"select  COUNT(distinct d.delivery_id), delivery_status\n    from    delivery d, order_items oi, product p, stores s\n    where   d.order_id = oi.order_id\n    and     oi.product_id = p.product_id\n    and     p.store_id = s.store_id\n    and     s.customer_id = to_number(:USER_ID) \n    GROUP BY delivery_status;"
            }
           ,"Column Mapping":{
              "Label":"DELIVERY_STATUS"
             ,"Value":"COUNT(DISTINCTD.DELIVERY_ID)"
            }
           ,"Label":{
              "Show":true
             ,"Position":"Automatic"
             ,"Display As":"Label"
            }
          }
        ]
      }
    }
   ,{
      "id":"46538613780287172021"
     ,"Identification":{
        "Title":"Earnings Forecast vs. Actual Performance"
       ,"Type":"Chart"
      }
     ,"Layout":{
        "Sequence":30
       ,"Parent Region":"No Parent"
       ,"Position":"BODY"
       ,"Start New Layout":false
       ,"Start New Row":true
       ,"Column":"Automatic"
       ,"New Column":true
       ,"Column Span":"Automatic"
      }
     ,"Appearance":{
        "Template":"Standard (19471808805460504264)"
       ,"Template Options":[
          "#DEFAULT#"
         ,"t-Region--scrollBody"
        ]
       ,"Render Components":"Above Content"
      }
     ,"Accessibility":{
        "Use Landmark":true
       ,"Landmark Type":"Template Default"
      }
     ,"Advanced":{
        "Region Display Selector":false
       ,"Exclude Title from Translation":false
      }
     ,"Security":{
        "Escape special characters":true
      }
     ,"Server Cache":{
        "Caching":"Disabled"
      }
     ,"Customization":{
        "Customizable":"Not Customizable By End Users"
      }
     ,"Attributes":{
        "id":"46538614006777172024"
       ,"Chart":{
          "Type":"Line with Area"
        }
       ,"Appearance":{
          "Orientation":"Vertical"
         ,"Stack":false
        }
       ,"Layout":{
          "Height":400
        }
       ,"Data Cursor":{
          "Cursor":"Automatic"
         ,"Behavior":"Automatic"
         ,"Dim On Hover":true
        }
       ,"Multi-Series Chart Data":{
          "Fill Gaps in Chart Data":true
         ,"Sort Order":"Label - Ascending"
         ,"Render Gap as Zero":true
        }
       ,"Settings":{
          "Zoom and Scroll":"No"
        }
       ,"Animation":{
          "On Display":"Alpha Fade"
         ,"On Data Change":"Slide to Right"
        }
       ,"Tooltip":{
          "Show":true
         ,"Show Series Name":true
         ,"Show Group Name":true
         ,"Show Value":true
        }
       ,"Legend":{
          "Show":true
         ,"Position":"Bottom"
         ,"Hide and Show Behavior":"Rescale"
         ,"Font Family":"Courier New"
         ,"Font Style":"Oblique"
         ,"Font Size":"12"
         ,"Font Color":"#3a3632"
        }
       ,"Messages":{
          "When No Data Found":"No Deliveries Yet !"
        }
       ,"Series":[
          {
            "id":"46538614195478172025"
           ,"Identification":{
              "Name":"Projected Earnings Per Month"
            }
           ,"Execution":{
              "Sequence":10
            }
           ,"Source":{
              "Location":"Local Database"
             ,"Type":"SQL Query"
             ,"SQL Query":"WITH all_months AS (\n  SELECT TO_CHAR(ADD_MONTHS(TRUNC(SYSDATE, \u0027YYYY\u0027), LEVEL - 1), \u0027YYYY-MM\u0027) AS month\n  FROM DUAL\n  CONNECT BY LEVEL \u003C= 12 \n)\nSELECT am.month, COALESCE(SUM(d.price), 0)  AS revenue\nFROM all_months am\nLEFT JOIN orders o ON am.month = TO_CHAR(o.order_datetime, \u0027YYYY-MM\u0027)\nLEFT JOIN delivery d ON d.order_id = o.order_id\n                    AND (d.delivery_status = \u0027Awaiting\u0027 OR d.delivery_status = \u0027Confirmed\u0027 OR d.delivery_status = \u0027Returned\u0027)\nLEFT JOIN order_items oi ON o.order_id = oi.order_id\nLEFT JOIN product p ON oi.product_id = p.product_id\nLEFT JOIN stores s ON p.store_id = s.store_id\n                   AND s.customer_id = to_number(:USER_ID)\nGROUP BY am.month\nORDER BY am.month;"
            }
           ,"Column Mapping":{
              "Label":"MONTH"
             ,"Value":"REVENUE"
            }
           ,"Appearance":{
              "Color":"#3a3632"
             ,"Assigned To Y2 Axis":false
            }
           ,"Line":{
              "Style":"Solid"
             ,"Type":"Automatic"
            }
           ,"Marker":{
              "Show":"Yes"
             ,"Shape":"Triangle Up"
            }
           ,"Label":{
              "Show":true
             ,"Position":"Automatic"
             ,"Font Family":"Courier New"
             ,"Font Style":"Italic"
             ,"Font Size":"10"
            }
          }
         ,{
            "id":"46538614480834172028"
           ,"Identification":{
              "Name":"Confirmed Earnings Per Month"
            }
           ,"Execution":{
              "Sequence":20
            }
           ,"Source":{
              "Location":"Local Database"
             ,"Type":"SQL Query"
             ,"SQL Query":"WITH all_months AS (\n  SELECT TO_CHAR(ADD_MONTHS(TRUNC(SYSDATE, \u0027YYYY\u0027), LEVEL - 1), \u0027YYYY-MM\u0027) AS month\n  FROM DUAL\n  CONNECT BY LEVEL \u003C= 12 \n)\nSELECT am.month, COALESCE(SUM(d.price), 0)  AS revenue\nFROM all_months am\nLEFT JOIN orders o ON am.month = TO_CHAR(o.order_datetime, \u0027YYYY-MM\u0027)\nLEFT JOIN delivery d ON d.order_id = o.order_id\nLEFT JOIN order_items oi ON o.order_id = oi.order_id\nLEFT JOIN product p ON oi.product_id = p.product_id\nLEFT JOIN stores s ON p.store_id = s.store_id\n                   AND s.customer_id = to_number(:USER_ID)\nWHERE d.delivery_status = \u0027Delivered\u0027\nGROUP BY am.month\nORDER BY am.month;"
            }
           ,"Column Mapping":{
              "Label":"MONTH"
             ,"Value":"REVENUE"
            }
           ,"Appearance":{
              "Color":"#497620"
             ,"Assigned To Y2 Axis":false
            }
           ,"Line":{
              "Style":"Solid"
             ,"Type":"Automatic"
            }
           ,"Marker":{
              "Show":"Yes"
             ,"Shape":"Diamond"
            }
           ,"Label":{
              "Show":true
             ,"Position":"Automatic"
             ,"Font Family":"Courier New"
             ,"Font Style":"Italic"
             ,"Font Size":"10"
            }
          }
        ]
       ,"Axes":[
          {
            "id":"46538614297953172026"
           ,"Identification":{
              "Name":"x"
             ,"Show Axis":true
            }
           ,"Value":{
              "Format Scaling":"Automatic"
             ,"Baseline Scaling":"Zero"
             ,"Scale":"Linear"
            }
           ,"Major Ticks":{
              "Show":"Yes"
            }
           ,"Minor Ticks":{
              "Show":false
            }
           ,"Tick Label":{
              "Show":true
             ,"Rotation":true
             ,"Position":"Outside"
            }
          }
         ,{
            "id":"46538614392237172027"
           ,"Identification":{
              "Name":"y"
             ,"Show Axis":true
             ,"Title":"Revenue In TND"
            }
           ,"Title":{
              "Font Family":"Courier New"
             ,"Font Style":"Oblique"
             ,"Font Size":"10"
             ,"Font Color":"#000000"
            }
           ,"Value":{
              "Format":"Decimal"
             ,"Decimal Places":0
             ,"Format Scaling":"None"
             ,"Baseline Scaling":"Zero"
             ,"Scale":"Linear"
            }
           ,"Appearance":{
              "Position":"Automatic"
            }
           ,"Major Ticks":{
              "Show":"Yes"
            }
           ,"Minor Ticks":{
              "Show":false
            }
           ,"Tick Label":{
              "Show":true
            }
          }
         ,{
            "id":"46538615429250172038"
           ,"Identification":{
              "Name":"y2"
             ,"Show Axis":false
            }
           ,"Value":{
              "Format Scaling":"Automatic"
             ,"Baseline Scaling":"Zero"
             ,"Scale":"Linear"
            }
           ,"Appearance":{
              "Position":"Automatic"
            }
           ,"Major Ticks":{
              "Show":"Yes"
            }
           ,"Minor Ticks":{
              "Show":false
            }
           ,"Tick Label":{
              "Show":true
            }
           ,"Dual Y Axes":{
              "Show":"Automatic"
            }
          }
        ]
      }
    }
   ,{
      "id":"46538615540414172039"
     ,"Identification":{
        "Title":"Earnings Forecast vs. Shortfalls"
       ,"Type":"Chart"
      }
     ,"Layout":{
        "Sequence":40
       ,"Parent Region":"No Parent"
       ,"Position":"BODY"
       ,"Start New Layout":false
       ,"Start New Row":false
       ,"Column":"Automatic"
       ,"New Column":true
       ,"Column Span":"Automatic"
      }
     ,"Appearance":{
        "Template":"Standard (19471808805460504264)"
       ,"Template Options":[
          "#DEFAULT#"
         ,"t-Region--scrollBody"
        ]
       ,"Render Components":"Above Content"
      }
     ,"Accessibility":{
        "Use Landmark":true
       ,"Landmark Type":"Template Default"
      }
     ,"Advanced":{
        "Region Display Selector":false
       ,"Exclude Title from Translation":false
      }
     ,"Security":{
        "Escape special characters":true
      }
     ,"Server Cache":{
        "Caching":"Disabled"
      }
     ,"Customization":{
        "Customizable":"Not Customizable By End Users"
      }
     ,"Attributes":{
        "id":"46538615638485172040"
       ,"Chart":{
          "Type":"Line with Area"
        }
       ,"Appearance":{
          "Orientation":"Vertical"
         ,"Stack":false
        }
       ,"Layout":{
          "Height":400
        }
       ,"Data Cursor":{
          "Cursor":"Automatic"
         ,"Behavior":"Automatic"
         ,"Dim On Hover":true
        }
       ,"Multi-Series Chart Data":{
          "Fill Gaps in Chart Data":true
         ,"Sort Order":"Label - Ascending"
         ,"Render Gap as Zero":true
        }
       ,"Settings":{
          "Zoom and Scroll":"No"
        }
       ,"Animation":{
          "On Display":"Alpha Fade"
         ,"On Data Change":"Slide to Left"
        }
       ,"Tooltip":{
          "Show":true
         ,"Show Series Name":true
         ,"Show Group Name":true
         ,"Show Value":true
        }
       ,"Legend":{
          "Show":true
         ,"Position":"Bottom"
         ,"Hide and Show Behavior":"Rescale"
         ,"Font Family":"Courier New"
         ,"Font Style":"Oblique"
         ,"Font Size":"12"
         ,"Font Color":"#3a3632"
        }
       ,"Messages":{
          "When No Data Found":"No Deliveries Yet !"
        }
       ,"Series":[
          {
            "id":"46538615789699172041"
           ,"Identification":{
              "Name":"Projected Earnings Per Month"
            }
           ,"Execution":{
              "Sequence":10
            }
           ,"Source":{
              "Location":"Local Database"
             ,"Type":"SQL Query"
             ,"SQL Query":"WITH all_months AS (\n  SELECT TO_CHAR(ADD_MONTHS(TRUNC(SYSDATE, \u0027YYYY\u0027), LEVEL - 1), \u0027YYYY-MM\u0027) AS month\n  FROM DUAL\n  CONNECT BY LEVEL \u003C= 12 \n)\nSELECT am.month, COALESCE(SUM(d.price), 0)  AS revenue\nFROM all_months am\nLEFT JOIN orders o ON am.month = TO_CHAR(o.order_datetime, \u0027YYYY-MM\u0027)\nLEFT JOIN delivery d ON d.order_id = o.order_id\n                    AND (d.delivery_status = \u0027Awaiting\u0027 OR d.delivery_status = \u0027Confirmed\u0027 OR d.delivery_status = \u0027Returned\u0027)\nLEFT JOIN order_items oi ON o.order_id = oi.order_id\nLEFT JOIN product p ON oi.product_id = p.product_id\nLEFT JOIN stores s ON p.store_id = s.store_id\n                   AND s.customer_id = to_number(:USER_ID)\nGROUP BY am.month\nORDER BY am.month;"
            }
           ,"Column Mapping":{
              "Label":"MONTH"
             ,"Value":"REVENUE"
            }
           ,"Appearance":{
              "Color":"#3a3632"
             ,"Assigned To Y2 Axis":false
            }
           ,"Line":{
              "Style":"Solid"
             ,"Type":"Automatic"
            }
           ,"Marker":{
              "Show":"Automatic"
             ,"Shape":"Automatic"
            }
           ,"Label":{
              "Show":true
             ,"Position":"Automatic"
             ,"Font Family":"Courier New"
             ,"Font Style":"Italic"
             ,"Font Size":"10"
            }
          }
         ,{
            "id":"46538615989912172043"
           ,"Identification":{
              "Name":"Negative Earnings Per Month"
            }
           ,"Execution":{
              "Sequence":30
            }
           ,"Source":{
              "Location":"Local Database"
             ,"Type":"SQL Query"
             ,"SQL Query":"WITH all_months AS (\n  SELECT TO_CHAR(ADD_MONTHS(TRUNC(SYSDATE, \u0027YYYY\u0027), LEVEL - 1), \u0027YYYY-MM\u0027) AS month\n  FROM DUAL\n  CONNECT BY LEVEL \u003C= 12 \n)\nSELECT am.month, COALESCE(SUM(d.price), 0)  AS revenue\nFROM all_months am\nLEFT JOIN orders o ON am.month = TO_CHAR(o.order_datetime, \u0027YYYY-MM\u0027)\nLEFT JOIN delivery d ON d.order_id = o.order_id\nLEFT JOIN order_items oi ON o.order_id = oi.order_id\nLEFT JOIN product p ON oi.product_id = p.product_id\nLEFT JOIN stores s ON p.store_id = s.store_id\n                   AND s.customer_id = to_number(:USER_ID)\nWHERE d.delivery_status = \u0027Returned\u0027\nGROUP BY am.month\nORDER BY am.month;"
            }
           ,"Column Mapping":{
              "Label":"MONTH"
             ,"Value":"REVENUE"
            }
           ,"Appearance":{
              "Color":"#c33522"
             ,"Assigned To Y2 Axis":false
            }
           ,"Line":{
              "Style":"Solid"
             ,"Type":"Automatic"
            }
           ,"Marker":{
              "Show":"Yes"
             ,"Shape":"Circle"
            }
           ,"Label":{
              "Show":true
             ,"Position":"Automatic"
             ,"Font Family":"Courier New"
             ,"Font Style":"Italic"
             ,"Font Size":"10"
            }
          }
        ]
       ,"Axes":[
          {
            "id":"46538616072473172044"
           ,"Identification":{
              "Name":"x"
             ,"Show Axis":true
            }
           ,"Value":{
              "Format Scaling":"Automatic"
             ,"Baseline Scaling":"Zero"
             ,"Scale":"Linear"
            }
           ,"Major Ticks":{
              "Show":"Yes"
            }
           ,"Minor Ticks":{
              "Show":false
            }
           ,"Tick Label":{
              "Show":true
             ,"Rotation":true
             ,"Position":"Outside"
            }
          }
         ,{
            "id":"46538616145207172045"
           ,"Identification":{
              "Name":"y"
             ,"Show Axis":true
            }
           ,"Value":{
              "Format":"Decimal"
             ,"Decimal Places":0
             ,"Format Scaling":"None"
             ,"Baseline Scaling":"Zero"
             ,"Scale":"Linear"
            }
           ,"Appearance":{
              "Position":"Automatic"
            }
           ,"Major Ticks":{
              "Show":"Yes"
            }
           ,"Minor Ticks":{
              "Show":false
            }
           ,"Tick Label":{
              "Show":true
            }
          }
         ,{
            "id":"46538616290728172046"
           ,"Identification":{
              "Name":"y2"
             ,"Show Axis":false
            }
           ,"Value":{
              "Format Scaling":"Automatic"
             ,"Baseline Scaling":"Zero"
             ,"Scale":"Linear"
            }
           ,"Appearance":{
              "Position":"Automatic"
            }
           ,"Major Ticks":{
              "Show":"Yes"
            }
           ,"Minor Ticks":{
              "Show":false
            }
           ,"Tick Label":{
              "Show":true
            }
           ,"Dual Y Axes":{
              "Show":"Automatic"
            }
          }
        ]
      }
    }
   ,{
      "id":"46538616352484172047"
     ,"Identification":{
        "Title":"Delivery List"
       ,"Type":"Classic Report"
      }
     ,"Source":{
        "Location":"Local Database"
       ,"Type":"SQL Query"
       ,"SQL Query":"SELECT d.delivery_id, dm.DELIVERY_METHOD ,o.order_id, d.approx_date, d.delivery_location, d.delivery_status, \u0027Delivery Details\u0027\nFROM delivery d\nJOIN orders o ON d.order_id = o.order_id\nJOIN delivery_type dm ON d.delivery_type_id = dm.delivery_type_id\nJOIN order_items oi ON o.order_id = oi.order_id\nJOIN product p ON oi.product_id = p.product_id\nJOIN stores s ON p.store_id = s.store_id\nWHERE s.customer_id = TO_NUMBER(:USER_ID);"
      }
     ,"Layout":{
        "Sequence":50
       ,"Parent Region":"No Parent"
       ,"Position":"BODY"
       ,"Start New Layout":false
       ,"Start New Row":true
       ,"Column":"Automatic"
       ,"New Column":true
       ,"Column Span":"Automatic"
      }
     ,"Appearance":{
        "Template":"Standard (19471808805460504264)"
       ,"Template Options":[
          "#DEFAULT#"
         ,"t-Region--scrollBody"
        ]
       ,"Render Components":"Above Content"
      }
     ,"Accessibility":{
        "Use Landmark":true
       ,"Landmark Type":"Template Default"
      }
     ,"Advanced":{
        "Region Display Selector":false
       ,"Exclude Title from Translation":false
      }
     ,"Server Cache":{
        "Caching":"Disabled"
      }
     ,"Customization":{
        "Customizable":"Not Customizable By End Users"
      }
     ,"Attributes":{
        "Layout":{
          "Number of Rows Type":"Static Value"
         ,"Number of Rows":15
        }
       ,"Appearance":{
          "Template Type":"Theme"
         ,"Template":"Standard (19471847069031504283)"
         ,"Template Options":[
            "#DEFAULT#"
           ,"t-Report--stretch"
           ,"t-Report--altRowsDefault"
           ,"t-Report--rowHighlight"
          ]
        }
       ,"Pagination":{
          "Type":"Row Ranges X to Y (with next and previous links)"
         ,"Display Position":"Bottom - Right"
         ,"Partial Page Refresh":true
        }
       ,"Performance":{
          "Lazy Loading":false
        }
       ,"Break Formatting":{
          "Break Columns":"No Break"
        }
       ,"Advanced":{
          "Strip HTML":false
         ,"Sort Nulls":"Last"
        }
       ,"Heading":{
          "Type":"Custom Headings"
        }
       ,"Download":{
          "CSV Export Enabled":false
        }
       ,"Printing":{
          "Enabled":false
        }
      }
     ,"Columns":[
        {
          "id":"47546670287958340344"
         ,"Identification":{
            "Column Name":"DELIVERY_ID"
           ,"Type":"Plain Text"
          }
         ,"Heading":{
            "Heading":"Delivery Id"
           ,"Alignment":"end"
          }
         ,"Layout":{
            "Sequence":10
           ,"Column Alignment":"end"
          }
         ,"Accessibility":{
            "Value Identifies Row":false
          }
         ,"Sorting":{
            "Sortable":true
          }
         ,"Export \/ Printing":{
            "Include In Export \/ Print":true
          }
         ,"Advanced":{
            "Compute Sum":false
          }
         ,"UI Defaults Reference":{
            "Table Owner":"Parsing Schema"
          }
         ,"Security":{
            "Escape special characters":true
          }
        }
       ,{
          "id":"47546670339581340345"
         ,"Identification":{
            "Column Name":"ORDER_ID"
           ,"Type":"Plain Text"
          }
         ,"Heading":{
            "Heading":"Order Id"
           ,"Alignment":"end"
          }
         ,"Layout":{
            "Sequence":20
           ,"Column Alignment":"end"
          }
         ,"Accessibility":{
            "Value Identifies Row":false
          }
         ,"Sorting":{
            "Sortable":true
          }
         ,"Export \/ Printing":{
            "Include In Export \/ Print":true
          }
         ,"Advanced":{
            "Compute Sum":false
          }
         ,"UI Defaults Reference":{
            "Table Owner":"Parsing Schema"
          }
         ,"Security":{
            "Escape special characters":true
          }
        }
       ,{
          "id":"47546670436394340346"
         ,"Identification":{
            "Column Name":"APPROX_DATE"
           ,"Type":"Plain Text"
          }
         ,"Heading":{
            "Heading":"Approx Date"
           ,"Alignment":"start"
          }
         ,"Layout":{
            "Sequence":30
           ,"Column Alignment":"start"
          }
         ,"Accessibility":{
            "Value Identifies Row":false
          }
         ,"Sorting":{
            "Sortable":true
          }
         ,"Export \/ Printing":{
            "Include In Export \/ Print":true
          }
         ,"Advanced":{
            "Compute Sum":false
          }
         ,"UI Defaults Reference":{
            "Table Owner":"Parsing Schema"
          }
         ,"Security":{
            "Escape special characters":true
          }
        }
       ,{
          "id":"47546670561963340347"
         ,"Identification":{
            "Column Name":"DELIVERY_LOCATION"
           ,"Type":"Plain Text"
          }
         ,"Heading":{
            "Heading":"Delivery Location"
           ,"Alignment":"start"
          }
         ,"Layout":{
            "Sequence":50
           ,"Column Alignment":"start"
          }
         ,"Accessibility":{
            "Value Identifies Row":false
          }
         ,"Sorting":{
            "Sortable":true
          }
         ,"Export \/ Printing":{
            "Include In Export \/ Print":true
          }
         ,"Advanced":{
            "Compute Sum":false
          }
         ,"UI Defaults Reference":{
            "Table Owner":"Parsing Schema"
          }
         ,"Security":{
            "Escape special characters":true
          }
        }
       ,{
          "id":"47546670615391340348"
         ,"Identification":{
            "Column Name":"DELIVERY_STATUS"
           ,"Type":"Plain Text"
          }
         ,"Heading":{
            "Heading":"Delivery Status"
           ,"Alignment":"start"
          }
         ,"Layout":{
            "Sequence":60
           ,"Column Alignment":"start"
          }
         ,"Accessibility":{
            "Value Identifies Row":false
          }
         ,"Sorting":{
            "Sortable":true
          }
         ,"Export \/ Printing":{
            "Include In Export \/ Print":true
          }
         ,"Advanced":{
            "Compute Sum":false
          }
         ,"UI Defaults Reference":{
            "Table Owner":"Parsing Schema"
          }
         ,"Security":{
            "Escape special characters":true
          }
        }
       ,{
          "id":"47546670707971340349"
         ,"Identification":{
            "Column Name":"\u0027DELIVERYDETAILS\u0027"
           ,"Type":"Link"
          }
         ,"Heading":{
            "Heading":"\u0026#x27;deliverydetails\u0026#x27;"
           ,"Alignment":"start"
          }
         ,"Layout":{
            "Sequence":70
           ,"Column Alignment":"start"
          }
         ,"Accessibility":{
            "Value Identifies Row":false
          }
         ,"Link":{
            "Target":"javascript:void(null)"
           ,"Link Text":"\u003Cspan aria-hidden=\"true\" class=\"fa fa-expand expand-delivery \"\u003E\u003C\/span\u003E"
           ,"Link Attributes":"data-id=#DELIVERY_ID#"
          }
         ,"Sorting":{
            "Sortable":true
          }
         ,"Export \/ Printing":{
            "Include In Export \/ Print":true
          }
         ,"Advanced":{
            "Compute Sum":false
          }
         ,"UI Defaults Reference":{
            "Table Owner":"Parsing Schema"
          }
         ,"Security":{
            "Escape special characters":true
          }
        }
       ,{
          "id":"47738993670718838009"
         ,"Identification":{
            "Column Name":"DELIVERY_METHOD"
           ,"Type":"Plain Text"
          }
         ,"Heading":{
            "Heading":"Delivery Method"
           ,"Alignment":"start"
          }
         ,"Layout":{
            "Sequence":40
           ,"Column Alignment":"start"
          }
         ,"Accessibility":{
            "Value Identifies Row":false
          }
         ,"Sorting":{
            "Sortable":true
          }
         ,"Export \/ Printing":{
            "Include In Export \/ Print":true
          }
         ,"Advanced":{
            "Compute Sum":false
          }
         ,"UI Defaults Reference":{
            "Table Owner":"Parsing Schema"
          }
         ,"Security":{
            "Escape special characters":true
          }
        }
      ]
    }
   ,{
      "id":"47546669400138340336"
     ,"Identification":{
        "Title":"Delivery Details"
       ,"Type":"Static Content"
      }
     ,"Layout":{
        "Sequence":60
       ,"Parent Region":"No Parent"
       ,"Position":"BODY"
       ,"Start New Layout":false
       ,"Start New Row":true
       ,"Column":"Automatic"
       ,"New Column":true
       ,"Column Span":"Automatic"
      }
     ,"Appearance":{
        "Template":"Inline Popup (19471593662015504257)"
       ,"Template Options":[
          "#DEFAULT#"
         ,"js-dialog-size600x400"
        ]
       ,"Render Components":"Above Content"
      }
     ,"Accessibility":{
        "Use Landmark":true
       ,"Landmark Type":"Template Default"
      }
     ,"Advanced":{
        "Region Display Selector":false
       ,"Exclude Title from Translation":false
      }
     ,"Server Cache":{
        "Caching":"Disabled"
      }
     ,"Customization":{
        "Customizable":"Not Customizable By End Users"
      }
     ,"Attributes":{
        "Settings":{
          "Output As":"HTML"
         ,"Expand Shortcuts":false
        }
      }
    }
   ,{
      "id":"47738992966030838002"
     ,"Identification":{
        "Title":"Order Details"
       ,"Type":"Static Content"
      }
     ,"Layout":{
        "Sequence":70
       ,"Parent Region":"Delivery Details (47546669400138340336)"
       ,"Position":"BODY"
       ,"Start New Layout":false
       ,"Start New Row":true
       ,"Column":"Automatic"
       ,"New Column":true
       ,"Column Span":"Automatic"
      }
     ,"Appearance":{
        "Template":"Standard (19471808805460504264)"
       ,"Template Options":[
          "#DEFAULT#"
         ,"t-Region--scrollBody"
        ]
       ,"Render Components":"Above Content"
      }
     ,"Accessibility":{
        "Use Landmark":true
       ,"Landmark Type":"Template Default"
      }
     ,"Advanced":{
        "Static ID":"PDF"
       ,"Region Display Selector":false
       ,"Exclude Title from Translation":false
      }
     ,"Server Cache":{
        "Caching":"Disabled"
      }
     ,"Customization":{
        "Customizable":"Not Customizable By End Users"
      }
     ,"Attributes":{
        "Settings":{
          "Output As":"HTML"
         ,"Expand Shortcuts":false
        }
      }
    }
   ,{
      "id":"87209142719162993321"
     ,"Identification":{
        "Title":"To Be Dispatched"
       ,"Type":"Dynamic Content"
      }
     ,"Source":{
        "Language":"PL\/SQL"
       ,"PL\/SQL Function Body returning a CLOB":"declare\n    l_count number;\nbegin\n    select  count(distinct delivery_id)\n    into    l_count\n    from    delivery d, order_items oi, product p, stores s\n    where   d.delivery_status = \u0027Awaiting\u0027  \n    and     d.order_id = oi.order_id\n    and     oi.product_id = p.product_id\n    and     p.store_id = s.store_id\n    and     s.customer_id = to_number(:USER_ID) ;\n\n    return \n        \u0027 \u003Cdiv class=\"overview-warning\"\u003E\n        \u003Ch3 class=\"overview-title\"\u003E To Be Dispatched \u003C\/h3\u003E\n        \u003Ch4 class=\"overview-data\"\u003E\u0027 || l_count || \u0027 Order(s)\n        \u003C\/h4\u003E\n        \u003C\/div\u003E \u0027;\nend;"
      }
     ,"Layout":{
        "Sequence":60
       ,"Parent Region":"Delivery Overview (126033021944455701722)"
       ,"Position":"SUB_REGIONS"
       ,"Start New Layout":false
       ,"Start New Row":false
       ,"Column":"Automatic"
       ,"New Column":true
       ,"Column Span":"4"
      }
     ,"Appearance":{
        "Template":"Standard (19471808805460504264)"
       ,"Template Options":[
          "#DEFAULT#"
         ,"t-Region--removeHeader js-removeLandmark"
         ,"t-Region--stacked"
         ,"t-Region--scrollBody"
        ]
       ,"CSS Classes":[
          "overall-summary-region"
        ]
       ,"Render Components":"Above Content"
      }
     ,"Accessibility":{
        "Use Landmark":true
       ,"Landmark Type":"Template Default"
      }
     ,"Advanced":{
        "Region Display Selector":false
       ,"Exclude Title from Translation":false
      }
     ,"Server-side Condition":{
        "Type":"Never"
      }
     ,"Server Cache":{
        "Caching":"Disabled"
      }
     ,"Customization":{
        "Customizable":"Not Customizable By End Users"
      }
     ,"Attributes":{
        "Performance":{
          "Lazy Loading":false
        }
      }
    }
   ,{
      "id":"87209142889386993322"
     ,"Identification":{
        "Title":"Returned From Customer"
       ,"Type":"Dynamic Content"
      }
     ,"Source":{
        "Language":"PL\/SQL"
       ,"PL\/SQL Function Body returning a CLOB":"declare \n    l_count number;\nbegin\n    select  count(distinct delivery_id)\n    into    l_count\n    from    delivery d, order_items oi, product p, stores s\n    where   d.delivery_status = \u0027Returned\u0027  \n    and     d.order_id = oi.order_id\n    and     oi.product_id = p.product_id\n    and     p.store_id = s.store_id\n    and     s.customer_id = to_number(:USER_ID) ;\n\n    return \n        \u0027 \u003Cdiv class=\"overview-danger\"\u003E\n        \u003Ch3 class=\"overview-title\"\u003E Returned From Customer \u003C\/h3\u003E\n        \u003Ch4 class=\"overview-data\"\u003E\u0027 || l_count || \u0027 Order(s)\n        \u003C\/h4\u003E\n        \u003C\/div\u003E \u0027;\nend;"
      }
     ,"Layout":{
        "Sequence":70
       ,"Parent Region":"Delivery Overview (126033021944455701722)"
       ,"Position":"SUB_REGIONS"
       ,"Start New Layout":false
       ,"Start New Row":false
       ,"Column":"Automatic"
       ,"New Column":true
       ,"Column Span":"4"
      }
     ,"Appearance":{
        "Template":"Standard (19471808805460504264)"
       ,"Template Options":[
          "#DEFAULT#"
         ,"t-Region--removeHeader js-removeLandmark"
         ,"t-Region--stacked"
         ,"t-Region--scrollBody"
        ]
       ,"CSS Classes":[
          "overall-summary-region"
        ]
       ,"Render Components":"Above Content"
      }
     ,"Accessibility":{
        "Use Landmark":true
       ,"Landmark Type":"Template Default"
      }
     ,"Advanced":{
        "Region Display Selector":false
       ,"Exclude Title from Translation":false
      }
     ,"Server-side Condition":{
        "Type":"Never"
      }
     ,"Server Cache":{
        "Caching":"Disabled"
      }
     ,"Customization":{
        "Customizable":"Not Customizable By End Users"
      }
     ,"Attributes":{
        "Performance":{
          "Lazy Loading":false
        }
      }
    }
   ,{
      "id":"126033021944455701722"
     ,"Identification":{
        "Title":"Delivery Overview"
       ,"Type":"Static Content"
      }
     ,"Layout":{
        "Sequence":5
       ,"Parent Region":"No Parent"
       ,"Position":"REGION_POSITION_08"
       ,"Start New Layout":false
       ,"Start New Row":true
       ,"Column":"Automatic"
       ,"New Column":true
       ,"Column Span":"Automatic"
      }
     ,"Appearance":{
        "Template":"Standard (19471808805460504264)"
       ,"Template Options":[
          "#DEFAULT#"
         ,"t-Region--textContent"
         ,"t-Region--scrollBody"
        ]
       ,"CSS Classes":[
          "overall-summary-region-container"
        ]
       ,"Render Components":"Above Content"
      }
     ,"Accessibility":{
        "Use Landmark":true
       ,"Landmark Type":"Template Default"
      }
     ,"Advanced":{
        "Static ID":"order-overview"
       ,"Region Display Selector":false
       ,"Exclude Title from Translation":false
      }
     ,"Server Cache":{
        "Caching":"Disabled"
      }
     ,"Customization":{
        "Customizable":"Not Customizable By End Users"
      }
     ,"Attributes":{
        "Settings":{
          "Output As":"HTML"
         ,"Expand Shortcuts":false
        }
      }
    }
   ,{
      "id":"126033022119818701724"
     ,"Identification":{
        "Title":"Projected Earnings"
       ,"Type":"Dynamic Content"
      }
     ,"Source":{
        "Language":"PL\/SQL"
       ,"PL\/SQL Function Body returning a CLOB":"declare \n    l_sum number := 0;\nbegin\n    select  COALESCE(sum(d.price), 0)\n    into    l_sum\n    from    delivery d, order_items oi, product p, stores s\n    where     d.order_id = oi.order_id\n    and     oi.product_id = p.product_id\n    and     p.store_id = s.store_id\n    and     s.customer_id = to_number(:USER_ID) ;\n\n    return \n        \u0027 \u003Cdiv class=\"overview\"\u003E\n        \u003Ch3 class=\"overview-title\"\u003E Projected Earnings \u003C\/h3\u003E\n        \u003Ch4 class=\"overview-data\"\u003E\u0027 || l_sum || \u0027 TND\n        \u003C\/h4\u003E\n        \u003C\/div\u003E \u0027;\nend;"
      }
     ,"Layout":{
        "Sequence":10
       ,"Parent Region":"Delivery Overview (126033021944455701722)"
       ,"Position":"SUB_REGIONS"
       ,"Start New Layout":false
       ,"Start New Row":true
       ,"Row CSS Classes":[
          "overall-summary-region-row"
        ]
       ,"Column":"Automatic"
       ,"New Column":true
       ,"Column Span":"Automatic"
      }
     ,"Appearance":{
        "Template":"Standard (19471808805460504264)"
       ,"Template Options":[
          "#DEFAULT#"
         ,"t-Region--removeHeader js-removeLandmark"
         ,"t-Region--stacked"
         ,"t-Region--scrollBody"
        ]
       ,"CSS Classes":[
          "overall-summary-region"
        ]
       ,"Render Components":"Above Content"
      }
     ,"Accessibility":{
        "Use Landmark":true
       ,"Landmark Type":"Template Default"
      }
     ,"Advanced":{
        "Region Display Selector":false
       ,"Exclude Title from Translation":false
      }
     ,"Server-side Condition":{
        "Type":"Never"
      }
     ,"Server Cache":{
        "Caching":"Disabled"
      }
     ,"Customization":{
        "Customizable":"Not Customizable By End Users"
      }
     ,"Attributes":{
        "Performance":{
          "Lazy Loading":false
        }
      }
    }
   ,{
      "id":"126033022358956701726"
     ,"Identification":{
        "Title":"Delivered To Customer"
       ,"Type":"Dynamic Content"
      }
     ,"Source":{
        "Language":"PL\/SQL"
       ,"PL\/SQL Function Body returning a CLOB":"declare \n    l_count number;\nbegin\n    select  count(distinct delivery_id)\n    into    l_count\n    from    delivery d, order_items oi, product p, stores s\n    where   d.delivery_status = \u0027Delivered\u0027  \n    and     d.order_id = oi.order_id\n    and     oi.product_id = p.product_id\n    and     p.store_id = s.store_id\n    and     s.customer_id = to_number(:USER_ID) ;\n\n    return \n        \u0027 \u003Cdiv class=\"overview-success\"\u003E\n        \u003Ch3 class=\"overview-title\"\u003E Delivered To Customer \u003C\/h3\u003E\n        \u003Ch4 class=\"overview-data\"\u003E\u0027 || l_count || \u0027 Order(s)\n        \u003C\/h4\u003E\n        \u003C\/div\u003E \u0027;\nend;"
      }
     ,"Layout":{
        "Sequence":50
       ,"Parent Region":"Delivery Overview (126033021944455701722)"
       ,"Position":"SUB_REGIONS"
       ,"Start New Layout":false
       ,"Start New Row":true
       ,"Column":"Automatic"
       ,"New Column":true
       ,"Column Span":"4"
      }
     ,"Appearance":{
        "Template":"Standard (19471808805460504264)"
       ,"Template Options":[
          "#DEFAULT#"
         ,"t-Region--removeHeader js-removeLandmark"
         ,"t-Region--stacked"
         ,"t-Region--scrollBody"
        ]
       ,"CSS Classes":[
          "overall-summary-region"
        ]
       ,"Render Components":"Above Content"
      }
     ,"Accessibility":{
        "Use Landmark":true
       ,"Landmark Type":"Template Default"
      }
     ,"Advanced":{
        "Region Display Selector":false
       ,"Exclude Title from Translation":false
      }
     ,"Server-side Condition":{
        "Type":"Never"
      }
     ,"Server Cache":{
        "Caching":"Disabled"
      }
     ,"Customization":{
        "Customizable":"Not Customizable By End Users"
      }
     ,"Attributes":{
        "Performance":{
          "Lazy Loading":false
        }
      }
    }
  ]
 ,"Page Items":[
    {
      "id":"47546669566113340337"
     ,"Identification":{
        "Name":"P74_DELIVERY_ID"
       ,"Type":"Display Only"
      }
     ,"Label":{
        "Label":"Delivery Id"
       ,"Alignment":"Left"
      }
     ,"Settings":{
        "Format":"Plain Text"
       ,"Based On":"Item Value"
       ,"Show Line Breaks":true
       ,"Send On Page Submit":true
      }
     ,"Layout":{
        "Sequence":10
       ,"Region":"Delivery Details (47546669400138340336)"
       ,"Position":"BODY"
       ,"Alignment":"Left"
       ,"Start New Layout":false
       ,"Start New Row":true
       ,"Column":"Automatic"
       ,"New Column":true
       ,"Column Span":"Automatic"
       ,"Label Column Span":"Page Template Default"
      }
     ,"Appearance":{
        "Template":"Optional - Floating (19471879586967504303)"
       ,"Template Options":[
          "#DEFAULT#"
        ]
      }
     ,"Advanced":{
        "Warn on Unsaved Changes":"Page Default"
      }
     ,"Source":{
        "Type":"Null"
       ,"Used":"Only when current value in session state is null"
      }
     ,"Session State":{
        "Data Type":"VARCHAR2"
       ,"Storage":"Per Session (Persistent)"
      }
     ,"Security":{
        "Session State Protection":"Unrestricted"
       ,"Store value encrypted in session state":true
       ,"Restricted Characters":"All characters can be saved."
      }
    }
   ,{
      "id":"47738993266628838005"
     ,"Identification":{
        "Name":"P74_ORDER_ID"
       ,"Type":"Display Only"
      }
     ,"Label":{
        "Label":"Delivery Id"
       ,"Alignment":"Left"
      }
     ,"Settings":{
        "Format":"Plain Text"
       ,"Based On":"Item Value"
       ,"Show Line Breaks":true
       ,"Send On Page Submit":true
      }
     ,"Layout":{
        "Sequence":20
       ,"Region":"Delivery Details (47546669400138340336)"
       ,"Position":"BODY"
       ,"Alignment":"Left"
       ,"Start New Layout":false
       ,"Start New Row":true
       ,"Column":"Automatic"
       ,"New Column":true
       ,"Column Span":"Automatic"
       ,"Label Column Span":"Page Template Default"
      }
     ,"Appearance":{
        "Template":"Optional - Floating (19471879586967504303)"
       ,"Template Options":[
          "#DEFAULT#"
        ]
      }
     ,"Advanced":{
        "Warn on Unsaved Changes":"Page Default"
      }
     ,"Source":{
        "Type":"Null"
       ,"Used":"Only when current value in session state is null"
      }
     ,"Session State":{
        "Data Type":"VARCHAR2"
       ,"Storage":"Per Session (Persistent)"
      }
     ,"Security":{
        "Session State Protection":"Unrestricted"
       ,"Store value encrypted in session state":true
       ,"Restricted Characters":"All characters can be saved."
      }
    }
   ,{
      "id":"47738993396785838006"
     ,"Identification":{
        "Name":"P74_DATE"
       ,"Type":"Display Only"
      }
     ,"Label":{
        "Label":"Delivery Id"
       ,"Alignment":"Left"
      }
     ,"Settings":{
        "Format":"Plain Text"
       ,"Based On":"Item Value"
       ,"Show Line Breaks":true
       ,"Send On Page Submit":true
      }
     ,"Layout":{
        "Sequence":30
       ,"Region":"Delivery Details (47546669400138340336)"
       ,"Position":"BODY"
       ,"Alignment":"Left"
       ,"Start New Layout":false
       ,"Start New Row":true
       ,"Column":"Automatic"
       ,"New Column":true
       ,"Column Span":"Automatic"
       ,"Label Column Span":"Page Template Default"
      }
     ,"Appearance":{
        "Template":"Optional - Floating (19471879586967504303)"
       ,"Template Options":[
          "#DEFAULT#"
        ]
      }
     ,"Advanced":{
        "Warn on Unsaved Changes":"Page Default"
      }
     ,"Source":{
        "Type":"Null"
       ,"Used":"Only when current value in session state is null"
      }
     ,"Session State":{
        "Data Type":"VARCHAR2"
       ,"Storage":"Per Session (Persistent)"
      }
     ,"Security":{
        "Session State Protection":"Unrestricted"
       ,"Store value encrypted in session state":true
       ,"Restricted Characters":"All characters can be saved."
      }
    }
   ,{
      "id":"47738993464805838007"
     ,"Identification":{
        "Name":"P74_LOCATION"
       ,"Type":"Display Only"
      }
     ,"Label":{
        "Label":"Delivery Id"
       ,"Alignment":"Left"
      }
     ,"Settings":{
        "Format":"Plain Text"
       ,"Based On":"Item Value"
       ,"Show Line Breaks":true
       ,"Send On Page Submit":true
      }
     ,"Layout":{
        "Sequence":50
       ,"Region":"Delivery Details (47546669400138340336)"
       ,"Position":"BODY"
       ,"Alignment":"Left"
       ,"Start New Layout":false
       ,"Start New Row":true
       ,"Column":"Automatic"
       ,"New Column":true
       ,"Column Span":"Automatic"
       ,"Label Column Span":"Page Template Default"
      }
     ,"Appearance":{
        "Template":"Optional - Floating (19471879586967504303)"
       ,"Template Options":[
          "#DEFAULT#"
        ]
      }
     ,"Advanced":{
        "Warn on Unsaved Changes":"Page Default"
      }
     ,"Source":{
        "Type":"Null"
       ,"Used":"Only when current value in session state is null"
      }
     ,"Session State":{
        "Data Type":"VARCHAR2"
       ,"Storage":"Per Session (Persistent)"
      }
     ,"Security":{
        "Session State Protection":"Unrestricted"
       ,"Store value encrypted in session state":true
       ,"Restricted Characters":"All characters can be saved."
      }
    }
   ,{
      "id":"47738993507240838008"
     ,"Identification":{
        "Name":"P74_STATUS"
       ,"Type":"Display Only"
      }
     ,"Label":{
        "Label":"Delivery Id"
       ,"Alignment":"Left"
      }
     ,"Settings":{
        "Format":"Plain Text"
       ,"Based On":"Item Value"
       ,"Show Line Breaks":true
       ,"Send On Page Submit":true
      }
     ,"Layout":{
        "Sequence":60
       ,"Region":"Delivery Details (47546669400138340336)"
       ,"Position":"BODY"
       ,"Alignment":"Left"
       ,"Start New Layout":false
       ,"Start New Row":true
       ,"Column":"Automatic"
       ,"New Column":true
       ,"Column Span":"Automatic"
       ,"Label Column Span":"Page Template Default"
      }
     ,"Appearance":{
        "Template":"Optional - Floating (19471879586967504303)"
       ,"Template Options":[
          "#DEFAULT#"
        ]
      }
     ,"Advanced":{
        "Warn on Unsaved Changes":"Page Default"
      }
     ,"Source":{
        "Type":"Null"
       ,"Used":"Only when current value in session state is null"
      }
     ,"Session State":{
        "Data Type":"VARCHAR2"
       ,"Storage":"Per Session (Persistent)"
      }
     ,"Security":{
        "Session State Protection":"Unrestricted"
       ,"Store value encrypted in session state":true
       ,"Restricted Characters":"All characters can be saved."
      }
    }
   ,{
      "id":"47738993725243838010"
     ,"Identification":{
        "Name":"P74_DELIVERY_METHOD"
       ,"Type":"Text Field"
      }
     ,"Label":{
        "Label":"Delivery Method"
       ,"Alignment":"Left"
      }
     ,"Settings":{
        "Subtype":"Text"
       ,"Trim Spaces":"Leading and Trailing"
       ,"Text Case":"NO CHANGE"
       ,"Submit when Enter pressed":false
       ,"Disabled":false
      }
     ,"Layout":{
        "Sequence":40
       ,"Region":"Delivery Details (47546669400138340336)"
       ,"Position":"BODY"
       ,"Alignment":"Left"
       ,"Start New Layout":false
       ,"Start New Row":true
       ,"Column":"Automatic"
       ,"New Column":true
       ,"Column Span":"Automatic"
       ,"Label Column Span":"Page Template Default"
      }
     ,"Appearance":{
        "Template":"Optional - Floating (19471879586967504303)"
       ,"Template Options":[
          "#DEFAULT#"
        ]
       ,"Width":30
      }
     ,"Validation":{
        "Value Required":false
      }
     ,"Advanced":{
        "Warn on Unsaved Changes":"Page Default"
      }
     ,"Source":{
        "Type":"Null"
       ,"Used":"Only when current value in session state is null"
      }
     ,"Session State":{
        "Storage":"Per Session (Persistent)"
      }
     ,"Quick Picks":{
        "Show Quick Picks":false
      }
     ,"Security":{
        "Session State Protection":"Unrestricted"
       ,"Store value encrypted in session state":true
       ,"Restricted Characters":"All characters can be saved."
      }
    }
  ]
 ,"Buttons":[
    {
      "id":"47546669886426340340"
     ,"Identification":{
        "Button Name":"Download_Details"
       ,"Label":"Download Details"
      }
     ,"Layout":{
        "Sequence":80
       ,"Region":"Delivery Details (47546669400138340336)"
       ,"Position":"BODY"
       ,"Start New Layout":false
       ,"Start New Row":true
       ,"Column":"Automatic"
       ,"New Column":true
       ,"Column Span":"Automatic"
       ,"Alignment":"Left center"
      }
     ,"Appearance":{
        "Button Template":"Text (19471882000429504304)"
       ,"Hot":false
       ,"Template Options":[
          "#DEFAULT#"
        ]
      }
     ,"Behavior":{
        "Action":"Defined by Dynamic Action"
       ,"Execute Validations":true
      }
    }
  ]
 ,"Dynamic Actions":[
    {
      "id":"47546669195909340333"
     ,"Identification":{
        "Name":"Expand Delivery"
      }
     ,"Execution":{
        "Sequence":10
      }
     ,"When":{
        "Event":"EVENT.EVENT.BROWSER.CLICK"
       ,"Selection Type":"jQuery Selector"
       ,"jQuery Selector":".expand-delivery"
      }
     ,"Execution":{
        "Event Scope":"Dynamic"
       ,"Type":"Immediate"
      }
     ,"Actions":[
        {
          "id":"47546669794295340339"
         ,"Identification":{
            "Action":"Open Region"
          }
         ,"Affected Elements":{
            "Selection Type":"Region"
           ,"Region":"Delivery Details (47546669400138340336)"
          }
         ,"Execution":{
            "Sequence":20
           ,"Event":"Expand Delivery (47546669195909340333)"
           ,"Fire When Event Result Is":"True"
           ,"Fire on Initialization":false
          }
        }
       ,{
          "id":"47546670802142340350"
         ,"Identification":{
            "Action":"Execute JavaScript Code"
          }
         ,"Settings":{
            "Code":"$s(\"P74_DELIVERY_ID\", $(this.triggeringElement).parent().data(\u0027deliveryID\u0027))"
          }
         ,"Execution":{
            "Sequence":10
           ,"Event":"Expand Delivery (47546669195909340333)"
           ,"Fire When Event Result Is":"True"
           ,"Fire on Initialization":false
          }
        }
      ]
    }
   ,{
      "id":"47546669993137340341"
     ,"Identification":{
        "Name":"Download"
      }
     ,"Execution":{
        "Sequence":20
      }
     ,"When":{
        "Event":"EVENT.EVENT.BROWSER.CLICK"
       ,"Selection Type":"Button"
       ,"Button":"Download_Details (47546669886426340340)"
      }
     ,"Execution":{
        "Event Scope":"Static"
       ,"Type":"Immediate"
      }
     ,"Actions":[
        {
          "id":"47738993146779838004"
         ,"Identification":{
            "Action":"Execute JavaScript Code"
          }
         ,"Settings":{
            "Code":"ExportDetails();"
          }
         ,"Execution":{
            "Sequence":10
           ,"Event":"Download (47546669993137340341)"
           ,"Fire When Event Result Is":"True"
           ,"Fire on Initialization":false
          }
        }
      ]
    }
  ]
}
