{
  "id":"41"
 ,"Identification":{
    "Name":"Add Product Variant"
   ,"Alias":"ADD-PRODUCT-VARIANT"
   ,"Title":"Add Product Variant"
  }
 ,"Appearance":{
    "Page Mode":"Modal Dialog"
   ,"Dialog Template":"Wizard Modal Dialog (19471535469231504230)"
   ,"Template Options":[
      "#DEFAULT#"
    ]
  }
 ,"Dialog":{
    "Width":"900"
   ,"Chained":true
  }
 ,"Navigation Menu":{
    "Override User Interface Level":false
  }
 ,"Navigation":{
    "Cursor Focus":"Do not focus cursor"
   ,"Warn on Unsaved Changes":true
  }
 ,"JavaScript":{
    "File URLs":[
      "#APP_FILES#scripts\/main#MIN#.js"
    ]
  }
 ,"CSS":{
    "File URLs":[
      "#APP_FILES#Styling\/main_style#MIN#.css"
    ]
   ,"Inline":".create-variant-form {\n    border-top: 1px solid black;\n    border-radius: 0;\n    padding: 20px;\n}\n\n\n#R58676774746267695574_heading {\n    text-align: center;\n    font-family: var(--secondary-header-font);\n    text-decoration: underline;\n}\n\n.fa-unlock-alt {\n    cursor: pointer;\n}\n\n.lock-item{\n    position: absolute;\n    left: 80%;\n    top: 43% ;\n}"
  }
 ,"Security":{
    "Authentication":"Page Requires Authentication"
   ,"Deep Linking":"Application Default"
   ,"Page Access Protection":"Arguments Must Have Checksum"
   ,"Form Auto Complete":"Off"
   ,"Browser Cache":"Application Default"
  }
 ,"Session Management":{
    "Rejoin Sessions":"Application Default"
  }
 ,"Advanced":{
    "Enable duplicate page submissions":"Yes - Enable page to be re-posted"
   ,"Reload on Submit":"Only for Success"
  }
 ,"Server Cache":{
    "Caching":"Disabled"
  }
 ,"Regions":[
    {
      "id":"29468445003475824639"
     ,"Identification":{
        "Title":"Wizard Progress"
       ,"Type":"List"
      }
     ,"Source":{
        "List":"Add Product (29468439894855824633)"
      }
     ,"Layout":{
        "Sequence":10
       ,"Parent Region":"No Parent"
       ,"Position":"REGION_POSITION_01"
       ,"Start New Layout":false
       ,"Start New Row":true
       ,"Column":"Automatic"
       ,"New Column":true
       ,"Column Span":"Automatic"
      }
     ,"Appearance":{
        "Template":"Blank with Attributes (19471542261328504234)"
       ,"Template Options":[
          "#DEFAULT#"
        ]
       ,"Render Components":"Above Content"
      }
     ,"Accessibility":{
        "Use Landmark":true
       ,"Landmark Type":"Template Default"
      }
     ,"Advanced":{
        "Region Display Selector":false
       ,"Exclude Title from Translation":false
      }
     ,"Server Cache":{
        "Caching":"Disabled"
      }
     ,"Customization":{
        "Customizable":"Not Customizable By End Users"
      }
     ,"Attributes":{
        "Appearance":{
          "List Template":"Wizard Progress (19471877875421504302)"
        }
      }
    }
   ,{
      "id":"29468445270768824639"
     ,"Identification":{
        "Title":"Buttons"
       ,"Type":"Static Content"
      }
     ,"Layout":{
        "Sequence":10
       ,"Parent Region":"No Parent"
       ,"Position":"REGION_POSITION_03"
       ,"Start New Layout":false
       ,"Start New Row":true
       ,"Column":"Automatic"
       ,"New Column":true
       ,"Column Span":"Automatic"
      }
     ,"Appearance":{
        "Template":"Buttons Container (19471545059842504235)"
       ,"Template Options":[
          "#DEFAULT#"
        ]
       ,"Render Components":"Above Content"
      }
     ,"Accessibility":{
        "Use Landmark":true
       ,"Landmark Type":"Template Default"
      }
     ,"Advanced":{
        "Region Display Selector":false
       ,"Exclude Title from Translation":false
      }
     ,"Server Cache":{
        "Caching":"Disabled"
      }
     ,"Customization":{
        "Customizable":"Not Customizable By End Users"
      }
     ,"Attributes":{
        "Settings":{
          "Output As":"HTML"
         ,"Expand Shortcuts":false
        }
      }
    }
   ,{
      "id":"42153518123779704849"
     ,"Identification":{
        "Title":"variant_2"
       ,"Type":"Static Content"
      }
     ,"Layout":{
        "Sequence":60
       ,"Parent Region":"Create Variants For \u0026P41_PRODUCT_NAME. (58676774746267695574)"
       ,"Position":"BODY"
       ,"Start New Layout":false
       ,"Start New Row":false
       ,"Column":"Automatic"
       ,"New Column":true
       ,"Column Span":"4"
      }
     ,"Appearance":{
        "Template":"Standard (19471808805460504264)"
       ,"Template Options":[
          "#DEFAULT#"
         ,"t-Region--removeHeader js-removeLandmark"
         ,"t-Region--textContent"
         ,"t-Region--hiddenOverflow"
        ]
       ,"Render Components":"Above Content"
      }
     ,"Accessibility":{
        "Use Landmark":true
       ,"Landmark Type":"Template Default"
      }
     ,"Advanced":{
        "Region Display Selector":false
       ,"Exclude Title from Translation":false
      }
     ,"Server Cache":{
        "Caching":"Disabled"
      }
     ,"Customization":{
        "Customizable":"Not Customizable By End Users"
      }
     ,"Attributes":{
        "Settings":{
          "Output As":"HTML"
         ,"Expand Shortcuts":false
        }
      }
    }
   ,{
      "id":"42153518289637704850"
     ,"Identification":{
        "Title":"variant_3"
       ,"Type":"Static Content"
      }
     ,"Layout":{
        "Sequence":70
       ,"Parent Region":"Create Variants For \u0026P41_PRODUCT_NAME. (58676774746267695574)"
       ,"Position":"BODY"
       ,"Start New Layout":false
       ,"Start New Row":false
       ,"Column":"Automatic"
       ,"New Column":true
       ,"Column Span":"4"
      }
     ,"Appearance":{
        "Template":"Standard (19471808805460504264)"
       ,"Template Options":[
          "#DEFAULT#"
         ,"t-Region--removeHeader js-removeLandmark"
         ,"t-Region--textContent"
         ,"t-Region--scrollBody"
        ]
       ,"Render Components":"Above Content"
      }
     ,"Accessibility":{
        "Use Landmark":true
       ,"Landmark Type":"Template Default"
      }
     ,"Advanced":{
        "Region Display Selector":false
       ,"Exclude Title from Translation":false
      }
     ,"Server Cache":{
        "Caching":"Disabled"
      }
     ,"Customization":{
        "Customizable":"Not Customizable By End Users"
      }
     ,"Attributes":{
        "Settings":{
          "Output As":"HTML"
         ,"Expand Shortcuts":false
        }
      }
    }
   ,{
      "id":"58676774746267695574"
     ,"Identification":{
        "Title":"Create Variants For \u0026P41_PRODUCT_NAME."
       ,"Type":"Form"
      }
     ,"Source":{
        "Location":"Local Database"
       ,"Type":"Table \/ View"
       ,"Table Owner":"Parsing Schema"
       ,"Table Name":"VARIANT_STOCK"
       ,"Include ROWID Column":false
      }
     ,"Layout":{
        "Sequence":70
       ,"Parent Region":"No Parent"
       ,"Position":"BODY"
       ,"Start New Layout":false
       ,"Start New Row":true
       ,"Column":"Automatic"
       ,"New Column":true
       ,"Column Span":"Automatic"
      }
     ,"Appearance":{
        "Template":"Standard (19471808805460504264)"
       ,"Template Options":[
          "#DEFAULT#"
         ,"t-Region--noUI"
         ,"t-Region--scrollBody"
        ]
       ,"CSS Classes":[
          "create-variant-form"
        ]
       ,"Render Components":"Above Content"
      }
     ,"Accessibility":{
        "Use Landmark":true
       ,"Landmark Type":"Template Default"
      }
     ,"Advanced":{
        "Region Display Selector":false
       ,"Exclude Title from Translation":false
      }
     ,"Server Cache":{
        "Caching":"Disabled"
      }
     ,"Customization":{
        "Customizable":"Not Customizable By End Users"
      }
     ,"Attributes":{
        "Edit":{
          "Enabled":false
        }
      }
    }
   ,{
      "id":"84524944582702999672"
     ,"Identification":{
        "Title":"variant_1"
       ,"Type":"Static Content"
      }
     ,"Layout":{
        "Sequence":50
       ,"Parent Region":"Create Variants For \u0026P41_PRODUCT_NAME. (58676774746267695574)"
       ,"Position":"BODY"
       ,"Start New Layout":false
       ,"Start New Row":true
       ,"Column":"Automatic"
       ,"New Column":true
       ,"Column Span":"4"
      }
     ,"Appearance":{
        "Template":"Standard (19471808805460504264)"
       ,"Template Options":[
          "#DEFAULT#"
         ,"t-Region--removeHeader js-removeLandmark"
         ,"t-Region--textContent"
         ,"t-Region--hiddenOverflow"
        ]
       ,"Render Components":"Above Content"
      }
     ,"Accessibility":{
        "Use Landmark":true
       ,"Landmark Type":"Template Default"
      }
     ,"Advanced":{
        "Region Display Selector":false
       ,"Exclude Title from Translation":false
      }
     ,"Server Cache":{
        "Caching":"Disabled"
      }
     ,"Customization":{
        "Customizable":"Not Customizable By End Users"
      }
     ,"Attributes":{
        "Settings":{
          "Output As":"HTML"
         ,"Expand Shortcuts":false
        }
      }
    }
  ]
 ,"Page Items":[
    {
      "id":"29218968320832353743"
     ,"Identification":{
        "Name":"P41_PRODUCT_ID"
       ,"Type":"Hidden"
      }
     ,"Settings":{
        "Value Protected":true
      }
     ,"Layout":{
        "Sequence":10
       ,"Region":"No Parent"
       ,"Position":"BODY"
      }
     ,"Advanced":{
        "Warn on Unsaved Changes":"Page Default"
      }
     ,"Source":{
        "Type":"Null"
       ,"Used":"Only when current value in session state is null"
      }
     ,"Session State":{
        "Data Type":"VARCHAR2"
       ,"Storage":"Per Session (Persistent)"
      }
     ,"Security":{
        "Session State Protection":"Unrestricted"
       ,"Store value encrypted in session state":true
       ,"Restricted Characters":"All characters can be saved."
      }
    }
   ,{
      "id":"29218968443925353744"
     ,"Identification":{
        "Name":"P41_CATEGORY_ID"
       ,"Type":"Hidden"
      }
     ,"Settings":{
        "Value Protected":true
      }
     ,"Layout":{
        "Sequence":30
       ,"Region":"No Parent"
       ,"Position":"BODY"
      }
     ,"Advanced":{
        "Warn on Unsaved Changes":"Page Default"
      }
     ,"Source":{
        "Type":"Null"
       ,"Used":"Only when current value in session state is null"
      }
     ,"Session State":{
        "Data Type":"VARCHAR2"
       ,"Storage":"Per Session (Persistent)"
      }
     ,"Security":{
        "Session State Protection":"Unrestricted"
       ,"Store value encrypted in session state":true
       ,"Restricted Characters":"All characters can be saved."
      }
    }
   ,{
      "id":"29218968774199353747"
     ,"Identification":{
        "Name":"P41_VARIANT_1_NAME"
       ,"Type":"Hidden"
      }
     ,"Settings":{
        "Value Protected":false
      }
     ,"Layout":{
        "Sequence":40
       ,"Region":"No Parent"
       ,"Position":"BODY"
      }
     ,"Advanced":{
        "Warn on Unsaved Changes":"Page Default"
      }
     ,"Source":{
        "Type":"Null"
       ,"Used":"Only when current value in session state is null"
      }
     ,"Session State":{
        "Data Type":"VARCHAR2"
       ,"Storage":"Per Session (Persistent)"
      }
     ,"Security":{
        "Session State Protection":"Unrestricted"
       ,"Store value encrypted in session state":true
       ,"Restricted Characters":"All characters can be saved."
      }
    }
   ,{
      "id":"29218968897900353748"
     ,"Identification":{
        "Name":"P41_VARIANT_2_NAME"
       ,"Type":"Hidden"
      }
     ,"Settings":{
        "Value Protected":false
      }
     ,"Layout":{
        "Sequence":50
       ,"Region":"No Parent"
       ,"Position":"BODY"
      }
     ,"Advanced":{
        "Warn on Unsaved Changes":"Page Default"
      }
     ,"Source":{
        "Type":"Null"
       ,"Used":"Only when current value in session state is null"
      }
     ,"Session State":{
        "Data Type":"VARCHAR2"
       ,"Storage":"Per Session (Persistent)"
      }
     ,"Security":{
        "Session State Protection":"Unrestricted"
       ,"Store value encrypted in session state":true
       ,"Restricted Characters":"All characters can be saved."
      }
    }
   ,{
      "id":"29218968914815353749"
     ,"Identification":{
        "Name":"P41_VARIANT_3_NAME"
       ,"Type":"Hidden"
      }
     ,"Settings":{
        "Value Protected":false
      }
     ,"Layout":{
        "Sequence":60
       ,"Region":"No Parent"
       ,"Position":"BODY"
      }
     ,"Advanced":{
        "Warn on Unsaved Changes":"Page Default"
      }
     ,"Source":{
        "Type":"Null"
       ,"Used":"Only when current value in session state is null"
      }
     ,"Session State":{
        "Data Type":"VARCHAR2"
       ,"Storage":"Per Session (Persistent)"
      }
     ,"Security":{
        "Session State Protection":"Unrestricted"
       ,"Store value encrypted in session state":true
       ,"Restricted Characters":"All characters can be saved."
      }
    }
   ,{
      "id":"29472288022964419319"
     ,"Identification":{
        "Name":"P41_PRODUCT_NAME"
       ,"Type":"Hidden"
      }
     ,"Settings":{
        "Value Protected":true
      }
     ,"Layout":{
        "Sequence":20
       ,"Region":"No Parent"
       ,"Position":"BODY"
      }
     ,"Advanced":{
        "Warn on Unsaved Changes":"Page Default"
      }
     ,"Source":{
        "Type":"Null"
       ,"Used":"Only when current value in session state is null"
      }
     ,"Session State":{
        "Data Type":"VARCHAR2"
       ,"Storage":"Per Session (Persistent)"
      }
     ,"Security":{
        "Session State Protection":"Unrestricted"
       ,"Store value encrypted in session state":true
       ,"Restricted Characters":"All characters can be saved."
      }
    }
   ,{
      "id":"42153517132679704839"
     ,"Identification":{
        "Name":"P41_VARIANT_1_LOCKED"
       ,"Type":"Hidden"
      }
     ,"Settings":{
        "Value Protected":false
      }
     ,"Layout":{
        "Sequence":10
       ,"Region":"Create Variants For \u0026P41_PRODUCT_NAME. (58676774746267695574)"
       ,"Position":"BODY"
      }
     ,"Advanced":{
        "Warn on Unsaved Changes":"Page Default"
      }
     ,"Source":{
        "Type":"Null"
       ,"Used":"Only when current value in session state is null"
      }
     ,"Default":{
        "Type":"Static"
       ,"Static Value":"0"
      }
     ,"Session State":{
        "Data Type":"VARCHAR2"
       ,"Storage":"Per Session (Persistent)"
      }
     ,"Security":{
        "Session State Protection":"Unrestricted"
       ,"Store value encrypted in session state":true
       ,"Restricted Characters":"All characters can be saved."
      }
    }
   ,{
      "id":"42153517209036704840"
     ,"Identification":{
        "Name":"P41_VARIANT_2_LOCKED"
       ,"Type":"Hidden"
      }
     ,"Settings":{
        "Value Protected":false
      }
     ,"Layout":{
        "Sequence":20
       ,"Region":"Create Variants For \u0026P41_PRODUCT_NAME. (58676774746267695574)"
       ,"Position":"BODY"
      }
     ,"Advanced":{
        "Warn on Unsaved Changes":"Page Default"
      }
     ,"Source":{
        "Type":"Null"
       ,"Used":"Only when current value in session state is null"
      }
     ,"Default":{
        "Type":"Static"
       ,"Static Value":"0"
      }
     ,"Session State":{
        "Data Type":"VARCHAR2"
       ,"Storage":"Per Session (Persistent)"
      }
     ,"Security":{
        "Session State Protection":"Unrestricted"
       ,"Store value encrypted in session state":true
       ,"Restricted Characters":"All characters can be saved."
      }
    }
   ,{
      "id":"42153517350375704841"
     ,"Identification":{
        "Name":"P41_VARIANT_3_LOCKED"
       ,"Type":"Hidden"
      }
     ,"Settings":{
        "Value Protected":false
      }
     ,"Layout":{
        "Sequence":30
       ,"Region":"Create Variants For \u0026P41_PRODUCT_NAME. (58676774746267695574)"
       ,"Position":"BODY"
      }
     ,"Advanced":{
        "Warn on Unsaved Changes":"Page Default"
      }
     ,"Source":{
        "Type":"Null"
       ,"Used":"Only when current value in session state is null"
      }
     ,"Default":{
        "Type":"Static"
       ,"Static Value":"0"
      }
     ,"Session State":{
        "Data Type":"VARCHAR2"
       ,"Storage":"Per Session (Persistent)"
      }
     ,"Security":{
        "Session State Protection":"Unrestricted"
       ,"Store value encrypted in session state":true
       ,"Restricted Characters":"All characters can be saved."
      }
    }
   ,{
      "id":"42374005436532189301"
     ,"Identification":{
        "Name":"P41_VARIANT_2"
       ,"Type":"Text Field"
      }
     ,"Label":{
        "Alignment":"Left"
      }
     ,"Settings":{
        "Subtype":"Text"
       ,"Trim Spaces":"Leading and Trailing"
       ,"Text Case":"NO CHANGE"
       ,"Submit when Enter pressed":false
       ,"Disabled":false
      }
     ,"Layout":{
        "Sequence":10
       ,"Region":"variant_2 (42153518123779704849)"
       ,"Position":"BODY"
       ,"Alignment":"Left"
       ,"Start New Layout":false
       ,"Start New Row":true
       ,"Column":"Automatic"
       ,"New Column":true
       ,"Column Span":"Automatic"
       ,"Label Column Span":"Page Template Default"
      }
     ,"Appearance":{
        "Template":"Required - Above (19471880312432504303)"
       ,"Template Options":[
          "#DEFAULT#"
        ]
       ,"Width":30
      }
     ,"Validation":{
        "Value Required":false
      }
     ,"Advanced":{
        "Warn on Unsaved Changes":"Page Default"
      }
     ,"Source":{
        "Type":"Null"
       ,"Used":"Only when current value in session state is null"
      }
     ,"Session State":{
        "Storage":"Per Session (Persistent)"
      }
     ,"Quick Picks":{
        "Show Quick Picks":false
      }
     ,"Security":{
        "Session State Protection":"Unrestricted"
       ,"Store value encrypted in session state":true
       ,"Restricted Characters":"All characters can be saved."
      }
    }
   ,{
      "id":"42374005809132189305"
     ,"Identification":{
        "Name":"P41_VARIANT_3"
       ,"Type":"Text Field"
      }
     ,"Label":{
        "Alignment":"Left"
      }
     ,"Settings":{
        "Subtype":"Text"
       ,"Trim Spaces":"Leading and Trailing"
       ,"Text Case":"NO CHANGE"
       ,"Submit when Enter pressed":false
       ,"Disabled":false
      }
     ,"Layout":{
        "Sequence":10
       ,"Region":"variant_3 (42153518289637704850)"
       ,"Position":"BODY"
       ,"Alignment":"Left"
       ,"Start New Layout":false
       ,"Start New Row":true
       ,"Column":"Automatic"
       ,"New Column":true
       ,"Column Span":"Automatic"
       ,"Label Column Span":"Page Template Default"
      }
     ,"Appearance":{
        "Template":"Required - Above (19471880312432504303)"
       ,"Template Options":[
          "#DEFAULT#"
        ]
       ,"Width":30
      }
     ,"Validation":{
        "Value Required":false
      }
     ,"Advanced":{
        "Warn on Unsaved Changes":"Page Default"
      }
     ,"Source":{
        "Type":"Null"
       ,"Used":"Only when current value in session state is null"
      }
     ,"Session State":{
        "Storage":"Per Session (Persistent)"
      }
     ,"Quick Picks":{
        "Show Quick Picks":false
      }
     ,"Security":{
        "Session State Protection":"Unrestricted"
       ,"Store value encrypted in session state":true
       ,"Restricted Characters":"All characters can be saved."
      }
    }
   ,{
      "id":"58688957030174218653"
     ,"Identification":{
        "Name":"P41_STOCK_ID"
       ,"Type":"Hidden"
      }
     ,"Settings":{
        "Value Protected":true
      }
     ,"Layout":{
        "Sequence":40
       ,"Region":"Create Variants For \u0026P41_PRODUCT_NAME. (58676774746267695574)"
       ,"Position":"BODY"
      }
     ,"Advanced":{
        "Warn on Unsaved Changes":"Page Default"
      }
     ,"Source":{
        "Form Region":"Create Variants For \u0026P41_PRODUCT_NAME. (58676774746267695574)"
       ,"Column":"STOCK_ID"
       ,"Data Type":"NUMBER"
       ,"Query Only":false
       ,"Primary Key":true
      }
     ,"Session State":{
        "Data Type":"VARCHAR2"
       ,"Storage":"Per Request (Memory Only)"
      }
     ,"Security":{
        "Session State Protection":"Restricted - May not be set from browser"
       ,"Store value encrypted in session state":true
       ,"Restricted Characters":"All characters can be saved."
      }
    }
   ,{
      "id":"58688957212504218655"
     ,"Identification":{
        "Name":"P41_STOCK_QUANTITY"
       ,"Type":"Number Field"
      }
     ,"Label":{
        "Label":"Stock Quantity"
       ,"Alignment":"Left"
      }
     ,"Settings":{
        "Number Alignment":"Start"
       ,"Virtual Keyboard":"Decimal"
      }
     ,"Layout":{
        "Sequence":120
       ,"Region":"Create Variants For \u0026P41_PRODUCT_NAME. (58676774746267695574)"
       ,"Position":"BODY"
       ,"Alignment":"Left"
       ,"Start New Layout":false
       ,"Start New Row":true
       ,"Column":"Automatic"
       ,"New Column":true
       ,"Column Span":"Automatic"
       ,"Label Column Span":"Page Template Default"
      }
     ,"Appearance":{
        "Template":"Optional - Floating (19471879586967504303)"
       ,"Template Options":[
          "#DEFAULT#"
        ]
       ,"Width":30
      }
     ,"Validation":{
        "Value Required":false
      }
     ,"Advanced":{
        "Warn on Unsaved Changes":"Page Default"
      }
     ,"Source":{
        "Form Region":"Create Variants For \u0026P41_PRODUCT_NAME. (58676774746267695574)"
       ,"Column":"STOCK_QUANTITY"
       ,"Data Type":"NUMBER"
       ,"Query Only":false
       ,"Primary Key":false
      }
     ,"Session State":{
        "Storage":"Per Request (Memory Only)"
      }
     ,"Quick Picks":{
        "Show Quick Picks":false
      }
     ,"Security":{
        "Session State Protection":"Unrestricted"
       ,"Store value encrypted in session state":true
       ,"Restricted Characters":"All characters can be saved."
      }
    }
   ,{
      "id":"84524945408759999676"
     ,"Identification":{
        "Name":"P41_VARIANT_1"
       ,"Type":"Text Field"
      }
     ,"Label":{
        "Alignment":"Left"
      }
     ,"Settings":{
        "Subtype":"Text"
       ,"Trim Spaces":"Leading and Trailing"
       ,"Text Case":"NO CHANGE"
       ,"Submit when Enter pressed":false
       ,"Disabled":false
      }
     ,"Layout":{
        "Sequence":10
       ,"Region":"variant_1 (84524944582702999672)"
       ,"Position":"BODY"
       ,"Alignment":"Left"
       ,"Start New Layout":false
       ,"Start New Row":true
       ,"Column":"Automatic"
       ,"New Column":true
       ,"Column Span":"Automatic"
       ,"Label Column Span":"Page Template Default"
      }
     ,"Appearance":{
        "Template":"Required - Above (19471880312432504303)"
       ,"Template Options":[
          "#DEFAULT#"
        ]
       ,"Width":30
      }
     ,"Validation":{
        "Value Required":false
      }
     ,"Advanced":{
        "Warn on Unsaved Changes":"Page Default"
      }
     ,"Source":{
        "Type":"Null"
       ,"Used":"Only when current value in session state is null"
      }
     ,"Session State":{
        "Storage":"Per Session (Persistent)"
      }
     ,"Quick Picks":{
        "Show Quick Picks":false
      }
     ,"Security":{
        "Session State Protection":"Unrestricted"
       ,"Store value encrypted in session state":true
       ,"Restricted Characters":"All characters can be saved."
      }
    }
  ]
 ,"Buttons":[
    {
      "id":"29468446792401824640"
     ,"Identification":{
        "Button Name":"CANCEL"
       ,"Label":"Cancel"
      }
     ,"Layout":{
        "Sequence":10
       ,"Region":"Buttons (29468445270768824639)"
       ,"Position":"CLOSE"
       ,"Start New Layout":false
       ,"Start New Row":true
       ,"Column":"Automatic"
       ,"New Column":true
       ,"Column Span":"Automatic"
      }
     ,"Appearance":{
        "Button Template":"Text (19471882000429504304)"
       ,"Hot":false
       ,"Template Options":[
          "#DEFAULT#"
        ]
      }
     ,"Behavior":{
        "Action":"Defined by Dynamic Action"
       ,"Execute Validations":true
      }
    }
   ,{
      "id":"29468446925441824640"
     ,"Identification":{
        "Button Name":"PREVIOUS"
       ,"Label":"Previous"
      }
     ,"Layout":{
        "Sequence":20
       ,"Region":"Buttons (29468445270768824639)"
       ,"Position":"PREVIOUS"
       ,"Start New Layout":false
       ,"Start New Row":true
       ,"Column":"Automatic"
       ,"New Column":true
       ,"Column Span":"Automatic"
      }
     ,"Appearance":{
        "Button Template":"Icon (19471881378436504304)"
       ,"Hot":false
       ,"Template Options":[
          "#DEFAULT#"
        ]
       ,"Icon":"fa-chevron-left"
      }
     ,"Behavior":{
        "Action":"Submit Page"
       ,"Execute Validations":false
       ,"Warn on Unsaved Changes":"Do Not Check"
      }
    }
   ,{
      "id":"29468447048246824640"
     ,"Identification":{
        "Button Name":"NEXT"
       ,"Label":"Add Prdouct Images"
      }
     ,"Layout":{
        "Sequence":30
       ,"Region":"Buttons (29468445270768824639)"
       ,"Position":"NEXT"
       ,"Start New Layout":false
       ,"Start New Row":true
       ,"Column":"Automatic"
       ,"New Column":true
       ,"Column Span":"Automatic"
      }
     ,"Appearance":{
        "Button Template":"Text with Icon (19471882117602504304)"
       ,"Hot":true
       ,"Template Options":[
          "t-Button--iconRight"
        ]
       ,"Icon":"fa-chevron-right"
      }
     ,"Behavior":{
        "Action":"Submit Page"
       ,"Execute Validations":true
       ,"Warn on Unsaved Changes":"Do Not Check"
      }
    }
   ,{
      "id":"29469992360214864950"
     ,"Identification":{
        "Button Name":"Add_Variant"
       ,"Label":"Add Variant"
      }
     ,"Layout":{
        "Sequence":130
       ,"Region":"Create Variants For \u0026P41_PRODUCT_NAME. (58676774746267695574)"
       ,"Position":"BODY"
       ,"Start New Layout":false
       ,"Start New Row":true
       ,"Column":"Automatic"
       ,"New Column":true
       ,"Column Span":"Automatic"
       ,"Alignment":"Left center"
      }
     ,"Appearance":{
        "Button Template":"Text (19471882000429504304)"
       ,"Hot":true
       ,"Template Options":[
          "#DEFAULT#"
         ,"t-Button--stretch"
        ]
      }
     ,"Behavior":{
        "Action":"Defined by Dynamic Action"
       ,"Execute Validations":false
      }
    }
   ,{
      "id":"42371427008227294829"
     ,"Identification":{
        "Button Name":"lock_variant_1"
       ,"Label":"Lock Variant 1"
      }
     ,"Layout":{
        "Sequence":30
       ,"Region":"variant_1 (84524944582702999672)"
       ,"Position":"BODY"
       ,"Start New Layout":false
       ,"Start New Row":true
       ,"Column":"Automatic"
       ,"New Column":true
       ,"Column Span":"1"
       ,"Column CSS Classes":[
          "lock-item"
        ]
       ,"Alignment":"Left center"
      }
     ,"Appearance":{
        "Button Template":"Icon (19471881378436504304)"
       ,"Hot":true
       ,"Template Options":[
          "#DEFAULT#"
         ,"t-Button--tiny"
         ,"t-Button--noUI"
        ]
       ,"Icon":"fa-unlock-alt"
      }
     ,"Behavior":{
        "Action":"Defined by Dynamic Action"
       ,"Execute Validations":true
      }
    }
   ,{
      "id":"42374005518086189302"
     ,"Identification":{
        "Button Name":"lock_variant_2"
       ,"Label":"Lock"
      }
     ,"Layout":{
        "Sequence":30
       ,"Region":"variant_2 (42153518123779704849)"
       ,"Position":"BODY"
       ,"Start New Layout":false
       ,"Start New Row":true
       ,"Column":"Automatic"
       ,"New Column":true
       ,"Column Span":"1"
       ,"Column CSS Classes":[
          "lock-item"
        ]
       ,"Alignment":"Left center"
      }
     ,"Appearance":{
        "Button Template":"Icon (19471881378436504304)"
       ,"Hot":true
       ,"Template Options":[
          "#DEFAULT#"
         ,"t-Button--tiny"
         ,"t-Button--noUI"
        ]
       ,"Icon":"fa-unlock-alt"
      }
     ,"Behavior":{
        "Action":"Defined by Dynamic Action"
       ,"Execute Validations":true
      }
    }
   ,{
      "id":"42374005691800189303"
     ,"Identification":{
        "Button Name":"lock_variant_3"
       ,"Label":"Lock"
      }
     ,"Layout":{
        "Sequence":20
       ,"Region":"variant_3 (42153518289637704850)"
       ,"Position":"BODY"
       ,"Start New Layout":false
       ,"Start New Row":true
       ,"Column":"Automatic"
       ,"New Column":true
       ,"Column Span":"1"
       ,"Column CSS Classes":[
          "lock-item"
        ]
       ,"Alignment":"Left center"
      }
     ,"Appearance":{
        "Button Template":"Icon (19471881378436504304)"
       ,"Hot":true
       ,"Template Options":[
          "#DEFAULT#"
         ,"t-Button--tiny"
         ,"t-Button--noUI"
        ]
       ,"Icon":"fa-unlock-alt"
      }
     ,"Behavior":{
        "Action":"Defined by Dynamic Action"
       ,"Execute Validations":true
      }
    }
  ]
 ,"Dynamic Actions":[
    {
      "id":"29218968575213353745"
     ,"Identification":{
        "Name":"Add Variant To Database"
      }
     ,"Execution":{
        "Sequence":20
      }
     ,"When":{
        "Event":"EVENT.EVENT.BROWSER.CLICK"
       ,"Selection Type":"Button"
       ,"Button":"Add_Variant (29469992360214864950)"
      }
     ,"Execution":{
        "Event Scope":"Static"
       ,"Type":"Immediate"
      }
     ,"Actions":[
        {
          "id":"29472286492191419303"
         ,"Identification":{
            "Action":"Execute Server-side Code"
          }
         ,"Settings":{
            "Language":"PE.PROPERTY.SOURCE_SNIPPET_LANG.LOV.PLSQL.D"
           ,"PL\/SQL Code":"DECLARE\n    l_count number := 0;\nBEGIN\n    SELECT count(*)\n    INTO l_count\n    FROM variant_stock\n    WHERE product_id = :P41_PRODUCT_ID\n          AND variant_1 = :P41_VARIANT_1\n          AND variant_2 = :P41_VARIANT_2\n          AND variant_3 = :P41_VARIANT_3;\n\n    IF l_count \u003E 0 THEN\n        UPDATE \n            variant_stock \n        SET  \n            stock_quantity = stock_quantity + :P41_STOCK_QUANTITY \n        WHERE product_id = :P41_PRODUCT_ID\n            AND variant_1 = :P41_VARIANT_1\n            AND variant_2 = :P41_VARIANT_2\n            AND variant_3 = :P41_VARIANT_3;    \n            \n    ELSE\n        INSERT INTO variant_stock (product_id, variant_1, variant_2, variant_3, stock_quantity)\n        VALUES(\n            :P41_PRODUCT_ID,\n            :P41_VARIANT_1,\n            :P41_VARIANT_2,\n            :P41_VARIANT_3,\n            :P41_STOCK_QUANTITY\n        );\n    END IF;\nEND;"
           ,"Items to Submit":[
              "P41_PRODUCT_ID"
             ,"P41_STOCK_QUANTITY"
             ,"P41_VARIANT_1"
             ,"P41_VARIANT_2"
             ,"P41_VARIANT_3"
            ]
          }
         ,"Execution":{
            "Sequence":20
           ,"Event":"Add Variant To Database (29218968575213353745)"
           ,"Fire When Event Result Is":"True"
           ,"Fire on Initialization":false
           ,"Stop Execution On Error":true
           ,"Wait For Result":true
          }
        }
       ,{
          "id":"29472286568159419304"
         ,"Identification":{
            "Name":"Clear items"
           ,"Action":"Execute JavaScript Code"
          }
         ,"Settings":{
            "Code":"const variantFields = [\"VARIANT_1\", \"VARIANT_2\", \"VARIANT_3\"];\n\nfor (const variant of variantFields) {\n  if ($v(\u0060P41_${variant}_LOCKED\u0060) == 0) {\n    $s(\u0060P41_${variant}\u0060, null);\n  }\n}\n\n$s(\"P41_STOCK_QUANTITY\", null);\n"
          }
         ,"Execution":{
            "Sequence":40
           ,"Event":"Add Variant To Database (29218968575213353745)"
           ,"Fire When Event Result Is":"True"
           ,"Fire on Initialization":false
          }
        }
       ,{
          "id":"46538612091759172004"
         ,"Identification":{
            "Action":"Execute JavaScript Code"
          }
         ,"Settings":{
            "Code":"show_notification0(\"Variants Added Successfully !\")"
          }
         ,"Execution":{
            "Sequence":30
           ,"Event":"Add Variant To Database (29218968575213353745)"
           ,"Fire When Event Result Is":"True"
           ,"Fire on Initialization":false
          }
        }
      ]
    }
   ,{
      "id":"29218969087639353750"
     ,"Identification":{
        "Name":"Get Variants Name "
      }
     ,"Execution":{
        "Sequence":30
      }
     ,"When":{
        "Event":"EVENT.EVENT.BROWSER.READY"
      }
     ,"Execution":{
        "Event Scope":"Static"
      }
     ,"Actions":[
        {
          "id":"29472286245930419301"
         ,"Identification":{
            "Action":"Execute Server-side Code"
          }
         ,"Settings":{
            "Language":"PE.PROPERTY.SOURCE_SNIPPET_LANG.LOV.PLSQL.D"
           ,"PL\/SQL Code":"MANAGE_PRODUCTS.get_variants(\n    :P41_CATEGORY_ID,\n    :P41_VARIANT_1_NAME,\n    :P41_VARIANT_2_NAME,\n    :P41_VARIANT_3_NAME\n);"
           ,"Items to Submit":[
              "P41_CATEGORY_ID"
            ]
           ,"Items to Return":[
              "P41_VARIANT_1_NAME"
             ,"P41_VARIANT_2_NAME"
             ,"P41_VARIANT_3_NAME"
            ]
           ,"Suppress Change Event":false
          }
         ,"Execution":{
            "Sequence":20
           ,"Event":"Get Variants Name  (29218969087639353750)"
           ,"Fire When Event Result Is":"True"
           ,"Fire on Initialization":false
           ,"Stop Execution On Error":true
           ,"Wait For Result":true
          }
        }
       ,{
          "id":"29472286942580419308"
         ,"Identification":{
            "Action":"Execute JavaScript Code"
          }
         ,"Settings":{
            "Code":"$(\"label[for=P41_VARIANT_1]\").text($v(\"P41_VARIANT_1_NAME\"));\n$(\"label[for=P41_VARIANT_2]\").text($v(\"P41_VARIANT_2_NAME\"));\n$(\"label[for=P41_VARIANT_3]\").text($v(\"P41_VARIANT_3_NAME\"));"
          }
         ,"Execution":{
            "Sequence":30
           ,"Event":"Get Variants Name  (29218969087639353750)"
           ,"Fire When Event Result Is":"True"
           ,"Fire on Initialization":false
          }
        }
      ]
    }
   ,{
      "id":"29468447101847824640"
     ,"Identification":{
        "Name":"Cancel Dialog"
      }
     ,"Execution":{
        "Sequence":10
      }
     ,"When":{
        "Event":"EVENT.EVENT.BROWSER.CLICK"
       ,"Selection Type":"Button"
       ,"Button":"CANCEL (29468446792401824640)"
      }
     ,"Execution":{
        "Event Scope":"Static"
       ,"Type":"Immediate"
      }
     ,"Actions":[
        {
          "id":"29468447973078824640"
         ,"Identification":{
            "Action":"Cancel Dialog"
          }
         ,"Execution":{
            "Sequence":20
           ,"Event":"Cancel Dialog (29468447101847824640)"
           ,"Fire When Event Result Is":"True"
           ,"Fire on Initialization":false
          }
        }
       ,{
          "id":"46538611817871172002"
         ,"Identification":{
            "Action":"Execute Server-side Code"
          }
         ,"Settings":{
            "Language":"PE.PROPERTY.SOURCE_SNIPPET_LANG.LOV.PLSQL.D"
           ,"PL\/SQL Code":"-- DELETING THE PRODUCT IN CASE OF CANCEL\nDELETE FROM product WHERE product_id = :P41_PRODUCT_ID; "
           ,"Items to Submit":[
              "P41_PRODUCT_ID"
            ]
          }
         ,"Execution":{
            "Sequence":10
           ,"Event":"Cancel Dialog (29468447101847824640)"
           ,"Fire When Event Result Is":"True"
           ,"Fire on Initialization":false
           ,"Stop Execution On Error":true
           ,"Wait For Result":true
          }
        }
      ]
    }
   ,{
      "id":"42153517476416704842"
     ,"Identification":{
        "Name":"Lock Variant 1"
      }
     ,"Execution":{
        "Sequence":40
      }
     ,"When":{
        "Event":"EVENT.EVENT.BROWSER.CLICK"
       ,"Selection Type":"Button"
       ,"Button":"lock_variant_1 (42371427008227294829)"
      }
     ,"Execution":{
        "Event Scope":"Dynamic"
       ,"Type":"Immediate"
      }
     ,"Actions":[
        {
          "id":"42153517550744704843"
         ,"Identification":{
            "Action":"Set Value"
          }
         ,"Settings":{
            "Set Type":"PL\/SQL Function Body"
           ,"PL\/SQL Function Body":"BEGIN \n    IF :P41_VARIANT_1_LOCKED = 1 THEN\n        RETURN 0;\n    ELSIF :P41_VARIANT_1_LOCKED = 0 THEN\n        RETURN 1;\n    END IF;\nEND;"
           ,"Items to Submit":[
              "P41_VARIANT_1_LOCKED"
            ]
           ,"Escape Special Characters":true
           ,"Suppress Change Event":false
          }
         ,"Affected Elements":{
            "Selection Type":"Item(s)"
           ,"Item(s)":[
              "P41_VARIANT_1_LOCKED"
            ]
          }
         ,"Execution":{
            "Sequence":10
           ,"Event":"Lock Variant 1 (42153517476416704842)"
           ,"Fire When Event Result Is":"True"
           ,"Fire on Initialization":false
           ,"Stop Execution On Error":true
           ,"Wait For Result":true
          }
        }
       ,{
          "id":"42374006871486189315"
         ,"Identification":{
            "Action":"Execute JavaScript Code"
          }
         ,"Settings":{
            "Code":"if($v(\"P41_VARIANT_1_LOCKED\") == 1) {\n    $(this.triggeringElement).find(\".t-Icon\").removeClass(\"fa-unlock-alt\").addClass(\"fa-lock\")\n}else {\n    $(this.triggeringElement).find(\".t-Icon\").removeClass(\"fa-lock\").addClass(\"fa-unlock-alt \")\n}\n\n"
          }
         ,"Execution":{
            "Sequence":20
           ,"Event":"Lock Variant 1 (42153517476416704842)"
           ,"Fire When Event Result Is":"True"
           ,"Fire on Initialization":false
          }
        }
      ]
    }
   ,{
      "id":"42374006004678189307"
     ,"Identification":{
        "Name":"Lock Variant 2"
      }
     ,"Execution":{
        "Sequence":50
      }
     ,"When":{
        "Event":"EVENT.EVENT.BROWSER.CLICK"
       ,"Selection Type":"Button"
       ,"Button":"lock_variant_2 (42374005518086189302)"
      }
     ,"Execution":{
        "Event Scope":"Dynamic"
       ,"Type":"Immediate"
      }
     ,"Actions":[
        {
          "id":"42374006117916189308"
         ,"Identification":{
            "Action":"Set Value"
          }
         ,"Settings":{
            "Set Type":"PL\/SQL Function Body"
           ,"PL\/SQL Function Body":"BEGIN \n    IF :P41_VARIANT_2_LOCKED = 1 THEN\n        RETURN 0;\n    ELSIF :P41_VARIANT_2_LOCKED = 0 THEN\n        RETURN 1;\n    END IF;\nEND;"
           ,"Items to Submit":[
              "P41_VARIANT_2_LOCKED"
            ]
           ,"Escape Special Characters":true
           ,"Suppress Change Event":false
          }
         ,"Affected Elements":{
            "Selection Type":"Item(s)"
           ,"Item(s)":[
              "P41_VARIANT_2_LOCKED"
            ]
          }
         ,"Execution":{
            "Sequence":10
           ,"Event":"Lock Variant 2 (42374006004678189307)"
           ,"Fire When Event Result Is":"True"
           ,"Fire on Initialization":false
           ,"Stop Execution On Error":true
           ,"Wait For Result":true
          }
        }
       ,{
          "id":"42374006702262189314"
         ,"Identification":{
            "Action":"Execute JavaScript Code"
          }
         ,"Settings":{
            "Code":"if($v(\"P41_VARIANT_2_LOCKED\") == 1) {\n    $(this.triggeringElement).find(\".t-Icon\").removeClass(\"fa-unlock-alt\").addClass(\"fa-lock\")\n}else {\n    $(this.triggeringElement).find(\".t-Icon\").removeClass(\"fa-lock\").addClass(\"fa-unlock-alt \")\n}\n\n"
          }
         ,"Execution":{
            "Sequence":20
           ,"Event":"Lock Variant 2 (42374006004678189307)"
           ,"Fire When Event Result Is":"True"
           ,"Fire on Initialization":false
          }
        }
      ]
    }
   ,{
      "id":"42374006268323189309"
     ,"Identification":{
        "Name":"Lock Variant 3"
      }
     ,"Execution":{
        "Sequence":60
      }
     ,"When":{
        "Event":"EVENT.EVENT.BROWSER.CLICK"
       ,"Selection Type":"Button"
       ,"Button":"lock_variant_3 (42374005691800189303)"
      }
     ,"Execution":{
        "Event Scope":"Dynamic"
       ,"Type":"Immediate"
      }
     ,"Actions":[
        {
          "id":"42374006309693189310"
         ,"Identification":{
            "Action":"Set Value"
          }
         ,"Settings":{
            "Set Type":"PL\/SQL Function Body"
           ,"PL\/SQL Function Body":"BEGIN \n    IF :P41_VARIANT_3_LOCKED = 1 THEN\n        RETURN 0;\n    ELSIF :P41_VARIANT_3_LOCKED = 0 THEN\n        RETURN 1;\n    END IF;\nEND;"
           ,"Items to Submit":[
              "P41_VARIANT_3_LOCKED"
            ]
           ,"Escape Special Characters":true
           ,"Suppress Change Event":false
          }
         ,"Affected Elements":{
            "Selection Type":"Item(s)"
           ,"Item(s)":[
              "P41_VARIANT_3_LOCKED"
            ]
          }
         ,"Execution":{
            "Sequence":10
           ,"Event":"Lock Variant 3 (42374006268323189309)"
           ,"Fire When Event Result Is":"True"
           ,"Fire on Initialization":false
           ,"Stop Execution On Error":true
           ,"Wait For Result":true
          }
        }
       ,{
          "id":"42374006408490189311"
         ,"Identification":{
            "Action":"Execute JavaScript Code"
          }
         ,"Settings":{
            "Code":"if($v(\"P41_VARIANT_3_LOCKED\") == 1) {\n    $(this.triggeringElement).find(\".t-Icon\").removeClass(\"fa-unlock-alt\").addClass(\"fa-lock\")\n}else {\n    $(this.triggeringElement).find(\".t-Icon\").removeClass(\"fa-lock\").addClass(\"fa-unlock-alt \")\n}\n\n"
          }
         ,"Execution":{
            "Sequence":30
           ,"Event":"Lock Variant 3 (42374006268323189309)"
           ,"Fire When Event Result Is":"True"
           ,"Fire on Initialization":false
          }
        }
      ]
    }
  ]
 ,"Processes":[
    {
      "id":"29472287935094419318"
     ,"Identification":{
        "Name":"Check if at least one variant exists"
       ,"Type":"Execute Code"
       ,"Execution Chain":"None"
      }
     ,"Source":{
        "Location":"Local Database"
       ,"Language":"PL\/SQL"
       ,"PL\/SQL Code":"DECLARE\n    l_var_num number;\nBEGIN\n    SELECT count(*)\n    INTO l_var_num\n    FROM variant_stock\n    WHERE product_id = :P41_PRODUCT_ID;\n\n    IF l_var_num = 0 THEN\n        apex_error.add_error(\n            p_message=\u003E \u0027At least one variant per product is needed !\u0027,\n            p_display_location =\u003E apex_error.c_inline_in_notification\n    );\n\n    END IF;\nEND;"
      }
     ,"Execution":{
        "Sequence":20
       ,"Point":"Processing"
       ,"Run Process":"Once Per Page Visit (default)"
      }
     ,"Error":{
        "Display Location":"Inline in Notification"
      }
     ,"Server-side Condition":{
        "When Button Pressed":"NEXT (29468447048246824640)"
      }
    }
  ]
 ,"Branches":[
    {
      "id":"29468448698797824641"
     ,"Identification":{
        "Name":"Go To Page 40"
      }
     ,"Execution":{
        "Sequence":10
       ,"Point":"Validating"
      }
     ,"Behavior":{
        "Type":"Page or URL (Redirect)"
       ,"Target":{
          "url":"f?p=\u0026APP_ID.:40:\u0026SESSION.:40:\u0026DEBUG.::P40_PRODUCT_ID:\u0026P41_PRODUCT_ID.\u0026success_msg=#SUCCESS_MSG#"
         ,"Page":"40"
         ,"Request":"40"
         ,"Values":{
            "P40_PRODUCT_ID":"\u0026P41_PRODUCT_ID."
          }
        }
      }
     ,"Server-side Condition":{
        "When Button Pressed":"PREVIOUS (29468446925441824640)"
      }
    }
   ,{
      "id":"29468449398209824641"
     ,"Identification":{
        "Name":"Go To Page 42"
      }
     ,"Execution":{
        "Sequence":20
       ,"Point":"After Processing"
      }
     ,"Behavior":{
        "Type":"Page or URL (Redirect)"
       ,"Target":{
          "url":"f?p=\u0026APP_ID.:42:\u0026SESSION.::\u0026DEBUG.:42:P42_PRODUCT_ID:\u0026P41_PRODUCT_ID.\u0026success_msg=#SUCCESS_MSG#"
         ,"Page":"42"
         ,"Clear Cache":"42"
         ,"Values":{
            "P42_PRODUCT_ID":"\u0026P41_PRODUCT_ID."
          }
        }
      }
     ,"Server-side Condition":{
        "When Button Pressed":"NEXT (29468447048246824640)"
      }
    }
  ]
}
