{
  "id":"1"
 ,"Identification":{
    "Name":"Home"
   ,"Alias":"HOME"
   ,"Title":"\u0026APP_NAME. - Home"
  }
 ,"Appearance":{
    "Page Mode":"Normal"
   ,"Page Template":"Theme Default"
   ,"Template Options":[
      "#DEFAULT#"
     ,"js-pageStickyMobileHeader"
    ]
  }
 ,"Navigation Menu":{
    "Override User Interface Level":false
  }
 ,"Navigation":{
    "Cursor Focus":"Do not focus cursor"
   ,"Warn on Unsaved Changes":true
  }
 ,"JavaScript":{
    "Execute when Page Loads":"$(\".heart\").hover(function(){\n  $(this).css(\"color\", \"#B43757\");\n  }, function(){\n  $(this).css(\"color\", \"black\");\n});"
  }
 ,"CSS":{
    "File URLs":[
      "#APP_FILES#Styling\/main_style#MIN#.css"
    ]
   ,"Inline":".slide{\n    background-color: transparent;\n    }\n\n.col col-12 apex-col-auto col-start col-end{\n    background-color: aqua;\n}\n\n.new_product_card {\n    position: relative;\n}\n\n.a-CardView-media {\n    margin-top: 50px;\n}\n\n"
  }
 ,"Security":{
    "Authentication":"Page Is Public"
  }
 ,"Advanced":{
    "Enable Meta Tags":false
  }
 ,"Security":{
    "Deep Linking":"Application Default"
   ,"Page Access Protection":"Arguments Must Have Checksum"
   ,"Form Auto Complete":"Off"
   ,"Browser Cache":"Application Default"
  }
 ,"Session Management":{
    "Rejoin Sessions":"Application Default"
  }
 ,"Advanced":{
    "Enable duplicate page submissions":"Yes - Enable page to be re-posted"
   ,"Reload on Submit":"Only for Success"
  }
 ,"Server Cache":{
    "Caching":"Disabled"
  }
 ,"Regions":[
    {
      "id":"33829156460654289632"
     ,"Identification":{
        "Title":"slide container"
       ,"Type":"Static Content"
      }
     ,"Source":{
        "HTML Code":"\n"
      }
     ,"Layout":{
        "Sequence":50
       ,"Parent Region":"No Parent"
       ,"Position":"BODY"
       ,"Start New Layout":false
       ,"Start New Row":true
       ,"Column":"Automatic"
       ,"New Column":true
       ,"Column Span":"Automatic"
      }
     ,"Appearance":{
        "Template":"Carousel Container (19471551224673504238)"
       ,"Template Options":[
          "t-Region--noPadding"
         ,"t-Region--showCarouselControls"
         ,"js-cycle5s"
         ,"t-Region--carouselSlide"
         ,"t-Region--removeHeader"
         ,"t-Region--noBorder"
         ,"t-Region--hiddenOverflow"
        ]
       ,"CSS Classes":[
          "slide"
        ]
       ,"Render Components":"Above Content"
      }
     ,"Accessibility":{
        "Use Landmark":true
       ,"Landmark Type":"Region"
      }
     ,"Advanced":{
        "Region Display Selector":false
       ,"Exclude Title from Translation":false
      }
     ,"Server Cache":{
        "Caching":"Disabled"
      }
     ,"Customization":{
        "Customizable":"Not Customizable By End Users"
      }
     ,"Attributes":{
        "Settings":{
          "Output As":"HTML"
         ,"Expand Shortcuts":false
        }
      }
    }
   ,{
      "id":"33829156852180289636"
     ,"Identification":{
        "Title":"image 1"
       ,"Type":"Static Content"
      }
     ,"Source":{
        "HTML Code":"\u003Cimage src=\"\t#APP_FILES#8fff7ee9d1f31c391b4ba187ef5d7ce90737debd_apothika desk.jpg\"\n onclick=\"window.location.href=\u0027f?p=\u0026APP_ID.:2:\u0026SESSION.:::11:P11_CATEG_ID:2:P11_STORE_ID:1\u0027;\" \n  width=\"100%\" \n  height= \"auto\"\u003E\u003C\/image\u003E\n\n"
      }
     ,"Layout":{
        "Sequence":30
       ,"Parent Region":"slide container (33829156460654289632)"
       ,"Position":"SUB_REGIONS"
       ,"Start New Layout":false
       ,"Start New Row":true
       ,"Column":"Automatic"
       ,"New Column":true
       ,"Column Span":"Automatic"
      }
     ,"Appearance":{
        "Template":"Standard (19471808805460504264)"
       ,"Template Options":[
          "#DEFAULT#"
         ,"t-Region--removeHeader js-removeLandmark"
         ,"t-Region--noUI"
         ,"t-Region--scrollBody"
         ,"t-Form--stretchInputs"
        ]
       ,"Render Components":"Above Content"
      }
     ,"Accessibility":{
        "Use Landmark":true
       ,"Landmark Type":"Template Default"
      }
     ,"Advanced":{
        "Region Display Selector":false
       ,"Exclude Title from Translation":false
      }
     ,"Server Cache":{
        "Caching":"Disabled"
      }
     ,"Customization":{
        "Customizable":"Not Customizable By End Users"
      }
     ,"Attributes":{
        "Settings":{
          "Output As":"HTML"
         ,"Expand Shortcuts":false
        }
      }
    }
   ,{
      "id":"33829156902879289637"
     ,"Identification":{
        "Title":"image 2"
       ,"Type":"Static Content"
      }
     ,"Source":{
        "HTML Code":"\u003Cimg src=\"#APP_FILES#Cahaya Dewi.png\" \nonclick=\"window.location.href=\u0027f?p=\u0026APP_ID.:2:\u0026SESSION.:::11:P11_CATEG_ID:2:P11_STORE_ID:1\u0027;\" \nwidth=\"100%\" \nheight=\"auto\"\u003E\n"
      }
     ,"Layout":{
        "Sequence":10
       ,"Parent Region":"slide container (33829156460654289632)"
       ,"Position":"SUB_REGIONS"
       ,"Start New Layout":false
       ,"Start New Row":true
       ,"Column":"Automatic"
       ,"New Column":true
       ,"Column Span":"Automatic"
       ,"Column CSS Classes":[
          "slide_image"
        ]
      }
     ,"Appearance":{
        "Template":"Standard (19471808805460504264)"
       ,"Template Options":[
          "#DEFAULT#"
         ,"t-Region--removeHeader js-removeLandmark"
         ,"t-Region--noUI"
         ,"t-Region--scrollBody"
        ]
       ,"Render Components":"Above Content"
      }
     ,"Accessibility":{
        "Use Landmark":true
       ,"Landmark Type":"Template Default"
      }
     ,"Advanced":{
        "Region Display Selector":false
       ,"Exclude Title from Translation":false
      }
     ,"Server Cache":{
        "Caching":"Disabled"
      }
     ,"Customization":{
        "Customizable":"Not Customizable By End Users"
      }
     ,"Attributes":{
        "Settings":{
          "Output As":"HTML"
         ,"Expand Shortcuts":false
        }
      }
    }
   ,{
      "id":"33829157065461289638"
     ,"Identification":{
        "Title":"image 3"
       ,"Type":"Static Content"
      }
     ,"Source":{
        "HTML Code":"\u003Cimage src=\"#APP_FILES#f4d40e61300d691ed227eb38df3db0954344845f_sliders-web solaire alania.jpg\" \nonclick=\"window.location.href=\u0027f?p=\u0026APP_ID.:2:\u0026SESSION.:::11:P11_CATEG_ID:2:P11_STORE_ID:1\u0027;\"  \nwidth=\"100%\" \nheight= \"auto\"\u003E\u003C\/image\u003E"
      }
     ,"Layout":{
        "Sequence":20
       ,"Parent Region":"slide container (33829156460654289632)"
       ,"Position":"SUB_REGIONS"
       ,"Start New Layout":false
       ,"Start New Row":true
       ,"Column":"Automatic"
       ,"New Column":true
       ,"Column Span":"Automatic"
      }
     ,"Appearance":{
        "Template":"Standard (19471808805460504264)"
       ,"Template Options":[
          "#DEFAULT#"
         ,"t-Region--noPadding"
         ,"t-Region--removeHeader js-removeLandmark"
         ,"t-Region--noUI"
         ,"t-Region--scrollBody"
        ]
       ,"Render Components":"Above Content"
      }
     ,"Accessibility":{
        "Use Landmark":true
       ,"Landmark Type":"Template Default"
      }
     ,"Advanced":{
        "Region Display Selector":false
       ,"Exclude Title from Translation":false
      }
     ,"Server Cache":{
        "Caching":"Disabled"
      }
     ,"Customization":{
        "Customizable":"Not Customizable By End Users"
      }
     ,"Attributes":{
        "Settings":{
          "Output As":"HTML"
         ,"Expand Shortcuts":false
        }
      }
    }
   ,{
      "id":"33829157256057289640"
     ,"Identification":{
        "Title":"Bestsellers"
       ,"Type":"Static Content"
      }
     ,"Source":{
        "HTML Code":"\u003Ch1\u003E BESTSELLERS \u003C\/h1\u003E"
      }
     ,"Layout":{
        "Sequence":80
       ,"Parent Region":"No Parent"
       ,"Position":"BODY"
       ,"Start New Layout":false
       ,"Start New Row":true
       ,"Column":"Automatic"
       ,"New Column":true
       ,"Column Span":"Automatic"
      }
     ,"Appearance":{
        "Template":"Standard (19471808805460504264)"
       ,"Template Options":[
          "#DEFAULT#"
         ,"t-Region--removeHeader js-removeLandmark"
         ,"t-Region--noUI"
         ,"t-Region--scrollBody"
        ]
       ,"Render Components":"Above Content"
      }
     ,"Accessibility":{
        "Use Landmark":true
       ,"Landmark Type":"Template Default"
      }
     ,"Advanced":{
        "Region Display Selector":false
       ,"Exclude Title from Translation":false
      }
     ,"Server-side Condition":{
        "Type":"Function Body"
       ,"Language":"PL\/SQL"
       ,"PL\/SQL Function Body":"declare\nv_count number;\n\nbegin\n\n    select count(*) into v_count from order_items;\n            if v_count = 0 then \n                    return false ;\n            else\n                    return true;\n             end if;       \n\nend;"
      }
     ,"Server Cache":{
        "Caching":"Disabled"
      }
     ,"Customization":{
        "Customizable":"Not Customizable By End Users"
      }
     ,"Attributes":{
        "Settings":{
          "Output As":"HTML"
         ,"Expand Shortcuts":false
        }
      }
    }
   ,{
      "id":"33829157399633289641"
     ,"Identification":{
        "Title":"Promo"
       ,"Type":"Static Content"
      }
     ,"Source":{
        "HTML Code":"\u003Ch1\u003E PROMO \u003C\/h1\u003E"
      }
     ,"Layout":{
        "Sequence":70
       ,"Parent Region":"No Parent"
       ,"Position":"BODY"
       ,"Start New Layout":false
       ,"Start New Row":true
       ,"Column":"Automatic"
       ,"New Column":true
       ,"Column Span":"Automatic"
      }
     ,"Appearance":{
        "Template":"Standard (19471808805460504264)"
       ,"Template Options":[
          "#DEFAULT#"
         ,"t-Region--removeHeader js-removeLandmark"
         ,"t-Region--noUI"
         ,"t-Region--scrollBody"
        ]
       ,"Render Components":"Above Content"
      }
     ,"Accessibility":{
        "Use Landmark":true
       ,"Landmark Type":"Template Default"
      }
     ,"Advanced":{
        "Region Display Selector":false
       ,"Exclude Title from Translation":false
      }
     ,"Server Cache":{
        "Caching":"Disabled"
      }
     ,"Customization":{
        "Customizable":"Not Customizable By End Users"
      }
     ,"Attributes":{
        "Settings":{
          "Output As":"HTML"
         ,"Expand Shortcuts":false
        }
      }
    }
   ,{
      "id":"33829157473007289642"
     ,"Identification":{
        "Title":"New products"
       ,"Type":"Static Content"
      }
     ,"Source":{
        "HTML Code":"\u003Ch1\u003ENEW PRODUCTS\u003C\/h1\u003E"
      }
     ,"Layout":{
        "Sequence":60
       ,"Parent Region":"No Parent"
       ,"Position":"BODY"
       ,"Start New Layout":false
       ,"Start New Row":true
       ,"Column":"Automatic"
       ,"New Column":true
       ,"Column Span":"Automatic"
      }
     ,"Appearance":{
        "Template":"Standard (19471808805460504264)"
       ,"Template Options":[
          "#DEFAULT#"
         ,"t-Region--removeHeader js-removeLandmark"
         ,"t-Region--noUI"
         ,"t-Region--scrollBody"
        ]
       ,"Render Components":"Above Content"
      }
     ,"Accessibility":{
        "Use Landmark":true
       ,"Landmark Type":"Template Default"
      }
     ,"Advanced":{
        "Region Display Selector":false
       ,"Exclude Title from Translation":false
      }
     ,"Server Cache":{
        "Caching":"Disabled"
      }
     ,"Customization":{
        "Customizable":"Not Customizable By End Users"
      }
     ,"Attributes":{
        "Settings":{
          "Output As":"HTML"
         ,"Expand Shortcuts":false
        }
      }
    }
   ,{
      "id":"33829157513602289643"
     ,"Identification":{
        "Title":"Recently Seen"
       ,"Type":"Static Content"
      }
     ,"Source":{
        "HTML Code":"\u003Ch1\u003E RECENTLY SEEN\u003C\/h1\u003E"
      }
     ,"Layout":{
        "Sequence":100
       ,"Parent Region":"No Parent"
       ,"Position":"BODY"
       ,"Start New Layout":false
       ,"Start New Row":true
       ,"Column":"Automatic"
       ,"New Column":true
       ,"Column Span":"Automatic"
      }
     ,"Appearance":{
        "Template":"Standard (19471808805460504264)"
       ,"Template Options":[
          "#DEFAULT#"
         ,"t-Region--removeHeader js-removeLandmark"
         ,"t-Region--noUI"
         ,"t-Region--scrollBody"
        ]
       ,"Render Components":"Above Content"
      }
     ,"Accessibility":{
        "Use Landmark":true
       ,"Landmark Type":"Template Default"
      }
     ,"Advanced":{
        "Region Display Selector":false
       ,"Exclude Title from Translation":false
      }
     ,"Server-side Condition":{
        "Type":"Function Body"
       ,"Language":"PL\/SQL"
       ,"PL\/SQL Function Body":"declare\nv_count number;\n\nbegin\nif to_number(:USER_ID) is not null then \n    select count(*) into v_count from customer_activity where customer_id = to_number(:USER_ID);\n            if v_count = 0 then \n                    return false ;\n            else\n                    return true;\n             end if;       \nelse \nreturn false;\nend if ;\nend;"
      }
     ,"Server Cache":{
        "Caching":"Disabled"
      }
     ,"Customization":{
        "Customizable":"Not Customizable By End Users"
      }
     ,"Attributes":{
        "Settings":{
          "Output As":"HTML"
         ,"Expand Shortcuts":false
        }
      }
    }
   ,{
      "id":"33829157621762289644"
     ,"Identification":{
        "Title":"promo_card"
       ,"Type":"Cards"
      }
     ,"Source":{
        "Location":"Local Database"
       ,"Type":"SQL Query"
       ,"SQL Query":"SELECT  p.product_id,\n        p.product_name,\n        p.unit_price,\n        p.category_id,\n        p.store_id,\n        s.store_name,\n        s.customer_id as store_owner,\n        discount,\n        NEW_PRICE (P.PRODUCT_ID) new_price,\n        pi.image\nFROM    product p\n        join (SELECT image_id,\n            product_id,\n            image\n            FROM(SELECT image_id,\n                        product_id,\n                        image,\n                        Row_number()\n                            over (\n                            PARTITION BY product_id\n                            ORDER BY image_id) AS rn\n                FROM   product_images) img\n                WHERE  rn = 1) pi\n        ON p.product_id = pi.product_id,\n        stores s\nWHERE nvl(discount,0)\u003E0\nAND   p.store_id = s.store_id;"
      }
     ,"Layout":{
        "Sequence":10
       ,"Parent Region":"Promo (33829157399633289641)"
       ,"Position":"SUB_REGIONS"
       ,"Start New Layout":false
       ,"Start New Row":true
       ,"Column":"Automatic"
       ,"New Column":true
       ,"Column Span":"Automatic"
      }
     ,"Appearance":{
        "Template":"Cards Container (19471549395551504237)"
       ,"Template Options":[
          "#DEFAULT#"
         ,"t-CardsRegion--styleB"
        ]
       ,"Render Components":"Above Content"
      }
     ,"Accessibility":{
        "Use Landmark":true
       ,"Landmark Type":"Template Default"
      }
     ,"Advanced":{
        "Region Display Selector":false
       ,"Exclude Title from Translation":false
      }
     ,"Server Cache":{
        "Caching":"Disabled"
      }
     ,"Customization":{
        "Customizable":"Not Customizable By End Users"
      }
     ,"Attributes":{
        "id":"33829157772322289645"
       ,"Appearance":{
          "Layout":"Grid"
         ,"Grid Columns":"5 Columns"
        }
       ,"Card":{
          "CSS Classes":[
            "card"
          ]
         ,"Primary Key Column 1":"PRODUCT_ID"
        }
       ,"Title":{
          "Advanced Formatting":false
         ,"Column":"PRODUCT_NAME"
        }
       ,"Subtitle":{
          "Advanced Formatting":true
         ,"HTML Expression":"\u0026DISCOUNT.% \u0026emsp;\n\u003Cb\u003E\u0026NEW_PRICE. TN \u003C\/b\u003E\u0026emsp;\n\u003Cs\u003E \u0026UNIT_PRICE. TN\u003C\/s\u003E\n\n\n"
        }
       ,"Body":{
          "Advanced Formatting":false
        }
       ,"Secondary Body":{
          "Advanced Formatting":false
        }
       ,"Icon and Badge":{
          "Icon Source":"No Icon"
        }
       ,"Media":{
          "Advanced Formatting":false
         ,"Source":"BLOB Column"
         ,"BLOB Column":"IMAGE"
         ,"Position":"First"
         ,"Appearance":"Square"
         ,"Sizing":"Fit"
        }
       ,"Performance":{
          "Lazy Loading":false
        }
       ,"Pagination":{
          "Type":"Scroll"
         ,"Show Total Count":false
        }
       ,"Actions":[
          {
            "id":"33829157898344289646"
           ,"Identification":{
              "Type":"Full Card"
            }
           ,"Layout":{
              "Sequence":10
            }
           ,"Link":{
              "Type":"Redirect to Page in this Application"
             ,"Target":{
                "url":"f?p=\u0026APP_ID.:18:\u0026SESSION.::\u0026DEBUG.:18:P18_PRODUCT_ID:\u0026PRODUCT_ID."
               ,"Page":"18"
               ,"Clear Cache":"18"
               ,"Values":{
                  "P18_PRODUCT_ID":"\u0026PRODUCT_ID."
                }
              }
            }
          }
         ,{
            "id":"34598053131423261146"
           ,"Identification":{
              "Type":"Button"
             ,"Label":"add to wishlist"
            }
           ,"Layout":{
              "Position":"Primary"
             ,"Sequence":30
            }
           ,"Link":{
              "Type":"Redirect to URL"
             ,"Target":"javascript:void(null);"
             ,"Link Attributes":"data-id=\u0026PRODUCT_ID."
            }
           ,"Appearance":{
              "Display Type":"Icon"
             ,"Icon":"fa-heart"
             ,"Hot":false
             ,"CSS Classes":[
                "heart"
              ]
            }
          }
         ,{
            "id":"34598053248588261147"
           ,"Identification":{
              "Type":"Button"
             ,"Label":"Add to Cart"
            }
           ,"Layout":{
              "Position":"Primary"
             ,"Sequence":40
            }
           ,"Link":{
              "Type":"Redirect to Page in this Application"
             ,"Target":{
                "url":"f?p=\u0026APP_ID.:12:\u0026SESSION.::\u0026DEBUG.:12:P12_PRODUCT_ID,P12_CATEGORY_ID:\u0026PRODUCT_ID.,\u0026CATEGORY_ID."
               ,"Page":"12"
               ,"Clear Cache":"12"
               ,"Values":{
                  "P12_PRODUCT_ID":"\u0026PRODUCT_ID."
                 ,"P12_CATEGORY_ID":"\u0026CATEGORY_ID."
                }
              }
            }
           ,"Appearance":{
              "Display Type":"Text"
             ,"Hot":true
            }
          }
         ,{
            "id":"38242826478790699941"
           ,"Identification":{
              "Type":"Button"
             ,"Label":"Store : \u0026STORE_NAME."
            }
           ,"Layout":{
              "Position":"Primary"
             ,"Sequence":20
            }
           ,"Link":{
              "Type":"Redirect to Page in this Application"
             ,"Target":{
                "url":"f?p=\u0026APP_ID.:5:\u0026SESSION.::\u0026DEBUG.:5:P5_STORE_ID,P5_STORE_OWNER_ID:\u0026STORE_ID.,\u0026STORE_OWNER."
               ,"Page":"5"
               ,"Clear Cache":"5"
               ,"Values":{
                  "P5_STORE_ID":"\u0026STORE_ID."
                 ,"P5_STORE_OWNER_ID":"\u0026STORE_OWNER."
                }
              }
            }
           ,"Appearance":{
              "Display Type":"Text"
             ,"Hot":false
             ,"CSS Classes":[
                "to_store"
              ]
            }
          }
        ]
      }
    }
   ,{
      "id":"33829158274812289650"
     ,"Identification":{
        "Title":"Bestsellers_card"
       ,"Type":"Cards"
      }
     ,"Source":{
        "Location":"Local Database"
       ,"Type":"SQL Query"
       ,"SQL Query":"SELECT  p.product_id,\n        p.product_name,\n        p.unit_price,\n        p.category_id,\n        p.store_id,\n        s.store_name,\n        s.customer_id as store_owner,\n        discount,\n        NEW_PRICE (P.PRODUCT_ID) new_price,\n        AMOUNT_SOLD(P.PRODUCT_ID) amount_sold,\n        pi.image\nFROM    product p\n        join (SELECT image_id,\n            product_id,\n            image\n            FROM(SELECT image_id,\n                        product_id,\n                        image,\n                        Row_number()\n                            over (\n                            PARTITION BY product_id\n                            ORDER BY image_id) AS rn\n                FROM   product_images) img\n                WHERE  rn = 1) pi\n        ON p.product_id = pi.product_id\n        join( select distinct product_id from order_items) o  \n        on p.product_id = o.product_id,\n        stores s\nWHERE   ROWNUM \u003C= 5 \nAND p.store_id = s.store_id\nORDER BY AMOUNT_SOLD DESC;"
      }
     ,"Layout":{
        "Sequence":10
       ,"Parent Region":"Bestsellers (33829157256057289640)"
       ,"Position":"SUB_REGIONS"
       ,"Start New Layout":false
       ,"Start New Row":true
       ,"Column":"Automatic"
       ,"New Column":true
       ,"Column Span":"Automatic"
      }
     ,"Appearance":{
        "Template":"Cards Container (19471549395551504237)"
       ,"Template Options":[
          "#DEFAULT#"
         ,"t-CardsRegion--styleB"
        ]
       ,"Render Components":"Above Content"
      }
     ,"Accessibility":{
        "Use Landmark":true
       ,"Landmark Type":"Template Default"
      }
     ,"Advanced":{
        "Region Display Selector":false
       ,"Exclude Title from Translation":false
      }
     ,"Server Cache":{
        "Caching":"Disabled"
      }
     ,"Customization":{
        "Customizable":"Not Customizable By End Users"
      }
     ,"Attributes":{
        "id":"34598048689092261101"
       ,"Appearance":{
          "Layout":"Grid"
         ,"Grid Columns":"5 Columns"
        }
       ,"Card":{
          "CSS Classes":[
            "card"
          ]
         ,"Primary Key Column 1":"PRODUCT_ID"
        }
       ,"Title":{
          "Advanced Formatting":false
         ,"Column":"PRODUCT_NAME"
        }
       ,"Subtitle":{
          "Advanced Formatting":true
         ,"HTML Expression":"{case DISCOUNT\/}\n{when 0\/}\n\u003Cb\u003E\u0026NEW_PRICE. TN\u003C\/b\u003E\n{otherwise\/}\n\u0026DISCOUNT.% \u0026emsp;\n\u003Cb\u003E\u0026NEW_PRICE. TN \u003C\/b\u003E\u0026emsp;\n\u003Cs\u003E \u0026UNIT_PRICE. TN\u003C\/s\u003E\n\n\n{endcase\/}"
        }
       ,"Body":{
          "Advanced Formatting":false
        }
       ,"Secondary Body":{
          "Advanced Formatting":false
        }
       ,"Icon and Badge":{
          "Icon Source":"No Icon"
        }
       ,"Media":{
          "Advanced Formatting":false
         ,"Source":"BLOB Column"
         ,"BLOB Column":"IMAGE"
         ,"Position":"First"
         ,"Appearance":"Square"
         ,"Sizing":"Fit"
        }
       ,"Performance":{
          "Lazy Loading":false
        }
       ,"Pagination":{
          "Type":"Scroll"
         ,"Show Total Count":false
        }
       ,"Actions":[
          {
            "id":"34598048788125261102"
           ,"Identification":{
              "Type":"Full Card"
            }
           ,"Layout":{
              "Sequence":10
            }
           ,"Link":{
              "Type":"Redirect to Page in this Application"
             ,"Target":{
                "url":"f?p=\u0026APP_ID.:18:\u0026SESSION.::\u0026DEBUG.:18:P18_PRODUCT_ID:\u0026PRODUCT_ID."
               ,"Page":"18"
               ,"Clear Cache":"18"
               ,"Values":{
                  "P18_PRODUCT_ID":"\u0026PRODUCT_ID."
                }
              }
            }
          }
         ,{
            "id":"34598053393376261148"
           ,"Identification":{
              "Type":"Button"
             ,"Label":"add to wishlist"
            }
           ,"Layout":{
              "Position":"Primary"
             ,"Sequence":30
            }
           ,"Link":{
              "Type":"Redirect to URL"
             ,"Target":"javascript:void(null);"
             ,"Link Attributes":"data-id=\u0026PRODUCT_ID."
            }
           ,"Appearance":{
              "Display Type":"Icon"
             ,"Icon":"fa-heart-o"
             ,"Hot":false
             ,"CSS Classes":[
                "heart"
              ]
            }
          }
         ,{
            "id":"34598053468781261149"
           ,"Identification":{
              "Type":"Button"
             ,"Label":"Add to Cart"
            }
           ,"Layout":{
              "Position":"Primary"
             ,"Sequence":40
            }
           ,"Link":{
              "Type":"Redirect to Page in this Application"
             ,"Target":{
                "url":"f?p=\u0026APP_ID.:12:\u0026SESSION.::\u0026DEBUG.:12:P12_PRODUCT_ID,P12_CATEGORY_ID:\u0026PRODUCT_ID.,\u0026CATEGORY_ID."
               ,"Page":"12"
               ,"Clear Cache":"12"
               ,"Values":{
                  "P12_PRODUCT_ID":"\u0026PRODUCT_ID."
                 ,"P12_CATEGORY_ID":"\u0026CATEGORY_ID."
                }
              }
            }
           ,"Appearance":{
              "Display Type":"Text"
             ,"Hot":true
            }
          }
         ,{
            "id":"38242826505186699942"
           ,"Identification":{
              "Type":"Button"
             ,"Label":"Store : \u0026STORE_NAME."
            }
           ,"Layout":{
              "Position":"Primary"
             ,"Sequence":20
            }
           ,"Link":{
              "Type":"Redirect to Page in this Application"
             ,"Target":{
                "url":"f?p=\u0026APP_ID.:5:\u0026SESSION.::\u0026DEBUG.:5:P5_STORE_ID,P5_STORE_OWNER_ID:\u0026STORE_ID.,\u0026STORE_OWNER."
               ,"Page":"5"
               ,"Clear Cache":"5"
               ,"Values":{
                  "P5_STORE_ID":"\u0026STORE_ID."
                 ,"P5_STORE_OWNER_ID":"\u0026STORE_OWNER."
                }
              }
            }
           ,"Appearance":{
              "Display Type":"Text"
             ,"Hot":false
             ,"CSS Classes":[
                "to_store"
              ]
            }
          }
        ]
      }
    }
   ,{
      "id":"34598049674877261111"
     ,"Identification":{
        "Title":"new_product_card"
       ,"Type":"Cards"
      }
     ,"Source":{
        "Location":"Local Database"
       ,"Type":"SQL Query"
       ,"SQL Query":"SELECT  p.product_id,\n        p.product_name,\n        p.unit_price,\n        p.category_id,\n         p.store_id,\n        s.store_name,\n        s.customer_id as store_owner,\n        discount,\n        NEW_PRICE (P.PRODUCT_ID) new_price,\n        created_at,\n        pi.image\nFROM    product p\n        join (SELECT image_id,\n            product_id,\n            image\n            FROM(SELECT image_id,\n                        product_id,\n                        image,\n                        Row_number()\n                            over (\n                            PARTITION BY product_id\n                            ORDER BY image_id) AS rn\n                FROM   product_images) img\n                WHERE  rn = 1) pi\n        ON p.product_id = pi.product_id,\n        STORES s\n\nWHERE   ROWNUM \u003C= 15\nAND    p.store_id = s.store_id\nORDER BY created_at DESC;\n\n"
      }
     ,"Layout":{
        "Sequence":10
       ,"Parent Region":"New products (33829157473007289642)"
       ,"Position":"SUB_REGIONS"
       ,"Start New Layout":false
       ,"Start New Row":true
       ,"Column":"Automatic"
       ,"New Column":true
       ,"Column Span":"Automatic"
      }
     ,"Appearance":{
        "Template":"Cards Container (19471549395551504237)"
       ,"Template Options":[
          "#DEFAULT#"
         ,"t-CardsRegion--styleB"
        ]
       ,"Render Components":"Above Content"
      }
     ,"Accessibility":{
        "Use Landmark":true
       ,"Landmark Type":"Template Default"
      }
     ,"Advanced":{
        "Static ID":"product_card"
       ,"Region Display Selector":false
       ,"Exclude Title from Translation":false
      }
     ,"Server Cache":{
        "Caching":"Disabled"
      }
     ,"Customization":{
        "Customizable":"Not Customizable By End Users"
      }
     ,"Attributes":{
        "id":"34598049797400261112"
       ,"Appearance":{
          "Layout":"Grid"
         ,"Grid Columns":"5 Columns"
        }
       ,"Card":{
          "CSS Classes":[
            "card"
          ]
         ,"Primary Key Column 1":"PRODUCT_ID"
        }
       ,"Title":{
          "Advanced Formatting":false
         ,"Column":"PRODUCT_NAME"
        }
       ,"Subtitle":{
          "Advanced Formatting":true
         ,"HTML Expression":"{case DISCOUNT\/}\n{when 0\/}\n\u003Cb\u003E\u0026NEW_PRICE. TN\u003C\/b\u003E\n{otherwise\/}\n\u0026DISCOUNT.% \u0026emsp;\n\u003Cb\u003E\u0026NEW_PRICE. TN \u003C\/b\u003E\u0026emsp;\n\u003Cs\u003E \u0026UNIT_PRICE. TN\u003C\/s\u003E\n\n\n{endcase\/}"
        }
       ,"Body":{
          "Advanced Formatting":false
        }
       ,"Secondary Body":{
          "Advanced Formatting":false
        }
       ,"Icon and Badge":{
          "Icon Source":"No Icon"
        }
       ,"Media":{
          "Advanced Formatting":false
         ,"Source":"BLOB Column"
         ,"BLOB Column":"IMAGE"
         ,"Position":"First"
         ,"Appearance":"Square"
         ,"Sizing":"Fit"
        }
       ,"Performance":{
          "Lazy Loading":false
        }
       ,"Pagination":{
          "Type":"Page"
         ,"Show Total Count":true
         ,"Cards per Page":5
        }
       ,"Actions":[
          {
            "id":"34598049881284261113"
           ,"Identification":{
              "Type":"Full Card"
            }
           ,"Layout":{
              "Sequence":20
            }
           ,"Link":{
              "Type":"Redirect to Page in this Application"
             ,"Target":{
                "url":"f?p=\u0026APP_ID.:18:\u0026SESSION.::\u0026DEBUG.:18:P18_PRODUCT_ID:\u0026PRODUCT_ID."
               ,"Page":"18"
               ,"Clear Cache":"18"
               ,"Values":{
                  "P18_PRODUCT_ID":"\u0026PRODUCT_ID."
                }
              }
            }
          }
         ,{
            "id":"34598052469169261139"
           ,"Identification":{
              "Type":"Button"
             ,"Label":"Add to Cart"
            }
           ,"Layout":{
              "Position":"Primary"
             ,"Sequence":50
            }
           ,"Link":{
              "Type":"Redirect to Page in this Application"
             ,"Target":{
                "url":"f?p=\u0026APP_ID.:12:\u0026SESSION.::\u0026DEBUG.:12:P12_PRODUCT_ID,P12_CATEGORY_ID:\u0026PRODUCT_ID.,\u0026CATEGORY_ID."
               ,"Page":"12"
               ,"Clear Cache":"12"
               ,"Values":{
                  "P12_PRODUCT_ID":"\u0026PRODUCT_ID."
                 ,"P12_CATEGORY_ID":"\u0026CATEGORY_ID."
                }
              }
            }
           ,"Appearance":{
              "Display Type":"Text"
             ,"Hot":true
            }
          }
         ,{
            "id":"34598052586006261140"
           ,"Identification":{
              "Type":"Button"
             ,"Label":"add to wishlist"
            }
           ,"Layout":{
              "Position":"Primary"
             ,"Sequence":40
            }
           ,"Link":{
              "Type":"Redirect to URL"
             ,"Target":"javascript:void(null);"
             ,"Link Attributes":"data-id=\u0026PRODUCT_ID."
            }
           ,"Appearance":{
              "Display Type":"Icon"
             ,"Icon":"fa-heart"
             ,"Hot":false
             ,"CSS Classes":[
                "heart"
              ]
            }
          }
         ,{
            "id":"38242826263300699939"
           ,"Identification":{
              "Type":"Button"
             ,"Label":"Store : \u0026STORE_NAME."
            }
           ,"Layout":{
              "Position":"Primary"
             ,"Sequence":30
            }
           ,"Link":{
              "Type":"Redirect to Page in this Application"
             ,"Target":{
                "url":"f?p=\u0026APP_ID.:5:\u0026SESSION.::\u0026DEBUG.:5:P5_STORE_ID,P5_STORE_OWNER_ID:\u0026STORE_ID.,\u0026STORE_OWNER."
               ,"Page":"5"
               ,"Clear Cache":"5"
               ,"Values":{
                  "P5_STORE_ID":"\u0026STORE_ID."
                 ,"P5_STORE_OWNER_ID":"\u0026STORE_OWNER."
                }
              }
            }
           ,"Appearance":{
              "Display Type":"Text"
             ,"Hot":false
             ,"CSS Classes":[
                "to_store"
              ]
            }
          }
        ]
      }
    }
   ,{
      "id":"34598051279543261127"
     ,"Identification":{
        "Title":"Recently_seen_card"
       ,"Type":"Cards"
      }
     ,"Source":{
        "Location":"Local Database"
       ,"Type":"SQL Query"
       ,"SQL Query":"SELECT p.product_id,\n        p.product_name,\n        p.unit_price,\n        p.category_id,\n        p.store_id,\n        s.store_name,\n        discount,\n        NEW_PRICE (P.PRODUCT_ID) new_price,\n        AMOUNT_SOLD(P.PRODUCT_ID) amount_sold,\n        pi.image,\n        c.customer_id\nFROM    product p\n        join (SELECT image_id,\n            product_id,\n            image\n            FROM(SELECT image_id,\n                        product_id,\n                        image,\n                        Row_number()\n                            over (\n                            PARTITION BY product_id\n                            ORDER BY image_id) AS rn\n                FROM   product_images) img\n                WHERE  rn = 1) pi\n        ON p.product_id = pi.product_id\n\n        join (select distinct customer_id,\n                product_id\n            from customer_activity)c\n            on p.product_id = c.product_id,\n        stores s\nWHERE to_number(:USER_ID) = c.customer_id\nAND p.store_id = s.store_id;\n\n\n"
      }
     ,"Layout":{
        "Sequence":10
       ,"Parent Region":"Recently Seen (33829157513602289643)"
       ,"Position":"SUB_REGIONS"
       ,"Start New Layout":false
       ,"Start New Row":true
       ,"Column":"Automatic"
       ,"New Column":true
       ,"Column Span":"Automatic"
      }
     ,"Appearance":{
        "Template":"Cards Container (19471549395551504237)"
       ,"Template Options":[
          "#DEFAULT#"
         ,"t-CardsRegion--styleB"
        ]
       ,"Render Components":"Above Content"
      }
     ,"Accessibility":{
        "Use Landmark":true
       ,"Landmark Type":"Template Default"
      }
     ,"Advanced":{
        "Region Display Selector":false
       ,"Exclude Title from Translation":false
      }
     ,"Server Cache":{
        "Caching":"Disabled"
      }
     ,"Customization":{
        "Customizable":"Not Customizable By End Users"
      }
     ,"Attributes":{
        "id":"34598051306793261128"
       ,"Appearance":{
          "Layout":"Grid"
         ,"Grid Columns":"5 Columns"
        }
       ,"Card":{
          "CSS Classes":[
            "card"
          ]
         ,"Primary Key Column 1":"PRODUCT_ID"
        }
       ,"Title":{
          "Advanced Formatting":false
         ,"Column":"PRODUCT_NAME"
        }
       ,"Subtitle":{
          "Advanced Formatting":true
         ,"HTML Expression":"{case DISCOUNT\/}\n{when 0\/}\n\u003Cb\u003E\u0026NEW_PRICE. TN\u003C\/b\u003E\n{otherwise\/}\n\u0026DISCOUNT.% \u0026emsp;\n\u003Cb\u003E\u0026NEW_PRICE. TN \u003C\/b\u003E\u0026emsp;\n\u003Cs\u003E \u0026UNIT_PRICE. TN\u003C\/s\u003E\n\n\n{endcase\/}"
        }
       ,"Body":{
          "Advanced Formatting":false
        }
       ,"Secondary Body":{
          "Advanced Formatting":false
        }
       ,"Icon and Badge":{
          "Icon Source":"No Icon"
        }
       ,"Media":{
          "Advanced Formatting":false
         ,"Source":"BLOB Column"
         ,"BLOB Column":"IMAGE"
         ,"Position":"First"
         ,"Appearance":"Square"
         ,"Sizing":"Fit"
        }
       ,"Performance":{
          "Lazy Loading":false
        }
       ,"Pagination":{
          "Type":"Scroll"
         ,"Show Total Count":false
        }
       ,"Actions":[
          {
            "id":"34598051406659261129"
           ,"Identification":{
              "Type":"Full Card"
            }
           ,"Layout":{
              "Sequence":20
            }
           ,"Link":{
              "Type":"Redirect to Page in this Application"
             ,"Target":{
                "url":"f?p=\u0026APP_ID.:18:\u0026SESSION.::\u0026DEBUG.:18:P18_PRODUCT_ID:\u0026PRODUCT_ID."
               ,"Page":"18"
               ,"Clear Cache":"18"
               ,"Values":{
                  "P18_PRODUCT_ID":"\u0026PRODUCT_ID."
                }
              }
            }
          }
         ,{
            "id":"34598053537549261150"
           ,"Identification":{
              "Type":"Button"
             ,"Label":"add to wishlist"
            }
           ,"Layout":{
              "Position":"Primary"
             ,"Sequence":30
            }
           ,"Link":{
              "Type":"Redirect to URL"
             ,"Target":"javascript:void(null);"
             ,"Link Attributes":"data-id=\u0026PRODUCT_ID."
            }
           ,"Appearance":{
              "Display Type":"Icon"
             ,"Icon":"fa-heart-o"
             ,"Hot":false
             ,"CSS Classes":[
                "heart"
              ]
            }
          }
         ,{
            "id":"35414744739723934201"
           ,"Identification":{
              "Type":"Button"
             ,"Label":"Add to Cart"
            }
           ,"Layout":{
              "Position":"Primary"
             ,"Sequence":40
            }
           ,"Link":{
              "Type":"Redirect to Page in this Application"
             ,"Target":{
                "url":"f?p=\u0026APP_ID.:12:\u0026SESSION.::\u0026DEBUG.:12:P12_PRODUCT_ID,P12_QUANTITY:\u0026PRODUCT_ID.,\u0026CATEGORY_ID."
               ,"Page":"12"
               ,"Clear Cache":"12"
               ,"Values":{
                  "P12_PRODUCT_ID":"\u0026PRODUCT_ID."
                 ,"P12_QUANTITY":"\u0026CATEGORY_ID."
                }
              }
            }
           ,"Appearance":{
              "Display Type":"Text"
             ,"Hot":true
            }
          }
         ,{
            "id":"38242826768395699944"
           ,"Identification":{
              "Type":"Button"
             ,"Label":"Store : \u0026STORE_NAME."
            }
           ,"Layout":{
              "Position":"Primary"
             ,"Sequence":10
            }
           ,"Link":{
              "Type":"Redirect to Page in this Application"
             ,"Target":{
                "url":"f?p=\u0026APP_ID.:5:\u0026SESSION.::\u0026DEBUG.:5:P5_STORE_ID:\u0026STORE_ID."
               ,"Page":"5"
               ,"Clear Cache":"5"
               ,"Values":{
                  "P5_STORE_ID":"\u0026STORE_ID."
                }
              }
            }
           ,"Appearance":{
              "Display Type":"Text"
             ,"Hot":false
             ,"CSS Classes":[
                "to_store"
              ]
            }
          }
        ]
      }
    }
   ,{
      "id":"34598052615634261141"
     ,"Identification":{
        "Title":"Recommended for you"
       ,"Type":"Static Content"
      }
     ,"Source":{
        "HTML Code":"\u003Ch1\u003E RECOMMENDED FOR YOU\u003C\/h1\u003E"
      }
     ,"Layout":{
        "Sequence":90
       ,"Parent Region":"No Parent"
       ,"Position":"BODY"
       ,"Start New Layout":false
       ,"Start New Row":true
       ,"Column":"Automatic"
       ,"New Column":true
       ,"Column Span":"Automatic"
      }
     ,"Appearance":{
        "Template":"Standard (19471808805460504264)"
       ,"Template Options":[
          "#DEFAULT#"
         ,"t-Region--removeHeader js-removeLandmark"
         ,"t-Region--noUI"
         ,"t-Region--scrollBody"
        ]
       ,"Render Components":"Above Content"
      }
     ,"Accessibility":{
        "Use Landmark":true
       ,"Landmark Type":"Template Default"
      }
     ,"Advanced":{
        "Region Display Selector":false
       ,"Exclude Title from Translation":false
      }
     ,"Server-side Condition":{
        "Type":"Function Body"
       ,"Language":"PL\/SQL"
       ,"PL\/SQL Function Body":"declare\nv_count number;\n\nbegin\nif to_number(:USER_ID) is not null then \n    select count(*) into v_count from customer_activity where customer_id = to_number(:USER_ID);\n            if v_count = 0 then \n                    return false ;\n            else\n                    return true;\n             end if;       \nelse \nreturn false;\nend if ;\nend;"
      }
     ,"Server Cache":{
        "Caching":"Disabled"
      }
     ,"Customization":{
        "Customizable":"Not Customizable By End Users"
      }
     ,"Attributes":{
        "Settings":{
          "Output As":"HTML"
         ,"Expand Shortcuts":false
        }
      }
    }
   ,{
      "id":"34598052748447261142"
     ,"Identification":{
        "Title":"Recommended_card"
       ,"Type":"Cards"
      }
     ,"Source":{
        "Location":"Local Database"
       ,"Type":"SQL Query"
       ,"SQL Query":"SELECT p.product_id,\n       p.product_name,\n       p.unit_price,\n       discount,\n       p.store_id,\n       s.store_name,\n       NEW_PRICE(P.PRODUCT_ID) AS new_price,\n       AMOUNT_SOLD(P.PRODUCT_ID) AS amount_sold,\n       pi.image,\n       p.category_id\nFROM product p\n\nJOIN (\n  SELECT image_id,\n         product_id,\n         image\n  FROM (\n    SELECT image_id,\n           product_id,\n           image,\n           ROW_NUMBER() OVER (PARTITION BY product_id ORDER BY image_id) AS rn\n    FROM product_images\n  ) img\n  WHERE rn = 1\n) pi ON p.product_id = pi.product_id,\nstores s\nWHERE p.category_id IN (\n  SELECT category_id\n  FROM product\n  WHERE product_id IN (\n    SELECT DISTINCT product_id\n    FROM customer_activity\n    WHERE customer_id = TO_NUMBER(:USER_ID)\n  )\n)\nAND p.product_id NOT IN (\n  SELECT DISTINCT product_id\n  FROM customer_activity\n  WHERE customer_id = TO_NUMBER(:USER_ID)\n)\nAND  s.store_id = p.store_id;"
      }
     ,"Layout":{
        "Sequence":10
       ,"Parent Region":"Recommended for you (34598052615634261141)"
       ,"Position":"SUB_REGIONS"
       ,"Start New Layout":false
       ,"Start New Row":true
       ,"Column":"Automatic"
       ,"New Column":true
       ,"Column Span":"Automatic"
      }
     ,"Appearance":{
        "Template":"Cards Container (19471549395551504237)"
       ,"Template Options":[
          "#DEFAULT#"
         ,"t-CardsRegion--styleB"
        ]
       ,"Render Components":"Above Content"
      }
     ,"Accessibility":{
        "Use Landmark":true
       ,"Landmark Type":"Template Default"
      }
     ,"Advanced":{
        "Region Display Selector":false
       ,"Exclude Title from Translation":false
      }
     ,"Server Cache":{
        "Caching":"Disabled"
      }
     ,"Customization":{
        "Customizable":"Not Customizable By End Users"
      }
     ,"Attributes":{
        "id":"34598052838400261143"
       ,"Appearance":{
          "Layout":"Grid"
         ,"Grid Columns":"5 Columns"
        }
       ,"Card":{
          "CSS Classes":[
            "card"
          ]
         ,"Primary Key Column 1":"PRODUCT_ID"
        }
       ,"Title":{
          "Advanced Formatting":false
         ,"Column":"PRODUCT_NAME"
        }
       ,"Subtitle":{
          "Advanced Formatting":true
         ,"HTML Expression":"{case DISCOUNT\/}\n{when 0\/}\n\u003Cb\u003E\u0026NEW_PRICE. TN\u003C\/b\u003E\n{otherwise\/}\n\u0026DISCOUNT.% \u0026emsp;\n\u003Cb\u003E\u0026NEW_PRICE. TN \u003C\/b\u003E\u0026emsp;\n\u003Cs\u003E \u0026UNIT_PRICE. TN\u003C\/s\u003E\n\n\n{endcase\/}"
        }
       ,"Body":{
          "Advanced Formatting":false
        }
       ,"Secondary Body":{
          "Advanced Formatting":false
        }
       ,"Icon and Badge":{
          "Icon Source":"No Icon"
        }
       ,"Media":{
          "Advanced Formatting":false
         ,"Source":"BLOB Column"
         ,"BLOB Column":"IMAGE"
         ,"Position":"First"
         ,"Appearance":"Square"
         ,"Sizing":"Fit"
        }
       ,"Performance":{
          "Lazy Loading":false
        }
       ,"Pagination":{
          "Type":"Scroll"
         ,"Show Total Count":false
        }
       ,"Actions":[
          {
            "id":"34598052996000261144"
           ,"Identification":{
              "Type":"Full Card"
            }
           ,"Layout":{
              "Sequence":10
            }
           ,"Link":{
              "Type":"Redirect to Page in this Application"
             ,"Target":{
                "url":"f?p=\u0026APP_ID.:18:\u0026SESSION.::\u0026DEBUG.:18:P18_PRODUCT_ID:\u0026PRODUCT_ID."
               ,"Page":"18"
               ,"Clear Cache":"18"
               ,"Values":{
                  "P18_PRODUCT_ID":"\u0026PRODUCT_ID."
                }
              }
            }
          }
         ,{
            "id":"35414744817449934202"
           ,"Identification":{
              "Type":"Button"
             ,"Label":"add to wishlist"
            }
           ,"Layout":{
              "Position":"Primary"
             ,"Sequence":30
            }
           ,"Link":{
              "Type":"Redirect to URL"
             ,"Target":"javascript:void(null);"
             ,"Link Attributes":"data-id=\u0026PRODUCT_ID."
            }
           ,"Appearance":{
              "Display Type":"Icon"
             ,"Icon":"fa-heart-o"
             ,"Hot":false
             ,"CSS Classes":[
                "heart"
              ]
            }
          }
         ,{
            "id":"35414744942164934203"
           ,"Identification":{
              "Type":"Button"
             ,"Label":"Add to Cart"
            }
           ,"Layout":{
              "Position":"Primary"
             ,"Sequence":40
            }
           ,"Link":{
              "Type":"Redirect to Page in this Application"
             ,"Target":{
                "url":"f?p=\u0026APP_ID.:12:\u0026SESSION.::\u0026DEBUG.:12:P12_PRODUCT_ID,P12_CATEGORY_ID:\u0026PRODUCT_ID.,\u0026CATEGORY_ID."
               ,"Page":"12"
               ,"Clear Cache":"12"
               ,"Values":{
                  "P12_PRODUCT_ID":"\u0026PRODUCT_ID."
                 ,"P12_CATEGORY_ID":"\u0026CATEGORY_ID."
                }
              }
            }
           ,"Appearance":{
              "Display Type":"Text"
             ,"Hot":true
            }
          }
         ,{
            "id":"38242826651087699943"
           ,"Identification":{
              "Type":"Button"
             ,"Label":"Store : \u0026STORE_NAME."
            }
           ,"Layout":{
              "Position":"Primary"
             ,"Sequence":20
            }
           ,"Link":{
              "Type":"Redirect to Page in this Application"
             ,"Target":{
                "url":"f?p=\u0026APP_ID.:5:\u0026SESSION.::\u0026DEBUG.:5:P5_STORE_ID:\u0026STORE_ID."
               ,"Page":"5"
               ,"Clear Cache":"5"
               ,"Values":{
                  "P5_STORE_ID":"\u0026STORE_ID."
                }
              }
            }
           ,"Appearance":{
              "Display Type":"Text"
             ,"Hot":false
             ,"CSS Classes":[
                "to_store"
              ]
            }
          }
        ]
      }
    }
  ]
 ,"Page Items":[
    {
      "id":"35414747842203934232"
     ,"Identification":{
        "Name":"P1_SHOPPING_CART_ITEMS"
       ,"Type":"Hidden"
      }
     ,"Settings":{
        "Value Protected":true
      }
     ,"Layout":{
        "Sequence":30
       ,"Region":"No Parent"
       ,"Position":"BODY"
      }
     ,"Advanced":{
        "Warn on Unsaved Changes":"Page Default"
      }
     ,"Source":{
        "Type":"Null"
       ,"Used":"Only when current value in session state is null"
      }
     ,"Default":{
        "Type":"Expression"
       ,"Language":"PL\/SQL"
       ,"PL\/SQL Expression":":SHOPPING_CART_ITEMS "
      }
     ,"Session State":{
        "Data Type":"VARCHAR2"
       ,"Storage":"Per Session (Persistent)"
      }
     ,"Security":{
        "Session State Protection":"Unrestricted"
       ,"Store value encrypted in session state":true
       ,"Restricted Characters":"All characters can be saved."
      }
    }
   ,{
      "id":"35414749592209934249"
     ,"Identification":{
        "Name":"P1_PRODUCT_ID"
       ,"Type":"Hidden"
      }
     ,"Settings":{
        "Value Protected":true
      }
     ,"Layout":{
        "Sequence":40
       ,"Region":"No Parent"
       ,"Position":"BODY"
      }
     ,"Advanced":{
        "Warn on Unsaved Changes":"Page Default"
      }
     ,"Source":{
        "Type":"Null"
       ,"Used":"Only when current value in session state is null"
      }
     ,"Session State":{
        "Data Type":"VARCHAR2"
       ,"Storage":"Per Session (Persistent)"
      }
     ,"Security":{
        "Session State Protection":"Unrestricted"
       ,"Store value encrypted in session state":true
       ,"Restricted Characters":"All characters can be saved."
      }
    }
  ]
 ,"Dynamic Actions":[
    {
      "id":"35414745666552934210"
     ,"Identification":{
        "Name":"set shopping cart header"
      }
     ,"Execution":{
        "Sequence":10
      }
     ,"When":{
        "Event":"EVENT.EVENT.FAMEWORK.APEXAFTERCLOSEDIALOG"
       ,"Selection Type":"Region"
       ,"Region":"new_product_card (34598049674877261111)"
      }
     ,"Execution":{
        "Event Scope":"Static"
       ,"Type":"Immediate"
      }
     ,"Actions":[
        {
          "id":"35414747939659934233"
         ,"Identification":{
            "Action":"Execute JavaScript Code"
          }
         ,"Settings":{
            "Code":"\/\/ Update Badge Text\napex.jQuery(\".js-shopping-cart-item .t-Button-badge\").text(this.data.P12_SHOPPING_CART_ITEMS);\n\n\/\/ Update Icon\napex.jQuery(\".js-shopping-cart-item .t-Icon\").removeClass(\u0027fa-cart-empty\u0027).addClass(\u0027fa-cart-full\u0027);"
          }
         ,"Execution":{
            "Sequence":20
           ,"Event":"set shopping cart header (35414745666552934210)"
           ,"Fire When Event Result Is":"True"
           ,"Fire on Initialization":false
          }
        }
      ]
    }
   ,{
      "id":"35414748148878934235"
     ,"Identification":{
        "Name":"set shopping cart header 2"
      }
     ,"Execution":{
        "Sequence":20
      }
     ,"When":{
        "Event":"EVENT.EVENT.FAMEWORK.APEXAFTERCLOSEDIALOG"
       ,"Selection Type":"Region"
       ,"Region":"promo_card (33829157621762289644)"
      }
     ,"Execution":{
        "Event Scope":"Static"
       ,"Type":"Immediate"
      }
     ,"Actions":[
        {
          "id":"35414748216522934236"
         ,"Identification":{
            "Action":"Execute JavaScript Code"
          }
         ,"Settings":{
            "Code":"\/\/ Update Badge Text\napex.jQuery(\".js-shopping-cart-item .t-Button-badge\").text(this.data.P12_SHOPPING_CART_ITEMS);\n\n\/\/ Update Icon\napex.jQuery(\".js-shopping-cart-item .t-Icon\").removeClass(\u0027fa-cart-empty\u0027).addClass(\u0027fa-cart-full\u0027);"
          }
         ,"Execution":{
            "Sequence":10
           ,"Event":"set shopping cart header 2 (35414748148878934235)"
           ,"Fire When Event Result Is":"True"
           ,"Fire on Initialization":false
          }
        }
      ]
    }
   ,{
      "id":"35414748497526934238"
     ,"Identification":{
        "Name":"set shopping cart header3"
      }
     ,"Execution":{
        "Sequence":30
      }
     ,"When":{
        "Event":"EVENT.EVENT.FAMEWORK.APEXAFTERCLOSEDIALOG"
       ,"Selection Type":"Region"
       ,"Region":"Recently_seen_card (34598051279543261127)"
      }
     ,"Execution":{
        "Event Scope":"Static"
       ,"Type":"Immediate"
      }
     ,"Actions":[
        {
          "id":"35414748554881934239"
         ,"Identification":{
            "Action":"Execute JavaScript Code"
          }
         ,"Settings":{
            "Code":"\/\/ Update Badge Text\napex.jQuery(\".js-shopping-cart-item .t-Button-badge\").text(this.data.P12_SHOPPING_CART_ITEMS);\n\n\/\/ Update Icon\napex.jQuery(\".js-shopping-cart-item .t-Icon\").removeClass(\u0027fa-cart-empty\u0027).addClass(\u0027fa-cart-full\u0027);"
          }
         ,"Execution":{
            "Sequence":10
           ,"Event":"set shopping cart header3 (35414748497526934238)"
           ,"Fire When Event Result Is":"True"
           ,"Fire on Initialization":false
          }
        }
      ]
    }
   ,{
      "id":"35414748786721934241"
     ,"Identification":{
        "Name":"set shopping cart header 4"
      }
     ,"Execution":{
        "Sequence":40
      }
     ,"When":{
        "Event":"EVENT.EVENT.FAMEWORK.APEXAFTERCLOSEDIALOG"
       ,"Selection Type":"Region"
       ,"Region":"Recommended_card (34598052748447261142)"
      }
     ,"Execution":{
        "Event Scope":"Static"
       ,"Type":"Immediate"
      }
     ,"Actions":[
        {
          "id":"35414748864986934242"
         ,"Identification":{
            "Action":"Execute JavaScript Code"
          }
         ,"Settings":{
            "Code":"\/\/ Update Badge Text\napex.jQuery(\".js-shopping-cart-item .t-Button-badge\").text(this.data.P12_SHOPPING_CART_ITEMS);\n\n\/\/ Update Icon\napex.jQuery(\".js-shopping-cart-item .t-Icon\").removeClass(\u0027fa-cart-empty\u0027).addClass(\u0027fa-cart-full\u0027);"
          }
         ,"Execution":{
            "Sequence":10
           ,"Event":"set shopping cart header 4 (35414748786721934241)"
           ,"Fire When Event Result Is":"True"
           ,"Fire on Initialization":false
          }
        }
      ]
    }
   ,{
      "id":"35414749356165934247"
     ,"Identification":{
        "Name":"wishlist"
      }
     ,"Execution":{
        "Sequence":50
      }
     ,"When":{
        "Event":"EVENT.EVENT.BROWSER.CLICK"
       ,"Selection Type":"jQuery Selector"
       ,"jQuery Selector":".heart"
      }
     ,"Execution":{
        "Event Scope":"Dynamic"
       ,"Type":"Immediate"
      }
     ,"Server-side Condition":{
        "Type":"Expression"
       ,"Language":"PL\/SQL"
       ,"PL\/SQL Expression":"APEX_AUTHENTICATION.IS_AUTHENTICATED"
      }
     ,"Actions":[
        {
          "id":"35414749497437934248"
         ,"Identification":{
            "Name":"set value"
           ,"Action":"Set Value"
          }
         ,"Settings":{
            "Set Type":"JavaScript Expression"
           ,"JavaScript Expression":"$(this.triggeringElement).data(\u0027id\u0027)"
           ,"Suppress Change Event":false
          }
         ,"Affected Elements":{
            "Selection Type":"Item(s)"
           ,"Item(s)":[
              "P1_PRODUCT_ID"
            ]
          }
         ,"Execution":{
            "Sequence":10
           ,"Event":"wishlist (35414749356165934247)"
           ,"Fire When Event Result Is":"True"
           ,"Fire on Initialization":true
           ,"Stop Execution On Error":true
           ,"Wait For Result":true
          }
        }
       ,{
          "id":"35414749669154934250"
         ,"Identification":{
            "Name":"add_wishlist"
           ,"Action":"Execute Server-side Code"
          }
         ,"Settings":{
            "Language":"PE.PROPERTY.SOURCE_SNIPPET_LANG.LOV.PLSQL.D"
           ,"PL\/SQL Code":"BEGIN\n  IF APEX_AUTHENTICATION.IS_AUTHENTICATED THEN\n    ADD_TO_WISHLIST.ADD_PRODUCT(:P1_PRODUCT_ID, to_number(:USER_ID));\n  ELSE\n    apex_error.add_error (\n      p_message =\u003E \u0027Login first to unlock this action.\u0027,\n      p_display_location =\u003E apex_error.c_inline_in_notification\n    );\n  END IF;\nEND;\n"
           ,"Items to Submit":[
              "P1_PRODUCT_ID"
            ]
          }
         ,"Execution":{
            "Sequence":40
           ,"Event":"wishlist (35414749356165934247)"
           ,"Fire When Event Result Is":"True"
           ,"Fire on Initialization":false
           ,"Stop Execution On Error":true
           ,"Wait For Result":true
          }
        }
       ,{
          "id":"37171144644806069202"
         ,"Identification":{
            "Action":"Execute JavaScript Code"
          }
         ,"Settings":{
            "Code":"console.log($v(\u0027P1_PRODUCT_ID\u0027))"
          }
         ,"Execution":{
            "Sequence":20
           ,"Event":"wishlist (35414749356165934247)"
           ,"Fire When Event Result Is":"True"
           ,"Fire on Initialization":false
          }
        }
       ,{
          "id":"37171144801373069204"
         ,"Identification":{
            "Action":"Execute JavaScript Code"
          }
         ,"Settings":{
            "Code":"apex.message.showPageSuccess( \u0027Product added to wishlist\u0027 );"
          }
         ,"Execution":{
            "Sequence":50
           ,"Event":"wishlist (35414749356165934247)"
           ,"Fire When Event Result Is":"True"
           ,"Fire on Initialization":false
          }
        }
      ]
    }
   ,{
      "id":"37730487394433642718"
     ,"Identification":{
        "Name":"wishlist_error"
      }
     ,"Execution":{
        "Sequence":60
      }
     ,"When":{
        "Event":"EVENT.EVENT.BROWSER.CLICK"
       ,"Selection Type":"jQuery Selector"
       ,"jQuery Selector":".heart"
      }
     ,"Execution":{
        "Event Scope":"Dynamic"
       ,"Type":"Immediate"
      }
     ,"Server-side Condition":{
        "Type":"Expression"
       ,"Language":"PL\/SQL"
       ,"PL\/SQL Expression":"not APEX_AUTHENTICATION.IS_AUTHENTICATED"
      }
     ,"Actions":[
        {
          "id":"37730487923912642724"
         ,"Identification":{
            "Action":"Execute JavaScript Code"
          }
         ,"Settings":{
            "Code":"apex.message.showErrors([\n    {\n        type:       \"error\",\n        location:   [ \"page\" ],\n        message:    \"You Must Be Authenticated Before Adding Product To Wishlist !\",\n        unsafe:     false\n    }\n]);\n"
          }
         ,"Execution":{
            "Sequence":10
           ,"Event":"wishlist_error (37730487394433642718)"
           ,"Fire When Event Result Is":"True"
           ,"Fire on Initialization":false
          }
        }
      ]
    }
  ]
}
