{
  "id":"61"
 ,"Identification":{
    "Name":"Edit Product Variants"
   ,"Alias":"EDIT-PRODUCT-VARIANTS1"
   ,"Title":"Edit Product Variants"
  }
 ,"Appearance":{
    "Page Mode":"Modal Dialog"
   ,"Dialog Template":"Wizard Modal Dialog (19471535469231504230)"
   ,"Template Options":[
      "#DEFAULT#"
    ]
  }
 ,"Dialog":{
    "Width":"1200"
   ,"Chained":true
  }
 ,"Navigation Menu":{
    "Override User Interface Level":false
  }
 ,"Navigation":{
    "Cursor Focus":"Do not focus cursor"
   ,"Warn on Unsaved Changes":true
  }
 ,"Security":{
    "Authentication":"Page Requires Authentication"
   ,"Deep Linking":"Application Default"
   ,"Page Access Protection":"Arguments Must Have Checksum"
   ,"Form Auto Complete":"Off"
   ,"Browser Cache":"Application Default"
  }
 ,"Session Management":{
    "Rejoin Sessions":"Application Default"
  }
 ,"Advanced":{
    "Enable duplicate page submissions":"Yes - Enable page to be re-posted"
   ,"Reload on Submit":"Only for Success"
  }
 ,"Server Cache":{
    "Caching":"Disabled"
  }
 ,"Regions":[
    {
      "id":"33838196258324159659"
     ,"Identification":{
        "Title":"Wizard Progress"
       ,"Type":"List"
      }
     ,"Source":{
        "List":"Edit Product (33838191074647159655)"
      }
     ,"Layout":{
        "Sequence":10
       ,"Parent Region":"No Parent"
       ,"Position":"REGION_POSITION_01"
       ,"Start New Layout":false
       ,"Start New Row":true
       ,"Column":"Automatic"
       ,"New Column":true
       ,"Column Span":"Automatic"
      }
     ,"Appearance":{
        "Template":"Blank with Attributes (19471542261328504234)"
       ,"Template Options":[
          "#DEFAULT#"
        ]
       ,"Render Components":"Above Content"
      }
     ,"Accessibility":{
        "Use Landmark":true
       ,"Landmark Type":"Template Default"
      }
     ,"Advanced":{
        "Region Display Selector":false
       ,"Exclude Title from Translation":false
      }
     ,"Server Cache":{
        "Caching":"Disabled"
      }
     ,"Customization":{
        "Customizable":"Not Customizable By End Users"
      }
     ,"Attributes":{
        "Appearance":{
          "List Template":"Wizard Progress (19471877875421504302)"
        }
      }
    }
   ,{
      "id":"33838196400795159659"
     ,"Identification":{
        "Title":"Buttons"
       ,"Type":"Static Content"
      }
     ,"Layout":{
        "Sequence":10
       ,"Parent Region":"No Parent"
       ,"Position":"REGION_POSITION_03"
       ,"Start New Layout":false
       ,"Start New Row":true
       ,"Column":"Automatic"
       ,"New Column":true
       ,"Column Span":"Automatic"
      }
     ,"Appearance":{
        "Template":"Buttons Container (19471545059842504235)"
       ,"Template Options":[
          "#DEFAULT#"
        ]
       ,"Render Components":"Above Content"
      }
     ,"Accessibility":{
        "Use Landmark":true
       ,"Landmark Type":"Template Default"
      }
     ,"Advanced":{
        "Region Display Selector":false
       ,"Exclude Title from Translation":false
      }
     ,"Server Cache":{
        "Caching":"Disabled"
      }
     ,"Customization":{
        "Customizable":"Not Customizable By End Users"
      }
     ,"Attributes":{
        "Settings":{
          "Output As":"HTML"
         ,"Expand Shortcuts":false
        }
      }
    }
   ,{
      "id":"65941917896310107616"
     ,"Identification":{
        "Title":"Change Product Variants"
       ,"Type":"Interactive Grid"
      }
     ,"Source":{
        "Location":"Local Database"
       ,"Type":"SQL Query"
       ,"SQL Query":"SELECT stock_id,\n       product_id,\n       variant_1,\n       variant_2,\n       variant_3,\n       stock_quantity,\n       \u0027Delete\u0027 Del\nFROM   variant_stock vs\nWHERE  product_id = :P61_PRODUCT_ID;  "
       ,"Page Items to Submit":[
          "P61_PRODUCT_ID"
        ]
      }
     ,"Layout":{
        "Sequence":60
       ,"Parent Region":"No Parent"
       ,"Position":"BODY"
       ,"Start New Layout":false
       ,"Start New Row":true
       ,"Column":"Automatic"
       ,"New Column":true
       ,"Column Span":"Automatic"
       ,"Column CSS Classes":[
          "variant-grid"
        ]
      }
     ,"Appearance":{
        "Template":"Interactive Report (19471599035745504259)"
       ,"Template Options":[
          "#DEFAULT#"
         ,"t-IRR-region--noBorders"
         ,"t-Form--xlarge"
        ]
       ,"Render Components":"Above Content"
      }
     ,"Accessibility":{
        "Use Landmark":true
       ,"Landmark Type":"Template Default"
      }
     ,"Advanced":{
        "Region Display Selector":false
       ,"Exclude Title from Translation":false
      }
     ,"Server Cache":{
        "Caching":"Disabled"
      }
     ,"Customization":{
        "Customizable":"Not Customizable By End Users"
      }
     ,"Attributes":{
        "id":"65941918615362107623"
       ,"Edit":{
          "Enabled":true
         ,"Allowed Operations":[
            "Add Row"
           ,"Update Row"
           ,"Delete Row"
          ]
         ,"Lost Update Type":"Row Values"
         ,"Add Row If Empty":false
        }
       ,"Performance":{
          "Lazy Loading":false
        }
       ,"Appearance":{
          "Select First Row":false
         ,"Fixed Row Height":false
        }
       ,"Pagination":{
          "Type":"Scroll"
         ,"Show Total Count":false
        }
       ,"Toolbar":{
          "Show":true
         ,"Add Button Label":"Add New Product Variant"
        }
       ,"Enable Users To":{
          "Save Public Report":false
         ,"Flashback":false
         ,"Define Chart View":false
         ,"Download":false
        }
       ,"Heading":{
          "Fixed To":"Page"
        }
       ,"Icon View":{
          "Show":false
        }
       ,"Detail View":{
          "Show":false
        }
       ,"Saved Reports":[
          {
            "id":"66063897369692478430"
           ,"Identification":{
              "Name":"Primary Report"
             ,"Alias":"322238489"
            }
          }
        ]
      }
     ,"Columns":[
        {
          "id":"65941918691427107624"
         ,"Identification":{
            "Column Name":"STOCK_ID"
           ,"Type":"Hidden"
          }
         ,"Settings":{
            "Value Protected":true
          }
         ,"Layout":{
            "Sequence":30
          }
         ,"Accessibility":{
            "Value Identifies Row":false
          }
         ,"Source":{
            "Type":"Database Column"
           ,"Database Column":"STOCK_ID"
           ,"Data Type":"NUMBER"
           ,"Query Only":false
           ,"Primary Key":true
          }
         ,"Default":{
            "Type":"Sequence"
           ,"Sequence":"STOCK_VARIANT_ID"
           ,"Duplicate Copies Existing Value":false
          }
         ,"Session State":{
            "Data Type":"VARCHAR2"
          }
         ,"Export \/ Printing":{
            "Include In Export \/ Print":false
          }
         ,"Enable Users To":{
            "Sort":false
          }
        }
       ,{
          "id":"65941918761526107625"
         ,"Identification":{
            "Column Name":"VARIANT_1"
           ,"Type":"Text Field"
          }
         ,"Heading":{
            "Heading":"\u0026P61_VARIANT_1_NAME."
           ,"Alignment":"center"
          }
         ,"Settings":{
            "Trim Spaces":"Leading and Trailing"
           ,"Text Case":"NO CHANGE"
          }
         ,"Layout":{
            "Sequence":70
           ,"Column Alignment":"center"
           ,"Stretch":"Use Report Setting"
          }
         ,"Accessibility":{
            "Value Identifies Row":false
          }
         ,"Validation":{
            "Value Required":false
           ,"Maximum Length":250
          }
         ,"Source":{
            "Type":"Database Column"
           ,"Database Column":"VARIANT_1"
           ,"Data Type":"VARCHAR2"
           ,"Query Only":false
           ,"Primary Key":false
          }
         ,"Default":{
            "Duplicate Copies Existing Value":true
          }
         ,"Column Filter":{
            "Enabled":false
          }
         ,"Export \/ Printing":{
            "Include In Export \/ Print":false
          }
         ,"Enable Users To":{
            "Sort":false
           ,"Hide":false
          }
        }
       ,{
          "id":"65941918936851107626"
         ,"Identification":{
            "Column Name":"VARIANT_2"
           ,"Type":"Text Field"
          }
         ,"Heading":{
            "Heading":"\u0026P61_VARIANT_2_NAME."
           ,"Alignment":"center"
          }
         ,"Settings":{
            "Trim Spaces":"Leading and Trailing"
           ,"Text Case":"NO CHANGE"
          }
         ,"Layout":{
            "Sequence":80
           ,"Column Alignment":"center"
           ,"Stretch":"Use Report Setting"
          }
         ,"Accessibility":{
            "Value Identifies Row":false
          }
         ,"Validation":{
            "Value Required":false
           ,"Maximum Length":250
          }
         ,"Source":{
            "Type":"Database Column"
           ,"Database Column":"VARIANT_2"
           ,"Data Type":"VARCHAR2"
           ,"Query Only":false
           ,"Primary Key":false
          }
         ,"Default":{
            "Duplicate Copies Existing Value":true
          }
         ,"Column Filter":{
            "Enabled":false
          }
         ,"Export \/ Printing":{
            "Include In Export \/ Print":false
          }
         ,"Enable Users To":{
            "Sort":false
           ,"Hide":false
          }
        }
       ,{
          "id":"65941918952278107627"
         ,"Identification":{
            "Column Name":"VARIANT_3"
           ,"Type":"Text Field"
          }
         ,"Heading":{
            "Heading":"\u0026P61_VARIANT_3_NAME."
           ,"Alignment":"center"
          }
         ,"Settings":{
            "Trim Spaces":"Leading and Trailing"
           ,"Text Case":"NO CHANGE"
          }
         ,"Layout":{
            "Sequence":90
           ,"Column Alignment":"center"
           ,"Stretch":"Use Report Setting"
          }
         ,"Accessibility":{
            "Value Identifies Row":false
          }
         ,"Validation":{
            "Value Required":false
           ,"Maximum Length":250
          }
         ,"Source":{
            "Type":"Database Column"
           ,"Database Column":"VARIANT_3"
           ,"Data Type":"VARCHAR2"
           ,"Query Only":false
           ,"Primary Key":false
          }
         ,"Default":{
            "Duplicate Copies Existing Value":true
          }
         ,"Column Filter":{
            "Enabled":false
          }
         ,"Export \/ Printing":{
            "Include In Export \/ Print":false
          }
         ,"Enable Users To":{
            "Sort":false
           ,"Hide":false
          }
        }
       ,{
          "id":"65941919134962107628"
         ,"Identification":{
            "Column Name":"STOCK_QUANTITY"
           ,"Type":"Number Field"
          }
         ,"Heading":{
            "Heading":"Stock Quantity"
           ,"Alignment":"center"
          }
         ,"Settings":{
            "Number Alignment":"Start"
           ,"Virtual Keyboard":"Decimal"
          }
         ,"Layout":{
            "Sequence":100
           ,"Column Alignment":"center"
           ,"Stretch":"Use Report Setting"
          }
         ,"Accessibility":{
            "Value Identifies Row":false
          }
         ,"Validation":{
            "Value Required":false
          }
         ,"Source":{
            "Type":"Database Column"
           ,"Database Column":"STOCK_QUANTITY"
           ,"Data Type":"NUMBER"
           ,"Query Only":false
           ,"Primary Key":false
          }
         ,"Default":{
            "Duplicate Copies Existing Value":true
          }
         ,"Column Filter":{
            "Enabled":false
          }
         ,"Export \/ Printing":{
            "Include In Export \/ Print":true
          }
         ,"Enable Users To":{
            "Sort":true
           ,"Control Break\/Aggregate":false
           ,"Hide":false
          }
        }
       ,{
          "id":"65941919573831107633"
         ,"Identification":{
            "Column Name":"PRODUCT_ID"
           ,"Type":"Hidden"
          }
         ,"Settings":{
            "Value Protected":true
          }
         ,"Layout":{
            "Sequence":60
          }
         ,"Accessibility":{
            "Value Identifies Row":false
          }
         ,"Source":{
            "Type":"Database Column"
           ,"Database Column":"PRODUCT_ID"
           ,"Data Type":"NUMBER"
           ,"Query Only":false
           ,"Primary Key":false
          }
         ,"Default":{
            "Type":"Item"
           ,"Item":"P61_PRODUCT_ID"
           ,"Duplicate Copies Existing Value":true
          }
         ,"Session State":{
            "Data Type":"VARCHAR2"
          }
         ,"Export \/ Printing":{
            "Include In Export \/ Print":false
          }
         ,"Enable Users To":{
            "Sort":false
          }
        }
       ,{
          "id":"65941919901201107636"
         ,"Identification":{
            "Column Name":"DEL"
           ,"Type":"Link"
          }
         ,"Heading":{
            "Alignment":"center"
          }
         ,"Layout":{
            "Sequence":110
           ,"Column Alignment":"center"
           ,"Stretch":"Never"
          }
         ,"Accessibility":{
            "Value Identifies Row":false
          }
         ,"Appearance":{
            "CSS Classes":[
              "delete-btn"
            ]
          }
         ,"Link":{
            "Target":"javascript:void(null)"
           ,"Link Text":"\u003Cspan class=\"t-Icon fa fa-trash delete-variant\" aria-hidden=\"true\"\u003E\u003C\/span\u003E"
           ,"Link Attributes":"data-id=\u0026STOCK_ID."
          }
         ,"Source":{
            "Type":"None"
          }
         ,"Enable Users To":{
            "Hide":false
          }
         ,"Security":{
            "Escape special characters":true
          }
        }
      ]
    }
  ]
 ,"Page Items":[
    {
      "id":"33825344975533128820"
     ,"Identification":{
        "Name":"P61_PRODUCT_ID"
       ,"Type":"Hidden"
      }
     ,"Settings":{
        "Value Protected":true
      }
     ,"Layout":{
        "Sequence":10
       ,"Region":"No Parent"
       ,"Position":"BODY"
      }
     ,"Advanced":{
        "Warn on Unsaved Changes":"Page Default"
      }
     ,"Source":{
        "Type":"Null"
       ,"Used":"Only when current value in session state is null"
      }
     ,"Session State":{
        "Data Type":"VARCHAR2"
       ,"Storage":"Per Request (Memory Only)"
      }
     ,"Security":{
        "Session State Protection":"Unrestricted"
       ,"Store value encrypted in session state":true
       ,"Restricted Characters":"All characters can be saved."
      }
    }
   ,{
      "id":"33825345033696128821"
     ,"Identification":{
        "Name":"P61_VARIANT_1_NAME"
       ,"Type":"Hidden"
      }
     ,"Settings":{
        "Value Protected":true
      }
     ,"Layout":{
        "Sequence":20
       ,"Region":"No Parent"
       ,"Position":"BODY"
      }
     ,"Advanced":{
        "Warn on Unsaved Changes":"Page Default"
      }
     ,"Source":{
        "Type":"Null"
       ,"Used":"Only when current value in session state is null"
      }
     ,"Session State":{
        "Data Type":"VARCHAR2"
       ,"Storage":"Per Session (Persistent)"
      }
     ,"Security":{
        "Session State Protection":"Unrestricted"
       ,"Store value encrypted in session state":true
       ,"Restricted Characters":"All characters can be saved."
      }
    }
   ,{
      "id":"33825345170161128822"
     ,"Identification":{
        "Name":"P61_VARIANT_2_NAME"
       ,"Type":"Hidden"
      }
     ,"Settings":{
        "Value Protected":true
      }
     ,"Layout":{
        "Sequence":30
       ,"Region":"No Parent"
       ,"Position":"BODY"
      }
     ,"Advanced":{
        "Warn on Unsaved Changes":"Page Default"
      }
     ,"Source":{
        "Type":"Null"
       ,"Used":"Only when current value in session state is null"
      }
     ,"Session State":{
        "Data Type":"VARCHAR2"
       ,"Storage":"Per Session (Persistent)"
      }
     ,"Security":{
        "Session State Protection":"Unrestricted"
       ,"Store value encrypted in session state":true
       ,"Restricted Characters":"All characters can be saved."
      }
    }
   ,{
      "id":"33825345227776128823"
     ,"Identification":{
        "Name":"P61_VARIANT_3_NAME"
       ,"Type":"Hidden"
      }
     ,"Settings":{
        "Value Protected":true
      }
     ,"Layout":{
        "Sequence":40
       ,"Region":"No Parent"
       ,"Position":"BODY"
      }
     ,"Advanced":{
        "Warn on Unsaved Changes":"Page Default"
      }
     ,"Source":{
        "Type":"Null"
       ,"Used":"Only when current value in session state is null"
      }
     ,"Session State":{
        "Data Type":"VARCHAR2"
       ,"Storage":"Per Session (Persistent)"
      }
     ,"Security":{
        "Session State Protection":"Unrestricted"
       ,"Store value encrypted in session state":true
       ,"Restricted Characters":"All characters can be saved."
      }
    }
   ,{
      "id":"65941924173735107646"
     ,"Identification":{
        "Name":"P61_VARIANT_TO_DELETE"
       ,"Type":"Hidden"
      }
     ,"Settings":{
        "Value Protected":false
      }
     ,"Layout":{
        "Sequence":10
       ,"Region":"Change Product Variants (65941917896310107616)"
       ,"Position":"BODY"
      }
     ,"Advanced":{
        "Warn on Unsaved Changes":"Page Default"
      }
     ,"Source":{
        "Type":"Null"
       ,"Used":"Only when current value in session state is null"
      }
     ,"Session State":{
        "Data Type":"VARCHAR2"
       ,"Storage":"Per Session (Persistent)"
      }
     ,"Security":{
        "Session State Protection":"Unrestricted"
       ,"Store value encrypted in session state":true
       ,"Restricted Characters":"All characters can be saved."
      }
    }
  ]
 ,"Buttons":[
    {
      "id":"33838197907193159660"
     ,"Identification":{
        "Button Name":"CANCEL"
       ,"Label":"Cancel"
      }
     ,"Layout":{
        "Sequence":10
       ,"Region":"Buttons (33838196400795159659)"
       ,"Position":"CLOSE"
       ,"Start New Layout":false
       ,"Start New Row":true
       ,"Column":"Automatic"
       ,"New Column":true
       ,"Column Span":"Automatic"
      }
     ,"Appearance":{
        "Button Template":"Text (19471882000429504304)"
       ,"Hot":false
       ,"Template Options":[
          "#DEFAULT#"
        ]
      }
     ,"Behavior":{
        "Action":"Defined by Dynamic Action"
       ,"Execute Validations":true
      }
    }
   ,{
      "id":"33838198104572159660"
     ,"Identification":{
        "Button Name":"PREVIOUS"
       ,"Label":"Previous"
      }
     ,"Layout":{
        "Sequence":20
       ,"Region":"Buttons (33838196400795159659)"
       ,"Position":"PREVIOUS"
       ,"Start New Layout":false
       ,"Start New Row":true
       ,"Column":"Automatic"
       ,"New Column":true
       ,"Column Span":"Automatic"
      }
     ,"Appearance":{
        "Button Template":"Icon (19471881378436504304)"
       ,"Hot":false
       ,"Template Options":[
          "#DEFAULT#"
        ]
       ,"Icon":"fa-chevron-left"
      }
     ,"Behavior":{
        "Action":"Submit Page"
       ,"Execute Validations":false
       ,"Warn on Unsaved Changes":"Do Not Check"
      }
    }
   ,{
      "id":"33838198265526159660"
     ,"Identification":{
        "Button Name":"NEXT"
       ,"Label":"Add New Images"
      }
     ,"Layout":{
        "Sequence":30
       ,"Region":"Buttons (33838196400795159659)"
       ,"Position":"NEXT"
       ,"Start New Layout":false
       ,"Start New Row":true
       ,"Column":"Automatic"
       ,"New Column":true
       ,"Column Span":"Automatic"
      }
     ,"Appearance":{
        "Button Template":"Text with Icon (19471882117602504304)"
       ,"Hot":true
       ,"Template Options":[
          "t-Button--iconRight"
        ]
       ,"Icon":"fa-chevron-right"
      }
     ,"Behavior":{
        "Action":"Submit Page"
       ,"Execute Validations":true
       ,"Warn on Unsaved Changes":"Do Not Check"
      }
    }
  ]
 ,"Dynamic Actions":[
    {
      "id":"33838198340871159660"
     ,"Identification":{
        "Name":"Cancel Dialog"
      }
     ,"Execution":{
        "Sequence":10
      }
     ,"When":{
        "Event":"EVENT.EVENT.BROWSER.CLICK"
       ,"Selection Type":"Button"
       ,"Button":"CANCEL (33838197907193159660)"
      }
     ,"Execution":{
        "Event Scope":"Static"
       ,"Type":"Immediate"
      }
     ,"Actions":[
        {
          "id":"33838199111622159661"
         ,"Identification":{
            "Action":"Cancel Dialog"
          }
         ,"Execution":{
            "Sequence":10
           ,"Event":"Cancel Dialog (33838198340871159660)"
           ,"Fire When Event Result Is":"True"
           ,"Fire on Initialization":false
          }
        }
      ]
    }
   ,{
      "id":"33840085060149232192"
     ,"Identification":{
        "Name":"Delete Variant"
      }
     ,"Execution":{
        "Sequence":20
      }
     ,"When":{
        "Event":"EVENT.EVENT.BROWSER.CLICK"
       ,"Selection Type":"jQuery Selector"
       ,"jQuery Selector":".delete-variant"
      }
     ,"Execution":{
        "Event Scope":"Dynamic"
       ,"Type":"Immediate"
      }
     ,"Actions":[
        {
          "id":"33840085421535232192"
         ,"Identification":{
            "Action":"Set Value"
          }
         ,"Settings":{
            "Set Type":"JavaScript Expression"
           ,"JavaScript Expression":"$(this.triggeringElement).parent().data(\u0027id\u0027);"
           ,"Suppress Change Event":false
          }
         ,"Affected Elements":{
            "Selection Type":"Item(s)"
           ,"Item(s)":[
              "P61_VARIANT_TO_DELETE"
            ]
          }
         ,"Execution":{
            "Sequence":20
           ,"Event":"Delete Variant (33840085060149232192)"
           ,"Fire When Event Result Is":"True"
           ,"Fire on Initialization":false
           ,"Stop Execution On Error":true
           ,"Wait For Result":true
          }
        }
       ,{
          "id":"33840085961143232193"
         ,"Identification":{
            "Action":"Confirm"
          }
         ,"Settings":{
            "Title":"Delete Variant "
           ,"Message":"Do You Want To Delete This Variant ?"
           ,"Style":"Danger"
           ,"Icon":"fa-trash"
           ,"Confirm Label":"Delete"
           ,"Cancel Label":"Cancel"
          }
         ,"Execution":{
            "Sequence":10
           ,"Event":"Delete Variant (33840085060149232192)"
           ,"Fire When Event Result Is":"True"
           ,"Fire on Initialization":false
          }
        }
       ,{
          "id":"33840086471852232193"
         ,"Identification":{
            "Action":"Refresh"
          }
         ,"Affected Elements":{
            "Selection Type":"Region"
           ,"Region":"Change Product Variants (65941917896310107616)"
          }
         ,"Execution":{
            "Sequence":50
           ,"Event":"Delete Variant (33840085060149232192)"
           ,"Fire When Event Result Is":"True"
           ,"Fire on Initialization":false
          }
        }
       ,{
          "id":"33840086951387232193"
         ,"Identification":{
            "Action":"Execute Server-side Code"
          }
         ,"Settings":{
            "Language":"PE.PROPERTY.SOURCE_SNIPPET_LANG.LOV.PLSQL.D"
           ,"PL\/SQL Code":"delete from \n    variant_stock \nwhere \n    stock_id = to_number(:P61_VARIANT_TO_DELETE);\n"
           ,"Items to Submit":[
              "P61_VARIANT_TO_DELETE"
            ]
          }
         ,"Execution":{
            "Sequence":30
           ,"Event":"Delete Variant (33840085060149232192)"
           ,"Fire When Event Result Is":"True"
           ,"Fire on Initialization":false
           ,"Stop Execution On Error":true
           ,"Wait For Result":true
          }
        }
       ,{
          "id":"33975088533299940901"
         ,"Identification":{
            "Action":"Execute JavaScript Code"
          }
         ,"Settings":{
            "Code":"console.log($v(\"P61_VARIANT_TO_DELETE\"))"
          }
         ,"Execution":{
            "Sequence":40
           ,"Event":"Delete Variant (33840085060149232192)"
           ,"Fire When Event Result Is":"True"
           ,"Fire on Initialization":false
          }
        }
      ]
    }
  ]
 ,"Processes":[
    {
      "id":"33825345586321128826"
     ,"Identification":{
        "Name":"Change Product Variants - Save Interactive Grid Data"
       ,"Type":"Interactive Grid - Automatic Row Processing (DML)"
       ,"Execution Chain":"None"
       ,"Editable Region":"Change Product Variants (65941917896310107616)"
      }
     ,"Settings":{
        "Target Type":"Region Source"
       ,"Prevent Lost Updates":true
       ,"Lock Row":"Yes"
       ,"Return Primary Key(s) after Insert":true
      }
     ,"Execution":{
        "Sequence":10
       ,"Point":"Processing"
       ,"Run Process":"Once Per Page Visit (default)"
      }
     ,"Success Message":{
        "Success Message":"variants updated successfully !"
      }
     ,"Error":{
        "Display Location":"Inline in Notification"
      }
     ,"Server-side Condition":{
        "Execution Scope":"For Created and Modified Rows"
      }
    }
  ]
 ,"Branches":[
    {
      "id":"33838199834570159661"
     ,"Identification":{
        "Name":"Go To Page 60"
      }
     ,"Execution":{
        "Sequence":10
       ,"Point":"Validating"
      }
     ,"Behavior":{
        "Type":"Page or URL (Redirect)"
       ,"Target":{
          "url":"f?p=\u0026APP_ID.:60:\u0026SESSION.::\u0026DEBUG.:60:P60_PRODUCT_ID:\u0026P61_PRODUCT_ID.\u0026success_msg=#SUCCESS_MSG#"
         ,"Page":"60"
         ,"Clear Cache":"60"
         ,"Values":{
            "P60_PRODUCT_ID":"\u0026P61_PRODUCT_ID."
          }
        }
      }
     ,"Server-side Condition":{
        "When Button Pressed":"PREVIOUS (33838198104572159660)"
      }
    }
   ,{
      "id":"33838600506442159662"
     ,"Identification":{
        "Name":"Go To Page 62"
      }
     ,"Execution":{
        "Sequence":20
       ,"Point":"After Processing"
      }
     ,"Behavior":{
        "Type":"Page or URL (Redirect)"
       ,"Target":{
          "url":"f?p=\u0026APP_ID.:62:\u0026SESSION.::\u0026DEBUG.:62:P62_PRODUCT_ID,P62_VARIANT_1_NAME,P62_VARIANT_2_NAME,P62_VARIANT_3_NAME:\u0026P61_PRODUCT_ID.,\u0026P61_VARIANT_1_NAME.,\u0026P61_VARIANT_2_NAME.,\u0026P61_VARIANT_3_NAME.\u0026success_msg=#SUCCESS_MSG#"
         ,"Page":"62"
         ,"Clear Cache":"62"
         ,"Values":{
            "P62_PRODUCT_ID":"\u0026P61_PRODUCT_ID."
           ,"P62_VARIANT_1_NAME":"\u0026P61_VARIANT_1_NAME."
           ,"P62_VARIANT_2_NAME":"\u0026P61_VARIANT_2_NAME."
           ,"P62_VARIANT_3_NAME":"\u0026P61_VARIANT_3_NAME."
          }
        }
      }
     ,"Server-side Condition":{
        "When Button Pressed":"NEXT (33838198265526159660)"
      }
    }
  ]
}
