{
  "id":"9"
 ,"Identification":{
    "Name":"Order Details"
   ,"Alias":"ORDER-DETAILS"
   ,"Title":"Order Details"
  }
 ,"Appearance":{
    "Page Mode":"Modal Dialog"
   ,"Dialog Template":"Theme Default"
   ,"Template Options":[
      "#DEFAULT#"
    ]
  }
 ,"Dialog":{
    "Chained":true
  }
 ,"Navigation Menu":{
    "Override User Interface Level":false
  }
 ,"Navigation":{
    "Cursor Focus":"Do not focus cursor"
   ,"Warn on Unsaved Changes":true
  }
 ,"Security":{
    "Authentication":"Page Requires Authentication"
   ,"Deep Linking":"Application Default"
   ,"Page Access Protection":"Arguments Must Have Checksum"
   ,"Form Auto Complete":"Off"
   ,"Browser Cache":"Application Default"
  }
 ,"Session Management":{
    "Rejoin Sessions":"Application Default"
  }
 ,"Advanced":{
    "Enable duplicate page submissions":"Yes - Enable page to be re-posted"
   ,"Reload on Submit":"Only for Success"
  }
 ,"Server Cache":{
    "Caching":"Disabled"
  }
 ,"Regions":[
    {
      "id":"31844241052466335633"
     ,"Identification":{
        "Title":"products"
       ,"Type":"Cards"
      }
     ,"Source":{
        "Location":"Local Database"
       ,"Type":"SQL Query"
       ,"SQL Query":"select ORDER_ID,\n       LINE_ITEM_ID,\n       i.PRODUCT_ID,\n       i.UNIT_PRICE,\n       QUANTITY,\n       product_name,\n       image \n  from ORDER_ITEMS i , product p , product_images pr\n  where i.product_id = p.product_id\n and  I.order_id = :P9_ORDER_ID\n and p.product_id = pr.product_id"
      }
     ,"Layout":{
        "Sequence":10
       ,"Parent Region":"No Parent"
       ,"Position":"BODY"
       ,"Start New Layout":false
       ,"Start New Row":true
       ,"Column":"Automatic"
       ,"New Column":true
       ,"Column Span":"Automatic"
      }
     ,"Appearance":{
        "Template":"Cards Container (19471549395551504237)"
       ,"Template Options":[
          "#DEFAULT#"
        ]
       ,"Render Components":"Above Content"
      }
     ,"Accessibility":{
        "Use Landmark":true
       ,"Landmark Type":"Template Default"
      }
     ,"Advanced":{
        "Region Display Selector":false
       ,"Exclude Title from Translation":false
      }
     ,"Server Cache":{
        "Caching":"Disabled"
      }
     ,"Customization":{
        "Customizable":"Not Customizable By End Users"
      }
     ,"Attributes":{
        "id":"31844241147595335634"
       ,"Appearance":{
          "Layout":"Horizontal (Row)"
        }
       ,"Card":{
          "Primary Key Column 1":"PRODUCT_ID"
        }
       ,"Title":{
          "Advanced Formatting":false
         ,"Column":"PRODUCT_NAME"
        }
       ,"Subtitle":{
          "Advanced Formatting":false
         ,"Column":"UNIT_PRICE"
        }
       ,"Body":{
          "Advanced Formatting":false
        }
       ,"Secondary Body":{
          "Advanced Formatting":true
         ,"HTML Expression":"\u003Cp\u003E Quantity: \u0026QUANTITY. \u003C\/p\u003E"
        }
       ,"Icon and Badge":{
          "Icon Source":"No Icon"
        }
       ,"Media":{
          "Advanced Formatting":false
         ,"Source":"BLOB Column"
         ,"BLOB Column":"IMAGE"
         ,"Position":"First"
         ,"Appearance":"Auto"
         ,"Sizing":"Fit"
        }
       ,"Performance":{
          "Lazy Loading":false
        }
       ,"Pagination":{
          "Type":"Scroll"
         ,"Show Total Count":false
        }
      }
    }
  ]
 ,"Page Items":[
    {
      "id":"31844241231386335635"
     ,"Identification":{
        "Name":"P9_ORDER_ID"
       ,"Type":"Hidden"
      }
     ,"Settings":{
        "Value Protected":true
      }
     ,"Layout":{
        "Sequence":30
       ,"Region":"No Parent"
       ,"Position":"BODY"
      }
     ,"Advanced":{
        "Warn on Unsaved Changes":"Page Default"
      }
     ,"Source":{
        "Type":"Null"
       ,"Used":"Only when current value in session state is null"
      }
     ,"Session State":{
        "Data Type":"VARCHAR2"
       ,"Storage":"Per Session (Persistent)"
      }
     ,"Security":{
        "Session State Protection":"Unrestricted"
       ,"Store value encrypted in session state":true
       ,"Restricted Characters":"All characters can be saved."
      }
    }
  ]
}
