{
  "id":"13"
 ,"Identification":{
    "Name":"My orders"
   ,"Alias":"ORDERS"
   ,"Title":"My Orders"
  }
 ,"Appearance":{
    "Page Mode":"Normal"
   ,"Page Template":"Theme Default"
   ,"Template Options":[
      "#DEFAULT#"
    ]
  }
 ,"Navigation Menu":{
    "Override User Interface Level":false
  }
 ,"Navigation":{
    "Cursor Focus":"Do not focus cursor"
   ,"Warn on Unsaved Changes":true
  }
 ,"CSS":{
    "Inline":".page-title {\n    text-align: center;\n}\n\n.page-title \u003E h2 {\n    font-family: var(--secondary-header-font);\n}\n\n[Headers ~= DETAILS]{\n    background-color: #3A3632;\n    border-radius: 5px;\n    text-align: center;\n    \n}\n\/*a:link{\n    color: magenta;\n}*\/\n\/*.t-Report-cell a{\n    color:white;\n}*\/\n[Headers ~= DETAILS] a {\n    color:white;\n}\n.col col-12 apex-col-auto col-start col-end{\n    border: none;\n}"
  }
 ,"Security":{
    "Authentication":"Page Requires Authentication"
   ,"Deep Linking":"Application Default"
   ,"Page Access Protection":"Arguments Must Have Checksum"
   ,"Form Auto Complete":"Off"
   ,"Browser Cache":"Application Default"
  }
 ,"Session Management":{
    "Rejoin Sessions":"Application Default"
  }
 ,"Advanced":{
    "Enable duplicate page submissions":"Yes - Enable page to be re-posted"
   ,"Reload on Submit":"Only for Success"
  }
 ,"Server Cache":{
    "Caching":"Disabled"
  }
 ,"Regions":[
    {
      "id":"33829156032771289628"
     ,"Identification":{
        "Title":"Order Filter"
       ,"Type":"Static Content"
      }
     ,"Layout":{
        "Sequence":20
       ,"Parent Region":"No Parent"
       ,"Position":"BODY"
       ,"Start New Layout":false
       ,"Start New Row":true
       ,"Column":"Automatic"
       ,"New Column":true
       ,"Column Span":"Automatic"
      }
     ,"Appearance":{
        "Template":"Standard (19471808805460504264)"
       ,"Template Options":[
          "#DEFAULT#"
         ,"t-Region--removeHeader js-removeLandmark"
         ,"t-Region--noUI"
         ,"t-Region--scrollBody"
        ]
       ,"Render Components":"Above Content"
      }
     ,"Accessibility":{
        "Use Landmark":true
       ,"Landmark Type":"Template Default"
      }
     ,"Advanced":{
        "Region Display Selector":false
       ,"Exclude Title from Translation":false
      }
     ,"Server Cache":{
        "Caching":"Disabled"
      }
     ,"Customization":{
        "Customizable":"Not Customizable By End Users"
      }
     ,"Attributes":{
        "Settings":{
          "Output As":"HTML"
         ,"Expand Shortcuts":false
        }
      }
    }
   ,{
      "id":"33831360957880412203"
     ,"Identification":{
        "Title":"List Of Orders"
       ,"Type":"Classic Report"
      }
     ,"Source":{
        "Location":"Local Database"
       ,"Type":"Function Body returning SQL Query"
       ,"Language":"PL\/SQL"
       ,"PL\/SQL Function Body returning SQL Query":"BEGIN\n    IF :P13_ORDER_STATUS IS NULL THEN\n        RETURN q\u0027~\n            SELECT\n                O.ORDER_ID,\n                O.ORDER_DATETIME,\n                O.CUSTOMER_ID,\n                O.ORDER_STATUS,\n                O.ORDER_INFORMATION,\n                COALESCE((SELECT SUM(NEW_PRICE(I.PRODUCT_ID)) FROM ORDER_ITEMS I WHERE I.order_id = O.order_id AND I.ITEM_STATUS != \u0027Cancelled\u0027), 0) || \u0027 TND\u0027 as TOTAL,\n                \u0027Details\u0027 details\n            FROM ORDERS O\n            WHERE O.CUSTOMER_ID = TO_NUMBER(:USER_ID);\n        ~\u0027;\n    ELSIF \n        :P13_ORDER_STATUS = \u0027Pending\u0027 OR\n        :P13_ORDER_STATUS = \u0027Confirmed\u0027 OR\n        :P13_ORDER_STATUS = \u0027Partially Declined\u0027 OR\n        :P13_ORDER_STATUS = \u0027Cancelled\u0027 THEN \n            RETURN q\u0027~\n            SELECT DISTINCT\n                   O.ORDER_ID,\n                   O.ORDER_DATETIME,\n                   O.CUSTOMER_ID,\n                   O.ORDER_STATUS,\n                   O.ORDER_INFORMATION,\n                   COALESCE((SELECT SUM(NEW_PRICE(I.PRODUCT_ID)) FROM ORDER_ITEMS I WHERE I.order_id = O.order_id AND I.ITEM_STATUS != \u0027Cancelled\u0027), 0) || \u0027 TND\u0027 as TOTAL,\n                   \u0027Details\u0027 details\n            FROM ORDERS O\n            WHERE O.CUSTOMER_ID = TO_NUMBER(:USER_ID)\n            AND O.ORDER_STATUS = :P13_ORDER_STATUS\n            GROUP BY O.ORDER_ID,\n                     O.ORDER_DATETIME,\n                     O.CUSTOMER_ID,\n                     O.ORDER_STATUS,\n                     O.ORDER_INFORMATION;\n\n        ~\u0027;\n    \n    ELSIF :P13_ORDER_STATUS = \u0027Updated\u0027 THEN\n        RETURN q\u0027~\n            SELECT DISTINCT\n                   O.ORDER_ID,\n                   O.ORDER_DATETIME,\n                   O.CUSTOMER_ID,\n                   O.ORDER_STATUS,\n                   O.ORDER_INFORMATION,\n                   SUM(NEW_PRICE(I.PRODUCT_ID)) || \u0027 TND\u0027 as TOTAL,\n                   \u0027Details\u0027 details\n            FROM ORDERS O\n            JOIN ORDER_ITEMS I ON I.order_id = O.order_id\n            WHERE O.CUSTOMER_ID = TO_NUMBER(:USER_ID)\n            AND O.mutated_items = \u0027Yes\u0027\n            GROUP BY O.ORDER_ID,\n                     O.ORDER_DATETIME,\n                     O.CUSTOMER_ID,\n                     O.ORDER_STATUS,\n                     O.ORDER_INFORMATION;\n\n        ~\u0027;\n    END IF;\nEND;"
       ,"Page Items to Submit":[
          "P13_ORDER_STATUS"
        ]
       ,"Use Generic Column Names":false
      }
     ,"Layout":{
        "Sequence":40
       ,"Parent Region":"No Parent"
       ,"Position":"BODY"
       ,"Start New Layout":false
       ,"Start New Row":true
       ,"Column":"Automatic"
       ,"New Column":true
       ,"Column Span":"Automatic"
      }
     ,"Appearance":{
        "Template":"Standard (19471808805460504264)"
       ,"Template Options":[
          "#DEFAULT#"
         ,"t-Region--noPadding"
         ,"t-Region--hideHeader"
         ,"t-Region--scrollBody"
        ]
       ,"Render Components":"Above Content"
      }
     ,"Accessibility":{
        "Use Landmark":true
       ,"Landmark Type":"Template Default"
      }
     ,"Advanced":{
        "Region Display Selector":false
       ,"Exclude Title from Translation":false
      }
     ,"Server Cache":{
        "Caching":"Disabled"
      }
     ,"Customization":{
        "Customizable":"Not Customizable By End Users"
      }
     ,"Attributes":{
        "Layout":{
          "Number of Rows Type":"Static Value"
         ,"Number of Rows":50
        }
       ,"Appearance":{
          "Template Type":"Theme"
         ,"Template":"Standard (19471847069031504283)"
         ,"Template Options":[
            "#DEFAULT#"
           ,"t-Report--stretch"
           ,"t-Report--altRowsDefault"
           ,"t-Report--rowHighlight"
           ,"t-Report--horizontalBorders"
           ,"t-Report--hideNoPagination"
          ]
        }
       ,"Pagination":{
          "Type":"No Pagination (Show All Rows)"
         ,"Partial Page Refresh":true
        }
       ,"Performance":{
          "Lazy Loading":false
         ,"Maximum Rows to Process":500
        }
       ,"Messages":{
          "When No Data Found":"No \u0026P13_ORDER_STATUS. Order Yet !"
        }
       ,"Break Formatting":{
          "Break Columns":"No Break"
        }
       ,"Advanced":{
          "Strip HTML":false
         ,"Sort Nulls":"Last"
        }
       ,"Heading":{
          "Type":"Custom Headings"
        }
       ,"Download":{
          "CSV Export Enabled":false
        }
       ,"Printing":{
          "Enabled":false
        }
      }
     ,"Columns":[
        {
          "id":"33831361308343412205"
         ,"Identification":{
            "Column Name":"ORDER_ID"
           ,"Type":"Plain Text"
          }
         ,"Heading":{
            "Heading":"Order Number"
           ,"Alignment":"center"
          }
         ,"Layout":{
            "Sequence":1
           ,"Column Alignment":"center"
          }
         ,"Accessibility":{
            "Value Identifies Row":false
          }
         ,"Sorting":{
            "Sortable":false
          }
         ,"Export \/ Printing":{
            "Include In Export \/ Print":true
          }
         ,"Advanced":{
            "Compute Sum":false
          }
         ,"UI Defaults Reference":{
            "Table Owner":"Parsing Schema"
          }
         ,"Security":{
            "Escape special characters":true
          }
        }
       ,{
          "id":"33831361799511412206"
         ,"Identification":{
            "Column Name":"ORDER_DATETIME"
           ,"Type":"Plain Text"
          }
         ,"Heading":{
            "Heading":"Order Datetime"
           ,"Alignment":"center"
          }
         ,"Layout":{
            "Sequence":2
           ,"Column Alignment":"center"
          }
         ,"Accessibility":{
            "Value Identifies Row":false
          }
         ,"Sorting":{
            "Sortable":false
          }
         ,"Export \/ Printing":{
            "Include In Export \/ Print":true
          }
         ,"Advanced":{
            "Compute Sum":false
          }
         ,"UI Defaults Reference":{
            "Table Owner":"Parsing Schema"
          }
         ,"Security":{
            "Escape special characters":true
          }
        }
       ,{
          "id":"33831362165126412206"
         ,"Identification":{
            "Column Name":"CUSTOMER_ID"
           ,"Type":"Hidden Column"
          }
         ,"Layout":{
            "Sequence":3
          }
         ,"UI Defaults Reference":{
            "Table Owner":"Parsing Schema"
          }
         ,"Security":{
            "Escape special characters":true
          }
        }
       ,{
          "id":"33831362562418412206"
         ,"Identification":{
            "Column Name":"ORDER_STATUS"
           ,"Type":"Plain Text"
          }
         ,"Heading":{
            "Heading":"Order Status"
           ,"Alignment":"center"
          }
         ,"Layout":{
            "Sequence":4
           ,"Column Alignment":"center"
          }
         ,"Accessibility":{
            "Value Identifies Row":false
          }
         ,"Sorting":{
            "Sortable":false
          }
         ,"Export \/ Printing":{
            "Include In Export \/ Print":true
          }
         ,"Advanced":{
            "Compute Sum":false
          }
         ,"UI Defaults Reference":{
            "Table Owner":"Parsing Schema"
          }
         ,"Security":{
            "Escape special characters":true
          }
        }
       ,{
          "id":"33831362924718412207"
         ,"Identification":{
            "Column Name":"ORDER_INFORMATION"
           ,"Type":"Plain Text"
          }
         ,"Heading":{
            "Heading":"Order Information"
           ,"Alignment":"center"
          }
         ,"Layout":{
            "Sequence":5
           ,"Column Alignment":"center"
          }
         ,"Accessibility":{
            "Value Identifies Row":false
          }
         ,"Sorting":{
            "Sortable":false
          }
         ,"Export \/ Printing":{
            "Include In Export \/ Print":true
          }
         ,"Advanced":{
            "Compute Sum":false
          }
         ,"UI Defaults Reference":{
            "Table Owner":"Parsing Schema"
          }
         ,"Security":{
            "Escape special characters":true
          }
        }
       ,{
          "id":"33831363776255412207"
         ,"Identification":{
            "Column Name":"TOTAL"
           ,"Type":"Plain Text"
          }
         ,"Heading":{
            "Heading":"Total"
           ,"Alignment":"center"
          }
         ,"Layout":{
            "Sequence":7
           ,"Column Alignment":"center"
          }
         ,"Accessibility":{
            "Value Identifies Row":false
          }
         ,"Sorting":{
            "Sortable":false
          }
         ,"Export \/ Printing":{
            "Include In Export \/ Print":true
          }
         ,"Advanced":{
            "Compute Sum":false
          }
         ,"UI Defaults Reference":{
            "Table Owner":"Parsing Schema"
          }
         ,"Security":{
            "Escape special characters":true
          }
        }
       ,{
          "id":"33831364120263412207"
         ,"Identification":{
            "Column Name":"DETAILS"
           ,"Type":"Link"
          }
         ,"Heading":{
            "Heading":"Details"
           ,"Alignment":"center"
          }
         ,"Layout":{
            "Sequence":8
           ,"Column Alignment":"center"
          }
         ,"Accessibility":{
            "Value Identifies Row":false
          }
         ,"Link":{
            "Target":{
              "url":"f?p=\u0026APP_ID.:9:\u0026SESSION.::\u0026DEBUG.:9:P9_ORDER_ID,P9_ORDER_STATUS:#ORDER_ID#,#ORDER_STATUS# Order"
             ,"Page":"9"
             ,"Clear Cache":"9"
             ,"Values":{
                "P9_ORDER_ID":"#ORDER_ID#"
               ,"P9_ORDER_STATUS":"#ORDER_STATUS# Order"
              }
            }
           ,"Link Text":"\u003Cspan class=\"fa fa-expand\" aria-hidden=\"true\"\u003E\u003C\/span\u003E Order #DETAILS#"
          }
         ,"Sorting":{
            "Sortable":false
          }
         ,"Export \/ Printing":{
            "Include In Export \/ Print":true
          }
         ,"Advanced":{
            "Compute Sum":false
          }
         ,"UI Defaults Reference":{
            "Table Owner":"Parsing Schema"
          }
         ,"Security":{
            "Escape special characters":true
          }
        }
      ]
    }
   ,{
      "id":"138683973033059654047"
     ,"Identification":{
        "Title":"Page Title"
       ,"Type":"Static Content"
      }
     ,"Source":{
        "HTML Code":"\u003Cdiv class=\"page-title\"\u003E\n    \u003Cspan aria-hidden=\"true\" class=\"fa fa-shopping-bag fa-3x\"\u003E\u003C\/span\u003E\n    \u003Ch2 \u003E My Orders \u003C\/h2\u003E\n\u003C\/div\u003E"
      }
     ,"Layout":{
        "Sequence":5
       ,"Parent Region":"No Parent"
       ,"Position":"BODY"
       ,"Start New Layout":false
       ,"Start New Row":true
       ,"Column":"Automatic"
       ,"New Column":true
       ,"Column Span":"Automatic"
      }
     ,"Appearance":{
        "Template":"Blank with Attributes (19471542261328504234)"
       ,"Template Options":[
          "#DEFAULT#"
         ,"margin-top-lg"
         ,"margin-bottom-lg"
        ]
       ,"Render Components":"Above Content"
      }
     ,"Accessibility":{
        "Use Landmark":true
       ,"Landmark Type":"Template Default"
      }
     ,"Advanced":{
        "Region Display Selector":false
       ,"Exclude Title from Translation":false
      }
     ,"Server Cache":{
        "Caching":"Disabled"
      }
     ,"Customization":{
        "Customizable":"Not Customizable By End Users"
      }
     ,"Attributes":{
        "Settings":{
          "Output As":"HTML"
         ,"Expand Shortcuts":false
        }
      }
    }
  ]
 ,"Page Items":[
    {
      "id":"33829156144329289629"
     ,"Identification":{
        "Name":"P13_ORDER_STATUS"
       ,"Type":"Select List"
      }
     ,"Label":{
        "Label":"Order Satus"
       ,"Alignment":"Left"
      }
     ,"Settings":{
        "Page Action on Selection":"None"
       ,"Allow Multi Selection":false
      }
     ,"Layout":{
        "Sequence":10
       ,"Region":"Order Filter (33829156032771289628)"
       ,"Position":"BODY"
       ,"Alignment":"Left"
       ,"Start New Layout":false
       ,"Start New Row":true
       ,"Column":"Automatic"
       ,"New Column":true
       ,"Column Span":"Automatic"
       ,"Label Column Span":"Page Template Default"
      }
     ,"Appearance":{
        "Template":"Optional - Floating (19471879586967504303)"
       ,"Template Options":[
          "#DEFAULT#"
        ]
       ,"Height":1
      }
     ,"Validation":{
        "Value Required":false
      }
     ,"List of Values":{
        "Type":"Static Values"
       ,"Static Values":"STATIC2:Pending Orders;Pending,Confirmed Orders;Confirmed,Partially Declined Orders;Partially Declined,Cancelled Orders;Cancelled,Newly Updated Orders;Updated"
       ,"Display Extra Values":false
       ,"Display Null Value":true
       ,"Null Display Value":"All Orders"
      }
     ,"Advanced":{
        "Warn on Unsaved Changes":"Page Default"
      }
     ,"Source":{
        "Type":"Null"
       ,"Used":"Only when current value in session state is null"
      }
     ,"Session State":{
        "Storage":"Per Session (Persistent)"
      }
     ,"Quick Picks":{
        "Show Quick Picks":false
      }
     ,"Security":{
        "Session State Protection":"Unrestricted"
       ,"Store value encrypted in session state":true
       ,"Restricted Characters":"All characters can be saved."
      }
    }
  ]
 ,"Dynamic Actions":[
    {
      "id":"33829156288110289630"
     ,"Identification":{
        "Name":"Set Order Status"
      }
     ,"Execution":{
        "Sequence":10
      }
     ,"When":{
        "Event":"EVENT.EVENT.BROWSER.CHANGE"
       ,"Selection Type":"Item(s)"
       ,"Item(s)":[
          "P13_ORDER_STATUS"
        ]
      }
     ,"Execution":{
        "Event Scope":"Static"
       ,"Type":"Immediate"
      }
     ,"Actions":[
        {
          "id":"33829156358045289631"
         ,"Identification":{
            "Action":"Refresh"
          }
         ,"Affected Elements":{
            "Selection Type":"Region"
           ,"Region":"List Of Orders (33831360957880412203)"
          }
         ,"Execution":{
            "Sequence":20
           ,"Event":"Set Order Status (33829156288110289630)"
           ,"Fire When Event Result Is":"True"
           ,"Fire on Initialization":false
          }
        }
       ,{
          "id":"52184850625777530138"
         ,"Identification":{
            "Action":"Execute JavaScript Code"
          }
         ,"Settings":{
            "Code":"console.log(\"dsad\")"
          }
         ,"Execution":{
            "Sequence":10
           ,"Event":"Set Order Status (33829156288110289630)"
           ,"Fire When Event Result Is":"True"
           ,"Fire on Initialization":false
          }
        }
      ]
    }
   ,{
      "id":"50516532791303306422"
     ,"Identification":{
        "Name":"Change Cell Color"
      }
     ,"Execution":{
        "Sequence":20
      }
     ,"When":{
        "Event":"EVENT.EVENT.BROWSER.READY"
      }
     ,"Execution":{
        "Event Scope":"Static"
      }
     ,"Actions":[
        {
          "id":"50516532833535306423"
         ,"Identification":{
            "Action":"Execute JavaScript Code"
          }
         ,"Settings":{
            "Code":"$(\u0027td[headers=\"ORDER_STATUS\"]\u0027).each(function() {  \n\n  if ( $(this).text() === \u0027Pending\u0027 ) {\n\n    $(this).css({\"background-color\":\"#FFB929\"}); \n  }\n\n  if ( $(this).text() === \u0027Partially Declined\u0027 ) {\n\n    $(this).css({\"background-color\":\"#E17726\",  \"color\" : \"#FFFFFF\" }); \n  }\n\n  if ( $(this).text() === \u0027Confirmed\u0027 ) {\n\n    $(this).css({\"background-color\":\"#497620\", \"color\" : \"#FFFFFF\"});\n\n  }\n\n  if ( $(this).text() === \u0027Cancelled\u0027 ) {\n\n    $(this).css({\"background-color\":\"#C33522\",  \"color\" : \"#FFFFFF\"});\n\n  }\n\n});\n\n$(\u0027td[headers=\"ORDER_TYPE\"]\u0027).each(function() {  \n\n  if ( $(this).text() === \u0027Composite\u0027 ) {\n    $(this).css({\"background-color\":\"#FDF1F3\"});\n  }\n\n  if ( $(this).text() === \u0027Individual\u0027 ) {\n\n    $(this).css({\"background-color\":\"#FBF9DB\"});\n\n  }\n\n});"
          }
         ,"Execution":{
            "Sequence":10
           ,"Event":"Change Cell Color (50516532791303306422)"
           ,"Fire When Event Result Is":"True"
           ,"Fire on Initialization":false
          }
        }
      ]
    }
   ,{
      "id":"50516534481144306439"
     ,"Identification":{
        "Name":"Refresh My Orders"
      }
     ,"Execution":{
        "Sequence":30
      }
     ,"When":{
        "Event":"EVENT.EVENT.FAMEWORK.APEXAFTERCLOSECANCELDIALOG"
       ,"Selection Type":"Region"
       ,"Region":"List Of Orders (33831360957880412203)"
      }
     ,"Execution":{
        "Event Scope":"Static"
       ,"Type":"Immediate"
      }
     ,"Actions":[
        {
          "id":"50516534516779306440"
         ,"Identification":{
            "Action":"Refresh"
          }
         ,"Affected Elements":{
            "Selection Type":"Region"
           ,"Region":"List Of Orders (33831360957880412203)"
          }
         ,"Execution":{
            "Sequence":20
           ,"Event":"Refresh My Orders (50516534481144306439)"
           ,"Fire When Event Result Is":"True"
           ,"Fire on Initialization":false
          }
        }
      ]
    }
   ,{
      "id":"50516534733301306442"
     ,"Identification":{
        "Name":"Set Cell Colors After Refresh"
      }
     ,"Execution":{
        "Sequence":40
      }
     ,"When":{
        "Event":"EVENT.EVENT.FAMEWORK.APEXAFTERREFRESH"
       ,"Selection Type":"Region"
       ,"Region":"List Of Orders (33831360957880412203)"
      }
     ,"Execution":{
        "Event Scope":"Static"
       ,"Type":"Immediate"
      }
     ,"Actions":[
        {
          "id":"50516534853932306443"
         ,"Identification":{
            "Action":"Execute JavaScript Code"
          }
         ,"Settings":{
            "Code":"$(\u0027td[headers=\"ORDER_STATUS\"]\u0027).each(function() {  \n\n  if ( $(this).text() === \u0027Pending\u0027 ) {\n\n    $(this).css({\"background-color\":\"#FFB929\"}); \n  }\n\n  if ( $(this).text() === \u0027Partially Declined\u0027 ) {\n\n    $(this).css({\"background-color\":\"#E17726\",  \"color\" : \"#FFFFFF\" }); \n  }\n\n  if ( $(this).text() === \u0027Confirmed\u0027 ) {\n\n    $(this).css({\"background-color\":\"#497620\", \"color\" : \"#FFFFFF\"});\n\n  }\n\n  if ( $(this).text() === \u0027Cancelled\u0027 ) {\n\n    $(this).css({\"background-color\":\"#C33522\",  \"color\" : \"#FFFFFF\"});\n\n  }\n\n});\n\n$(\u0027td[headers=\"ORDER_TYPE\"]\u0027).each(function() {  \n\n  if ( $(this).text() === \u0027Composite\u0027 ) {\n    $(this).css({\"background-color\":\"#FDF1F3\"});\n  }\n\n  if ( $(this).text() === \u0027Individual\u0027 ) {\n\n    $(this).css({\"background-color\":\"#FBF9DB\"});\n\n  }\n\n});"
          }
         ,"Execution":{
            "Sequence":10
           ,"Event":"Set Cell Colors After Refresh (50516534733301306442)"
           ,"Fire When Event Result Is":"True"
           ,"Fire on Initialization":false
          }
        }
      ]
    }
  ]
}
