{
  "id":"63"
 ,"Identification":{
    "Name":"Edit Product Images"
   ,"Alias":"EDIT-PRODUCT-IMAGES1"
   ,"Title":"Edit Product Images"
  }
 ,"Appearance":{
    "Page Mode":"Modal Dialog"
   ,"Dialog Template":"Wizard Modal Dialog (19471535469231504230)"
   ,"Template Options":[
      "#DEFAULT#"
    ]
  }
 ,"Dialog":{
    "Width":"1200"
   ,"Chained":true
  }
 ,"Navigation Menu":{
    "Override User Interface Level":false
  }
 ,"Navigation":{
    "Cursor Focus":"Do not focus cursor"
   ,"Warn on Unsaved Changes":true
  }
 ,"CSS":{
    "Inline":".image-card-container {\n    padding: 10px;\n    box-sizing: border-box;\n}\n\n.image-card {\n   border: transparent;\n   box-shadow: 1px 1px 1px 1px grey;\n\n}\n\n.image-card \u003E div:first-child {\n    background-color: transparent;\n}\n\n.image-card \u003E .a-CardView-actions {\n    background-color: transparent;\n    display: flex;\n    justify-content: center;\n    align-items: center;\n}"
  }
 ,"Security":{
    "Authentication":"Page Requires Authentication"
   ,"Deep Linking":"Application Default"
   ,"Page Access Protection":"Arguments Must Have Checksum"
   ,"Form Auto Complete":"Off"
   ,"Browser Cache":"Application Default"
  }
 ,"Session Management":{
    "Rejoin Sessions":"Application Default"
  }
 ,"Advanced":{
    "Enable duplicate page submissions":"Yes - Enable page to be re-posted"
   ,"Reload on Submit":"Only for Success"
  }
 ,"Server Cache":{
    "Caching":"Disabled"
  }
 ,"Regions":[
    {
      "id":"33838606200335159666"
     ,"Identification":{
        "Title":"Wizard Progress"
       ,"Type":"List"
      }
     ,"Source":{
        "List":"Edit Product (33838191074647159655)"
      }
     ,"Layout":{
        "Sequence":10
       ,"Parent Region":"No Parent"
       ,"Position":"REGION_POSITION_01"
       ,"Start New Layout":false
       ,"Start New Row":true
       ,"Column":"Automatic"
       ,"New Column":true
       ,"Column Span":"Automatic"
      }
     ,"Appearance":{
        "Template":"Blank with Attributes (19471542261328504234)"
       ,"Template Options":[
          "#DEFAULT#"
        ]
       ,"Render Components":"Above Content"
      }
     ,"Accessibility":{
        "Use Landmark":true
       ,"Landmark Type":"Template Default"
      }
     ,"Advanced":{
        "Region Display Selector":false
       ,"Exclude Title from Translation":false
      }
     ,"Server Cache":{
        "Caching":"Disabled"
      }
     ,"Customization":{
        "Customizable":"Not Customizable By End Users"
      }
     ,"Attributes":{
        "Appearance":{
          "List Template":"Wizard Progress (19471877875421504302)"
        }
      }
    }
   ,{
      "id":"33838606334618159666"
     ,"Identification":{
        "Title":"Edit Product Images"
       ,"Type":"Cards"
      }
     ,"Source":{
        "Location":"Local Database"
       ,"Type":"Table \/ View"
       ,"Table Owner":"Parsing Schema"
       ,"Table Name":"PRODUCT_IMAGES"
       ,"Include ROWID Column":false
       ,"Where Clause":"product_id = :P63_PRODUCT_ID"
       ,"Page Items to Submit":[
          "P63_PRODUCT_ID"
        ]
      }
     ,"Order By":{
        "Type":"None"
      }
     ,"Layout":{
        "Sequence":20
       ,"Parent Region":"No Parent"
       ,"Position":"BODY"
       ,"Start New Layout":false
       ,"Start New Row":true
       ,"Column":"Automatic"
       ,"New Column":true
       ,"Column Span":"Automatic"
      }
     ,"Appearance":{
        "Template":"Cards Container (19471549395551504237)"
       ,"Template Options":[
          "#DEFAULT#"
        ]
       ,"Render Components":"Above Content"
      }
     ,"Accessibility":{
        "Use Landmark":true
       ,"Landmark Type":"Template Default"
      }
     ,"Advanced":{
        "Region Display Selector":false
       ,"Exclude Title from Translation":false
      }
     ,"Server Cache":{
        "Caching":"Disabled"
      }
     ,"Customization":{
        "Customizable":"Not Customizable By End Users"
      }
     ,"Attributes":{
        "id":"33825345778748128828"
       ,"Appearance":{
          "Layout":"Grid"
         ,"Grid Columns":"Auto"
         ,"CSS Classes":[
            "image-card-container"
          ]
        }
       ,"Card":{
          "CSS Classes":[
            "image-card"
          ]
         ,"Primary Key Column 1":"IMAGE_ID"
        }
       ,"Title":{
          "Advanced Formatting":false
        }
       ,"Subtitle":{
          "Advanced Formatting":false
        }
       ,"Body":{
          "Advanced Formatting":false
        }
       ,"Secondary Body":{
          "Advanced Formatting":false
        }
       ,"Icon and Badge":{
          "Icon Source":"No Icon"
        }
       ,"Media":{
          "Advanced Formatting":false
         ,"Source":"BLOB Column"
         ,"BLOB Column":"IMAGE"
         ,"Position":"First"
         ,"Appearance":"Widescreen"
         ,"Sizing":"Fit"
         ,"CSS Classes":[
            "prod-img"
          ]
         ,"Image Description":"\u0026IMAGE_FILENAME."
        }
       ,"Performance":{
          "Lazy Loading":false
        }
       ,"Pagination":{
          "Type":"Scroll"
         ,"Show Total Count":false
        }
       ,"Actions":[
          {
            "id":"33825345848320128829"
           ,"Identification":{
              "Type":"Button"
             ,"Label":"Delete Image"
            }
           ,"Layout":{
              "Position":"Primary"
             ,"Sequence":10
            }
           ,"Link":{
              "Type":"Redirect to URL"
             ,"Target":"javascript:void(null)"
             ,"Link Attributes":"data-id=\u0026IMAGE_ID."
            }
           ,"Appearance":{
              "Display Type":"Text with Icon"
             ,"Icon":"fa-remove"
             ,"Hot":true
             ,"CSS Classes":[
                "delete-img"
              ]
            }
          }
        ]
      }
    }
   ,{
      "id":"33838606405617159666"
     ,"Identification":{
        "Title":"Buttons"
       ,"Type":"Static Content"
      }
     ,"Layout":{
        "Sequence":10
       ,"Parent Region":"No Parent"
       ,"Position":"REGION_POSITION_03"
       ,"Start New Layout":false
       ,"Start New Row":true
       ,"Column":"Automatic"
       ,"New Column":true
       ,"Column Span":"Automatic"
      }
     ,"Appearance":{
        "Template":"Buttons Container (19471545059842504235)"
       ,"Template Options":[
          "#DEFAULT#"
        ]
       ,"Render Components":"Above Content"
      }
     ,"Accessibility":{
        "Use Landmark":true
       ,"Landmark Type":"Template Default"
      }
     ,"Advanced":{
        "Region Display Selector":false
       ,"Exclude Title from Translation":false
      }
     ,"Server Cache":{
        "Caching":"Disabled"
      }
     ,"Customization":{
        "Customizable":"Not Customizable By End Users"
      }
     ,"Attributes":{
        "Settings":{
          "Output As":"HTML"
         ,"Expand Shortcuts":false
        }
      }
    }
  ]
 ,"Page Items":[
    {
      "id":"33825345669992128827"
     ,"Identification":{
        "Name":"P63_PRODUCT_ID"
       ,"Type":"Hidden"
      }
     ,"Settings":{
        "Value Protected":true
      }
     ,"Layout":{
        "Sequence":10
       ,"Region":"No Parent"
       ,"Position":"BODY"
      }
     ,"Advanced":{
        "Warn on Unsaved Changes":"Page Default"
      }
     ,"Source":{
        "Type":"Null"
       ,"Used":"Only when current value in session state is null"
      }
     ,"Session State":{
        "Data Type":"VARCHAR2"
       ,"Storage":"Per Session (Persistent)"
      }
     ,"Security":{
        "Session State Protection":"Unrestricted"
       ,"Store value encrypted in session state":true
       ,"Restricted Characters":"All characters can be saved."
      }
    }
   ,{
      "id":"33825345969246128830"
     ,"Identification":{
        "Name":"P63_IMAGE_TO_DELETE"
       ,"Type":"Hidden"
      }
     ,"Settings":{
        "Value Protected":false
      }
     ,"Layout":{
        "Sequence":10
       ,"Region":"Edit Product Images (33838606334618159666)"
       ,"Position":"BODY"
      }
     ,"Advanced":{
        "Warn on Unsaved Changes":"Page Default"
      }
     ,"Source":{
        "Type":"Null"
       ,"Used":"Only when current value in session state is null"
      }
     ,"Session State":{
        "Data Type":"VARCHAR2"
       ,"Storage":"Per Session (Persistent)"
      }
     ,"Security":{
        "Session State Protection":"Unrestricted"
       ,"Store value encrypted in session state":true
       ,"Restricted Characters":"All characters can be saved."
      }
    }
  ]
 ,"Buttons":[
    {
      "id":"33838607919079159667"
     ,"Identification":{
        "Button Name":"CANCEL"
       ,"Label":"Cancel"
      }
     ,"Layout":{
        "Sequence":10
       ,"Region":"Buttons (33838606405617159666)"
       ,"Position":"CLOSE"
       ,"Start New Layout":false
       ,"Start New Row":true
       ,"Column":"Automatic"
       ,"New Column":true
       ,"Column Span":"Automatic"
      }
     ,"Appearance":{
        "Button Template":"Text (19471882000429504304)"
       ,"Hot":false
       ,"Template Options":[
          "#DEFAULT#"
        ]
      }
     ,"Behavior":{
        "Action":"Defined by Dynamic Action"
       ,"Execute Validations":true
      }
    }
   ,{
      "id":"33838608088846159667"
     ,"Identification":{
        "Button Name":"FINISH"
       ,"Label":"Finish Updating Product"
      }
     ,"Layout":{
        "Sequence":40
       ,"Region":"Buttons (33838606405617159666)"
       ,"Position":"NEXT"
       ,"Start New Layout":false
       ,"Start New Row":true
       ,"Column":"Automatic"
       ,"New Column":true
       ,"Column Span":"Automatic"
      }
     ,"Appearance":{
        "Button Template":"Text (19471882000429504304)"
       ,"Hot":true
       ,"Template Options":[
          "#DEFAULT#"
        ]
      }
     ,"Behavior":{
        "Action":"Submit Page"
       ,"Execute Validations":true
       ,"Warn on Unsaved Changes":"Do Not Check"
      }
    }
   ,{
      "id":"33838608127894159667"
     ,"Identification":{
        "Button Name":"PREVIOUS"
       ,"Label":"Previous"
      }
     ,"Layout":{
        "Sequence":20
       ,"Region":"Buttons (33838606405617159666)"
       ,"Position":"PREVIOUS"
       ,"Start New Layout":false
       ,"Start New Row":true
       ,"Column":"Automatic"
       ,"New Column":true
       ,"Column Span":"Automatic"
      }
     ,"Appearance":{
        "Button Template":"Icon (19471881378436504304)"
       ,"Hot":false
       ,"Template Options":[
          "#DEFAULT#"
        ]
       ,"Icon":"fa-chevron-left"
      }
     ,"Behavior":{
        "Action":"Submit Page"
       ,"Execute Validations":false
       ,"Warn on Unsaved Changes":"Do Not Check"
      }
    }
  ]
 ,"Dynamic Actions":[
    {
      "id":"33825346706224128838"
     ,"Identification":{
        "Name":"Delete Image"
      }
     ,"Execution":{
        "Sequence":20
      }
     ,"When":{
        "Event":"EVENT.EVENT.BROWSER.CLICK"
       ,"Selection Type":"jQuery Selector"
       ,"jQuery Selector":".delete-img"
      }
     ,"Execution":{
        "Event Scope":"Dynamic"
       ,"Type":"Immediate"
      }
     ,"Actions":[
        {
          "id":"33825346894372128839"
         ,"Identification":{
            "Action":"Set Value"
          }
         ,"Settings":{
            "Set Type":"JavaScript Expression"
           ,"JavaScript Expression":"$(this.triggeringElement).data(\u0027id\u0027);"
           ,"Suppress Change Event":false
          }
         ,"Affected Elements":{
            "Selection Type":"Item(s)"
           ,"Item(s)":[
              "P63_IMAGE_TO_DELETE"
            ]
          }
         ,"Execution":{
            "Sequence":20
           ,"Event":"Delete Image (33825346706224128838)"
           ,"Fire When Event Result Is":"True"
           ,"Fire on Initialization":true
           ,"Stop Execution On Error":true
           ,"Wait For Result":true
          }
        }
       ,{
          "id":"33825346982477128840"
         ,"Identification":{
            "Action":"Confirm"
          }
         ,"Settings":{
            "Title":"Delete Image"
           ,"Message":"Are you sure you want to delete the image? This action is irreversible !!"
           ,"Style":"Danger"
           ,"Icon":"fa-remove"
           ,"Confirm Label":"Delete Image"
           ,"Cancel Label":"Cancel"
          }
         ,"Execution":{
            "Sequence":10
           ,"Event":"Delete Image (33825346706224128838)"
           ,"Fire When Event Result Is":"True"
           ,"Fire on Initialization":false
          }
        }
       ,{
          "id":"33825347016979128841"
         ,"Identification":{
            "Action":"Execute Server-side Code"
          }
         ,"Settings":{
            "Language":"PE.PROPERTY.SOURCE_SNIPPET_LANG.LOV.PLSQL.D"
           ,"PL\/SQL Code":"delete from product_images\nwhere image_id = :P63_IMAGE_TO_DELETE;"
           ,"Items to Submit":[
              "P63_IMAGE_TO_DELETE"
            ]
          }
         ,"Execution":{
            "Sequence":30
           ,"Event":"Delete Image (33825346706224128838)"
           ,"Fire When Event Result Is":"True"
           ,"Fire on Initialization":false
           ,"Stop Execution On Error":true
           ,"Wait For Result":true
          }
        }
       ,{
          "id":"33825347150991128842"
         ,"Identification":{
            "Action":"Refresh"
          }
         ,"Affected Elements":{
            "Selection Type":"Region"
           ,"Region":"Edit Product Images (33838606334618159666)"
          }
         ,"Execution":{
            "Sequence":40
           ,"Event":"Delete Image (33825346706224128838)"
           ,"Fire When Event Result Is":"True"
           ,"Fire on Initialization":false
          }
        }
      ]
    }
   ,{
      "id":"33838608319053159667"
     ,"Identification":{
        "Name":"Cancel Dialog"
      }
     ,"Execution":{
        "Sequence":10
      }
     ,"When":{
        "Event":"EVENT.EVENT.BROWSER.CLICK"
       ,"Selection Type":"Button"
       ,"Button":"CANCEL (33838607919079159667)"
      }
     ,"Execution":{
        "Event Scope":"Static"
       ,"Type":"Immediate"
      }
     ,"Actions":[
        {
          "id":"33838609140733159667"
         ,"Identification":{
            "Action":"Cancel Dialog"
          }
         ,"Execution":{
            "Sequence":10
           ,"Event":"Cancel Dialog (33838608319053159667)"
           ,"Fire When Event Result Is":"True"
           ,"Fire on Initialization":false
          }
        }
      ]
    }
  ]
 ,"Processes":[
    {
      "id":"33838610673496159668"
     ,"Identification":{
        "Name":"Close Dialog"
       ,"Type":"Close Dialog"
       ,"Execution Chain":"None"
      }
     ,"Execution":{
        "Sequence":10
       ,"Point":"Processing"
       ,"Run Process":"Once Per Page Visit (default)"
      }
     ,"Error":{
        "Display Location":"Inline in Notification"
      }
    }
  ]
 ,"Branches":[
    {
      "id":"33838609812824159668"
     ,"Identification":{
        "Name":"Go To Page 62"
      }
     ,"Execution":{
        "Sequence":10
       ,"Point":"Validating"
      }
     ,"Behavior":{
        "Type":"Page or URL (Redirect)"
       ,"Target":{
          "url":"f?p=\u0026APP_ID.:62:\u0026APP_SESSION.::\u0026DEBUG.:::\u0026success_msg=#SUCCESS_MSG#"
         ,"Page":"62"
        }
      }
     ,"Server-side Condition":{
        "When Button Pressed":"PREVIOUS (33838608127894159667)"
      }
    }
  ]
}
