{
  "id":"23"
 ,"Identification":{
    "Name":"Search Result"
   ,"Alias":"SEARCH-RESULT"
   ,"Title":"Search Result"
  }
 ,"Appearance":{
    "Page Mode":"Normal"
   ,"Page Template":"Theme Default"
   ,"Template Options":[
      "#DEFAULT#"
    ]
  }
 ,"Navigation Menu":{
    "Override User Interface Level":false
  }
 ,"Navigation":{
    "Cursor Focus":"Do not focus cursor"
   ,"Warn on Unsaved Changes":true
  }
 ,"CSS":{
    "File URLs":[
      "#APP_FILES#Styling\/main_style#MIN#.css"
    ]
   ,"Inline":".page-header {\n    font-family: var(--secondary-header-font);\n    color: var(--fouth-color);\n    margin-left: 10px;\n}\n\n.t-Region-title {\n    background-color: var(--second-color);\n    border-radius: 10px;\n    padding: 10px;\n}\n\n"
  }
 ,"Security":{
    "Authentication":"Page Requires Authentication"
   ,"Deep Linking":"Application Default"
   ,"Page Access Protection":"Arguments Must Have Checksum"
   ,"Form Auto Complete":"Off"
   ,"Browser Cache":"Application Default"
  }
 ,"Session Management":{
    "Rejoin Sessions":"Application Default"
  }
 ,"Advanced":{
    "Enable duplicate page submissions":"Yes - Enable page to be re-posted"
   ,"Reload on Submit":"Only for Success"
  }
 ,"Server Cache":{
    "Caching":"Disabled"
  }
 ,"Regions":[
    {
      "id":"42374008307524189330"
     ,"Identification":{
        "Title":"Available Stores"
       ,"Type":"Static Content"
      }
     ,"Layout":{
        "Sequence":50
       ,"Parent Region":"No Parent"
       ,"Position":"BODY"
       ,"Start New Layout":false
       ,"Start New Row":true
       ,"Column":"Automatic"
       ,"New Column":true
       ,"Column Span":"Automatic"
      }
     ,"Appearance":{
        "Template":"Standard (19471808805460504264)"
       ,"Template Options":[
          "#DEFAULT#"
         ,"t-Region--textContent"
         ,"t-Region--scrollBody"
         ,"margin-top-md"
        ]
       ,"Render Components":"Above Content"
      }
     ,"Accessibility":{
        "Use Landmark":true
       ,"Landmark Type":"Template Default"
      }
     ,"Advanced":{
        "Region Display Selector":false
       ,"Exclude Title from Translation":false
      }
     ,"Server Cache":{
        "Caching":"Disabled"
      }
     ,"Customization":{
        "Customizable":"Not Customizable By End Users"
      }
     ,"Attributes":{
        "Settings":{
          "Output As":"HTML"
         ,"Expand Shortcuts":false
        }
      }
    }
   ,{
      "id":"42374008520372189332"
     ,"Identification":{
        "Title":"Available Products"
       ,"Type":"Static Content"
      }
     ,"Layout":{
        "Sequence":40
       ,"Parent Region":"No Parent"
       ,"Position":"BODY"
       ,"Start New Layout":false
       ,"Start New Row":true
       ,"Column":"Automatic"
       ,"New Column":true
       ,"Column Span":"Automatic"
      }
     ,"Appearance":{
        "Template":"Standard (19471808805460504264)"
       ,"Template Options":[
          "#DEFAULT#"
         ,"t-Region--textContent"
         ,"t-Region--scrollBody"
        ]
       ,"Render Components":"Above Content"
      }
     ,"Accessibility":{
        "Use Landmark":true
       ,"Landmark Type":"Template Default"
      }
     ,"Advanced":{
        "Region Display Selector":false
       ,"Exclude Title from Translation":false
      }
     ,"Server Cache":{
        "Caching":"Disabled"
      }
     ,"Customization":{
        "Customizable":"Not Customizable By End Users"
      }
     ,"Attributes":{
        "Settings":{
          "Output As":"HTML"
         ,"Expand Shortcuts":false
        }
      }
    }
   ,{
      "id":"42374008660287189333"
     ,"Identification":{
        "Title":"Liste of Stores"
       ,"Type":"Cards"
      }
     ,"Source":{
        "Location":"Local Database"
       ,"Type":"Table \/ View"
       ,"Table Owner":"Parsing Schema"
       ,"Table Name":"STORES"
       ,"Include ROWID Column":false
       ,"Where Clause":"lower(store_name) like \u0027%\u0027 || lower(:P23_SEARCH_CRITERIA) || \u0027%\u0027 OR lower(store_description) like \u0027%\u0027 || lower(:P23_SEARCH_CRITERIA) || \u0027%\u0027"
       ,"Page Items to Submit":[
          "P23_SEARCH_CRITERIA"
        ]
      }
     ,"Order By":{
        "Type":"None"
      }
     ,"Layout":{
        "Sequence":10
       ,"Parent Region":"Available Stores (42374008307524189330)"
       ,"Position":"SUB_REGIONS"
       ,"Start New Layout":false
       ,"Start New Row":true
       ,"Column":"Automatic"
       ,"New Column":true
       ,"Column Span":"Automatic"
      }
     ,"Appearance":{
        "Template":"Cards Container (19471549395551504237)"
       ,"Template Options":[
          "#DEFAULT#"
        ]
       ,"Render Components":"Above Content"
      }
     ,"Accessibility":{
        "Use Landmark":true
       ,"Landmark Type":"Template Default"
      }
     ,"Advanced":{
        "Region Display Selector":false
       ,"Exclude Title from Translation":false
      }
     ,"Server Cache":{
        "Caching":"Disabled"
      }
     ,"Customization":{
        "Customizable":"Not Customizable By End Users"
      }
     ,"Attributes":{
        "id":"42374008763253189334"
       ,"Appearance":{
          "Layout":"Grid"
         ,"Grid Columns":"Auto"
        }
       ,"Card":{
          "Primary Key Column 1":"STORE_ID"
        }
       ,"Title":{
          "Advanced Formatting":false
         ,"Column":"STORE_NAME"
        }
       ,"Subtitle":{
          "Advanced Formatting":false
         ,"Column":"STORE_DESCRIPTION"
        }
       ,"Body":{
          "Advanced Formatting":false
        }
       ,"Secondary Body":{
          "Advanced Formatting":false
        }
       ,"Icon and Badge":{
          "Icon Source":"No Icon"
        }
       ,"Media":{
          "Advanced Formatting":false
         ,"Source":"BLOB Column"
         ,"BLOB Column":"LOGO"
         ,"Position":"Body"
         ,"Appearance":"Auto"
         ,"Sizing":"Fit"
        }
       ,"Performance":{
          "Lazy Loading":false
        }
       ,"Pagination":{
          "Type":"Scroll"
         ,"Show Total Count":false
        }
       ,"Messages":{
          "When No Data Found":"No Stores Matching Your Search !"
        }
       ,"Actions":[
          {
            "id":"42887192124411190801"
           ,"Identification":{
              "Type":"Full Card"
            }
           ,"Layout":{
              "Sequence":10
            }
           ,"Link":{
              "Type":"Redirect to Page in this Application"
             ,"Target":{
                "url":"f?p=\u0026APP_ID.:5:\u0026SESSION.::\u0026DEBUG.:5:P5_STORE_ID,P5_STORE_OWNER_ID:\u0026STORE_ID.,\u0026CUSTOMER_ID."
               ,"Page":"5"
               ,"Clear Cache":"5"
               ,"Values":{
                  "P5_STORE_ID":"\u0026STORE_ID."
                 ,"P5_STORE_OWNER_ID":"\u0026CUSTOMER_ID."
                }
              }
            }
          }
        ]
      }
    }
   ,{
      "id":"42374008933468189336"
     ,"Identification":{
        "Title":"List Of products"
       ,"Type":"Cards"
      }
     ,"Source":{
        "Location":"Local Database"
       ,"Type":"SQL Query"
       ,"SQL Query":"SELECT\n    product_id,\n    product_name,\n    unit_price,\n    category_id,\n    store_id,\n    store_name,\n    store_owner,\n    discount,\n    new_price,\n    created_at,\n    image\nFROM (\n    SELECT\n        p.product_id,\n        p.product_name,\n        p.unit_price,\n        p.category_id,\n        p.store_id,\n        s.store_name,\n        s.customer_id AS store_owner,\n        p.discount,\n        NEW_PRICE(p.product_id) AS new_price,\n        p.created_at,\n        pi.image,\n        ROW_NUMBER() OVER (PARTITION BY p.product_id ORDER BY p.created_at DESC) AS rn\n    FROM\n        product p\n        JOIN (\n            SELECT\n                image_id,\n                product_id,\n                image,\n                ROW_NUMBER() OVER (PARTITION BY product_id ORDER BY image_id) AS rn\n            FROM\n                product_images\n        ) pi ON p.product_id = pi.product_id AND pi.rn = 1\n        JOIN stores s ON p.store_id = s.store_id\n        LEFT JOIN variant_stock vs ON p.product_id = vs.product_id\n    WHERE\n        (lower(product_name) LIKE \u0027%\u0027 || lower(:P23_SEARCH_CRITERIA) || \u0027%\u0027 \n        OR lower(product_description) LIKE \u0027%\u0027 || lower(:P23_SEARCH_CRITERIA) || \u0027%\u0027\n        OR lower(variant_1) LIKE \u0027%\u0027 || lower(:P23_SEARCH_CRITERIA) || \u0027%\u0027\n        OR lower(variant_2) LIKE \u0027%\u0027 || lower(:P23_SEARCH_CRITERIA) || \u0027%\u0027\n        OR lower(variant_3) LIKE \u0027%\u0027 || lower(:P23_SEARCH_CRITERIA) || \u0027%\u0027)\n)\nWHERE rn = 1\nORDER BY created_at DESC;\n"
       ,"Page Items to Submit":[
          "P23_SEARCH_CRITERIA"
        ]
      }
     ,"Layout":{
        "Sequence":10
       ,"Parent Region":"Available Products (42374008520372189332)"
       ,"Position":"SUB_REGIONS"
       ,"Start New Layout":false
       ,"Start New Row":true
       ,"Column":"Automatic"
       ,"New Column":true
       ,"Column Span":"Automatic"
      }
     ,"Appearance":{
        "Template":"Cards Container (19471549395551504237)"
       ,"Template Options":[
          "#DEFAULT#"
         ,"t-CardsRegion--styleB"
        ]
       ,"Render Components":"Above Content"
      }
     ,"Accessibility":{
        "Use Landmark":true
       ,"Landmark Type":"Template Default"
      }
     ,"Advanced":{
        "Region Display Selector":false
       ,"Exclude Title from Translation":false
      }
     ,"Server Cache":{
        "Caching":"Disabled"
      }
     ,"Customization":{
        "Customizable":"Not Customizable By End Users"
      }
     ,"Attributes":{
        "id":"42374009039204189337"
       ,"Appearance":{
          "Layout":"Grid"
         ,"Grid Columns":"5 Columns"
        }
       ,"Card":{
          "CSS Classes":[
            "card"
          ]
         ,"Primary Key Column 1":"PRODUCT_ID"
        }
       ,"Title":{
          "Advanced Formatting":false
         ,"Column":"PRODUCT_NAME"
        }
       ,"Subtitle":{
          "Advanced Formatting":true
         ,"HTML Expression":"{case DISCOUNT\/}\n{when 0\/}\n\u003Cb\u003E\u0026NEW_PRICE. TN\u003C\/b\u003E\n{otherwise\/}\n\u0026DISCOUNT.% \u0026emsp;\n\u003Cb\u003E\u0026NEW_PRICE. TN \u003C\/b\u003E\u0026emsp;\n\u003Cs\u003E \u0026UNIT_PRICE. TN\u003C\/s\u003E\n\n\n{endcase\/}"
        }
       ,"Body":{
          "Advanced Formatting":false
        }
       ,"Secondary Body":{
          "Advanced Formatting":false
        }
       ,"Icon and Badge":{
          "Icon Source":"No Icon"
        }
       ,"Media":{
          "Advanced Formatting":false
         ,"Source":"BLOB Column"
         ,"BLOB Column":"IMAGE"
         ,"Position":"First"
         ,"Appearance":"Square"
         ,"Sizing":"Fit"
        }
       ,"Performance":{
          "Lazy Loading":false
        }
       ,"Pagination":{
          "Type":"Scroll"
         ,"Show Total Count":false
        }
       ,"Messages":{
          "When No Data Found":"No Products Matching Your Search !"
        }
       ,"Actions":[
          {
            "id":"42374010337060189350"
           ,"Identification":{
              "Type":"Full Card"
            }
           ,"Layout":{
              "Sequence":10
            }
           ,"Link":{
              "Type":"Redirect to Page in this Application"
             ,"Target":{
                "url":"f?p=\u0026APP_ID.:18:\u0026SESSION.::\u0026DEBUG.:18:P18_PRODUCT_ID:\u0026PRODUCT_ID."
               ,"Page":"18"
               ,"Clear Cache":"18"
               ,"Values":{
                  "P18_PRODUCT_ID":"\u0026PRODUCT_ID."
                }
              }
            }
          }
         ,{
            "id":"42887192222091190802"
           ,"Identification":{
              "Type":"Button"
             ,"Label":"Store : \u0026STORE_NAME."
            }
           ,"Layout":{
              "Position":"Primary"
             ,"Sequence":20
            }
           ,"Link":{
              "Type":"Redirect to Page in this Application"
             ,"Target":{
                "url":"f?p=\u0026APP_ID.:5:\u0026SESSION.::\u0026DEBUG.:5:P5_STORE_ID,P5_STORE_OWNER_ID:\u0026STORE_ID.,\u0026STORE_OWNER."
               ,"Page":"5"
               ,"Clear Cache":"5"
               ,"Values":{
                  "P5_STORE_ID":"\u0026STORE_ID."
                 ,"P5_STORE_OWNER_ID":"\u0026STORE_OWNER."
                }
              }
            }
           ,"Appearance":{
              "Display Type":"Text"
             ,"Hot":false
             ,"CSS Classes":[
                "to_store"
              ]
            }
          }
         ,{
            "id":"42887192371234190803"
           ,"Identification":{
              "Type":"Button"
             ,"Label":"add to wishlist"
            }
           ,"Layout":{
              "Position":"Primary"
             ,"Sequence":30
            }
           ,"Link":{
              "Type":"Redirect to URL"
             ,"Target":"javascript:void(null)"
            }
           ,"Appearance":{
              "Display Type":"Icon"
             ,"Icon":"fa-heart"
             ,"Hot":false
             ,"CSS Classes":[
                "heart"
              ]
            }
          }
         ,{
            "id":"42887192485893190804"
           ,"Identification":{
              "Type":"Button"
             ,"Label":"Add To Cart"
            }
           ,"Layout":{
              "Position":"Primary"
             ,"Sequence":40
            }
           ,"Link":{
              "Type":"Redirect to URL"
             ,"Target":"javascript:void(null)"
            }
           ,"Appearance":{
              "Display Type":"Text"
             ,"Hot":true
            }
          }
        ]
      }
    }
   ,{
      "id":"42374009782621189344"
     ,"Identification":{
        "Title":"Page Header"
       ,"Type":"Static Content"
      }
     ,"Source":{
        "HTML Code":"\u003Ch3 class=\"page-header\"\u003E Search Results For :  \u003Cspan\u003E\u0026P23_SEARCH_CRITERIA. \u003C\/span\u003E \u003C\/h3\u003E"
      }
     ,"Layout":{
        "Sequence":30
       ,"Parent Region":"No Parent"
       ,"Position":"BODY"
       ,"Start New Layout":false
       ,"Start New Row":true
       ,"Column":"Automatic"
       ,"New Column":true
       ,"Column Span":"Automatic"
      }
     ,"Appearance":{
        "Template":"Title Bar (19471821290996504270)"
       ,"Template Options":[
          "#DEFAULT#"
         ,"t-BreadcrumbRegion--useBreadcrumbTitle"
        ]
       ,"Render Components":"Above Content"
      }
     ,"Accessibility":{
        "Use Landmark":true
       ,"Landmark Type":"Template Default"
      }
     ,"Advanced":{
        "Region Display Selector":false
       ,"Exclude Title from Translation":false
      }
     ,"Server Cache":{
        "Caching":"Disabled"
      }
     ,"Customization":{
        "Customizable":"Not Customizable By End Users"
      }
     ,"Attributes":{
        "Settings":{
          "Output As":"HTML"
         ,"Expand Shortcuts":false
        }
      }
    }
   ,{
      "id":"42374009929241189346"
     ,"Identification":{
        "Title":"Available Categories"
       ,"Type":"Static Content"
      }
     ,"Layout":{
        "Sequence":60
       ,"Parent Region":"No Parent"
       ,"Position":"BODY"
       ,"Start New Layout":false
       ,"Start New Row":true
       ,"Column":"Automatic"
       ,"New Column":true
       ,"Column Span":"Automatic"
      }
     ,"Appearance":{
        "Template":"Standard (19471808805460504264)"
       ,"Template Options":[
          "#DEFAULT#"
         ,"t-Region--textContent"
         ,"t-Region--scrollBody"
         ,"margin-top-md"
        ]
       ,"Render Components":"Above Content"
      }
     ,"Accessibility":{
        "Use Landmark":true
       ,"Landmark Type":"Template Default"
      }
     ,"Advanced":{
        "Region Display Selector":false
       ,"Exclude Title from Translation":false
      }
     ,"Server Cache":{
        "Caching":"Disabled"
      }
     ,"Customization":{
        "Customizable":"Not Customizable By End Users"
      }
     ,"Attributes":{
        "Settings":{
          "Output As":"HTML"
         ,"Expand Shortcuts":false
        }
      }
    }
   ,{
      "id":"42374010045134189347"
     ,"Identification":{
        "Title":"Categories List"
       ,"Type":"Cards"
      }
     ,"Source":{
        "Location":"Local Database"
       ,"Type":"Table \/ View"
       ,"Table Owner":"Parsing Schema"
       ,"Table Name":"CATEGORIES"
       ,"Include ROWID Column":false
       ,"Where Clause":"lower(category_name) like \u0027%\u0027 || lower(:P23_SEARCH_CRITERIA) || \u0027%\u0027"
      }
     ,"Order By":{
        "Type":"None"
      }
     ,"Layout":{
        "Sequence":10
       ,"Parent Region":"Available Categories (42374009929241189346)"
       ,"Position":"SUB_REGIONS"
       ,"Start New Layout":false
       ,"Start New Row":true
       ,"Column":"Automatic"
       ,"New Column":true
       ,"Column Span":"Automatic"
      }
     ,"Appearance":{
        "Template":"Cards Container (19471549395551504237)"
       ,"Template Options":[
          "#DEFAULT#"
        ]
       ,"Render Components":"Above Content"
      }
     ,"Accessibility":{
        "Use Landmark":true
       ,"Landmark Type":"Template Default"
      }
     ,"Advanced":{
        "Region Display Selector":false
       ,"Exclude Title from Translation":false
      }
     ,"Server Cache":{
        "Caching":"Disabled"
      }
     ,"Customization":{
        "Customizable":"Not Customizable By End Users"
      }
     ,"Attributes":{
        "id":"42374010153915189348"
       ,"Appearance":{
          "Layout":"Grid"
         ,"Grid Columns":"Auto"
        }
       ,"Title":{
          "Advanced Formatting":false
         ,"Column":"CATEGORY_NAME"
        }
       ,"Subtitle":{
          "Advanced Formatting":false
        }
       ,"Body":{
          "Advanced Formatting":false
        }
       ,"Secondary Body":{
          "Advanced Formatting":false
        }
       ,"Icon and Badge":{
          "Icon Source":"No Icon"
        }
       ,"Media":{
          "Advanced Formatting":false
         ,"Source":"No Media"
        }
       ,"Performance":{
          "Lazy Loading":false
        }
       ,"Pagination":{
          "Type":"Scroll"
         ,"Show Total Count":false
        }
       ,"Messages":{
          "When No Data Found":"No Categories Matching Your Search !"
        }
       ,"Actions":[
          {
            "id":"42374010211880189349"
           ,"Identification":{
              "Type":"Full Card"
            }
           ,"Layout":{
              "Sequence":10
            }
           ,"Link":{
              "Type":"Redirect to Page in this Application"
             ,"Target":{
                "url":"f?p=\u0026APP_ID.:2:\u0026SESSION.::\u0026DEBUG.:2:P2_CATEG_ID:\u0026CATEGORY_ID."
               ,"Page":"2"
               ,"Clear Cache":"2"
               ,"Values":{
                  "P2_CATEG_ID":"\u0026CATEGORY_ID."
                }
              }
            }
          }
        ]
      }
    }
  ]
 ,"Page Items":[
    {
      "id":"42374007816071189325"
     ,"Identification":{
        "Name":"P23_SEARCH_CRITERIA"
       ,"Type":"Hidden"
      }
     ,"Settings":{
        "Value Protected":true
      }
     ,"Layout":{
        "Sequence":20
       ,"Region":"No Parent"
       ,"Position":"BODY"
      }
     ,"Advanced":{
        "Warn on Unsaved Changes":"Page Default"
      }
     ,"Source":{
        "Type":"Null"
       ,"Used":"Only when current value in session state is null"
      }
     ,"Session State":{
        "Data Type":"VARCHAR2"
       ,"Storage":"Per Session (Persistent)"
      }
     ,"Security":{
        "Session State Protection":"Unrestricted"
       ,"Store value encrypted in session state":true
       ,"Restricted Characters":"All characters can be saved."
      }
    }
  ]
}
