{
  "id":"61"
 ,"Identification":{
    "Name":"Edit Product Variants"
   ,"Alias":"EDIT-PRODUCT-VARIANTS1"
   ,"Title":"Edit Product Variants"
  }
 ,"Appearance":{
    "Page Mode":"Modal Dialog"
   ,"Dialog Template":"Wizard Modal Dialog (19471535469231504230)"
   ,"Template Options":[
      "#DEFAULT#"
    ]
  }
 ,"Dialog":{
    "Width":"1200"
   ,"Chained":true
  }
 ,"Navigation Menu":{
    "Override User Interface Level":false
  }
 ,"Navigation":{
    "Cursor Focus":"Do not focus cursor"
   ,"Warn on Unsaved Changes":true
  }
 ,"JavaScript":{
    "File URLs":[
      "#APP_FILES#scripts\/main#MIN#.js"
    ]
  }
 ,"CSS":{
    "File URLs":[
      "#APP_FILES#Styling\/main_style#MIN#.css"
    ]
   ,"Inline":"[data-action=\"selection-add-row\"] {\n  \/* Your styles for elements with data-action=\"selection-add-row\" here *\/\n    background-color: var(--fouth-color) !important;\n    color: var(--second-color);\n}\n\n.a-GV-hdr  {\n    font-family: var(--secondary-header-font);\n    text-align: center;\n}\n\n.a-GV-cell {\n    font-family: var(--regular-text-font);\n    text-align: center;\n}\n\n.del {\n    color: var(--danger-color);\n}\n\n.update {\n    color: var(--fouth-color);\n}"
  }
 ,"Security":{
    "Authentication":"Page Requires Authentication"
   ,"Deep Linking":"Application Default"
   ,"Page Access Protection":"Arguments Must Have Checksum"
   ,"Form Auto Complete":"Off"
   ,"Browser Cache":"Application Default"
  }
 ,"Session Management":{
    "Rejoin Sessions":"Application Default"
  }
 ,"Advanced":{
    "Enable duplicate page submissions":"Yes - Enable page to be re-posted"
   ,"Reload on Submit":"Only for Success"
  }
 ,"Server Cache":{
    "Caching":"Disabled"
  }
 ,"Regions":[
    {
      "id":"33838196258324159659"
     ,"Identification":{
        "Title":"Wizard Progress"
       ,"Type":"List"
      }
     ,"Source":{
        "List":"Edit Product (33838191074647159655)"
      }
     ,"Layout":{
        "Sequence":10
       ,"Parent Region":"No Parent"
       ,"Position":"REGION_POSITION_01"
       ,"Start New Layout":false
       ,"Start New Row":true
       ,"Column":"Automatic"
       ,"New Column":true
       ,"Column Span":"Automatic"
      }
     ,"Appearance":{
        "Template":"Blank with Attributes (19471542261328504234)"
       ,"Template Options":[
          "#DEFAULT#"
        ]
       ,"Render Components":"Above Content"
      }
     ,"Accessibility":{
        "Use Landmark":true
       ,"Landmark Type":"Template Default"
      }
     ,"Advanced":{
        "Region Display Selector":false
       ,"Exclude Title from Translation":false
      }
     ,"Server Cache":{
        "Caching":"Disabled"
      }
     ,"Customization":{
        "Customizable":"Not Customizable By End Users"
      }
     ,"Attributes":{
        "Appearance":{
          "List Template":"Wizard Progress (19471877875421504302)"
        }
      }
    }
   ,{
      "id":"33838196400795159659"
     ,"Identification":{
        "Title":"Buttons"
       ,"Type":"Static Content"
      }
     ,"Layout":{
        "Sequence":10
       ,"Parent Region":"No Parent"
       ,"Position":"REGION_POSITION_03"
       ,"Start New Layout":false
       ,"Start New Row":true
       ,"Column":"Automatic"
       ,"New Column":true
       ,"Column Span":"Automatic"
      }
     ,"Appearance":{
        "Template":"Buttons Container (19471545059842504235)"
       ,"Template Options":[
          "#DEFAULT#"
        ]
       ,"Render Components":"Above Content"
      }
     ,"Accessibility":{
        "Use Landmark":true
       ,"Landmark Type":"Template Default"
      }
     ,"Advanced":{
        "Region Display Selector":false
       ,"Exclude Title from Translation":false
      }
     ,"Server Cache":{
        "Caching":"Disabled"
      }
     ,"Customization":{
        "Customizable":"Not Customizable By End Users"
      }
     ,"Attributes":{
        "Settings":{
          "Output As":"HTML"
         ,"Expand Shortcuts":false
        }
      }
    }
   ,{
      "id":"53018741534941035617"
     ,"Identification":{
        "Title":"Action Region"
       ,"Type":"Static Content"
      }
     ,"Layout":{
        "Sequence":60
       ,"Parent Region":"No Parent"
       ,"Position":"BODY"
       ,"Start New Layout":false
       ,"Start New Row":true
       ,"Column":"Automatic"
       ,"New Column":true
       ,"Column Span":"Automatic"
      }
     ,"Appearance":{
        "Template":"Standard (19471808805460504264)"
       ,"Template Options":[
          "#DEFAULT#"
         ,"t-Region--removeHeader js-removeLandmark"
         ,"t-Region--stacked"
         ,"t-Region--scrollBody"
         ,"margin-top-lg"
        ]
       ,"Render Components":"Above Content"
      }
     ,"Accessibility":{
        "Use Landmark":true
       ,"Landmark Type":"Template Default"
      }
     ,"Advanced":{
        "Region Display Selector":false
       ,"Exclude Title from Translation":false
      }
     ,"Server Cache":{
        "Caching":"Disabled"
      }
     ,"Customization":{
        "Customizable":"Not Customizable By End Users"
      }
     ,"Attributes":{
        "Settings":{
          "Output As":"HTML"
         ,"Expand Shortcuts":false
        }
      }
    }
   ,{
      "id":"53018741703648035619"
     ,"Identification":{
        "Title":"Add Variant Popup"
       ,"Type":"Static Content"
      }
     ,"Layout":{
        "Sequence":80
       ,"Parent Region":"No Parent"
       ,"Position":"BODY"
       ,"Start New Layout":false
       ,"Start New Row":true
       ,"Column":"Automatic"
       ,"New Column":true
       ,"Column Span":"Automatic"
      }
     ,"Appearance":{
        "Template":"Inline Popup (19471593662015504257)"
       ,"Template Options":[
          "#DEFAULT#"
         ,"js-dialog-autoheight"
         ,"js-popup-noOverlay"
         ,"js-dialog-size600x400"
         ,"js-popup-pos-before"
        ]
       ,"Render Components":"Above Content"
      }
     ,"Accessibility":{
        "Use Landmark":true
       ,"Landmark Type":"Template Default"
      }
     ,"Advanced":{
        "Region Display Selector":false
       ,"Exclude Title from Translation":false
      }
     ,"Server Cache":{
        "Caching":"Disabled"
      }
     ,"Customization":{
        "Customizable":"Not Customizable By End Users"
      }
     ,"Attributes":{
        "Settings":{
          "Output As":"HTML"
         ,"Expand Shortcuts":false
        }
      }
    }
   ,{
      "id":"65941917896310107616"
     ,"Identification":{
        "Title":"Product Variant List"
       ,"Type":"Classic Report"
      }
     ,"Source":{
        "Location":"Local Database"
       ,"Type":"SQL Query"
       ,"SQL Query":"SELECT \n        stock_id,\n        product_id,\n        variant_1,\n        variant_2,\n        variant_3,\n        stock_quantity,\n        \u0027Update\u0027,\n        \u0027Delete\u0027\n    FROM\n        variant_stock\n    WHERE\n        product_id = :P61_PRODUCT_ID;"
       ,"Page Items to Submit":[
          "P61_PRODUCT_ID"
         ,"P61_VARIANT_1_NAME"
         ,"P61_VARIANT_2_NAME"
         ,"P61_VARIANT_3_NAME"
        ]
      }
     ,"Layout":{
        "Sequence":70
       ,"Parent Region":"No Parent"
       ,"Position":"BODY"
       ,"Start New Layout":false
       ,"Start New Row":true
       ,"Column":"Automatic"
       ,"New Column":true
       ,"Column Span":"Automatic"
       ,"Column CSS Classes":[
          "variant-grid"
        ]
      }
     ,"Appearance":{
        "Template":"Interactive Report (19471599035745504259)"
       ,"Template Options":[
          "#DEFAULT#"
         ,"t-IRR-region--noBorders"
         ,"t-Form--xlarge"
         ,"margin-top-lg"
        ]
       ,"Render Components":"Above Content"
      }
     ,"Accessibility":{
        "Use Landmark":true
       ,"Landmark Type":"Template Default"
      }
     ,"Advanced":{
        "Region Display Selector":false
       ,"Exclude Title from Translation":false
      }
     ,"Server Cache":{
        "Caching":"Disabled"
      }
     ,"Customization":{
        "Customizable":"Not Customizable By End Users"
      }
     ,"Attributes":{
        "Layout":{
          "Number of Rows Type":"Static Value"
         ,"Number of Rows":15
        }
       ,"Appearance":{
          "Template Type":"Theme"
         ,"Template":"Standard (19471847069031504283)"
         ,"Template Options":[
            "#DEFAULT#"
           ,"t-Report--stretch"
           ,"t-Report--altRowsDefault"
           ,"t-Report--rowHighlight"
           ,"t-Report--inline"
           ,"t-Report--hideNoPagination"
          ]
        }
       ,"Pagination":{
          "Type":"Row Ranges X to Y (with next and previous links)"
         ,"Display Position":"Bottom - Right"
         ,"Partial Page Refresh":true
        }
       ,"Performance":{
          "Lazy Loading":false
        }
       ,"Break Formatting":{
          "Break Columns":"No Break"
        }
       ,"Advanced":{
          "Strip HTML":false
         ,"Sort Nulls":"Last"
        }
       ,"Heading":{
          "Type":"Custom Headings"
        }
       ,"Download":{
          "CSV Export Enabled":false
        }
       ,"Printing":{
          "Enabled":false
        }
      }
     ,"Columns":[
        {
          "id":"53026785499099675906"
         ,"Identification":{
            "Column Name":"STOCK_ID"
           ,"Type":"Hidden Column"
          }
         ,"Layout":{
            "Sequence":10
          }
         ,"UI Defaults Reference":{
            "Table Owner":"Parsing Schema"
          }
         ,"Security":{
            "Escape special characters":true
          }
        }
       ,{
          "id":"53026785585244675907"
         ,"Identification":{
            "Column Name":"PRODUCT_ID"
           ,"Type":"Hidden Column"
          }
         ,"Layout":{
            "Sequence":20
          }
         ,"UI Defaults Reference":{
            "Table Owner":"Parsing Schema"
          }
         ,"Security":{
            "Escape special characters":true
          }
        }
       ,{
          "id":"53026785657217675908"
         ,"Identification":{
            "Column Name":"VARIANT_1"
           ,"Type":"Plain Text"
          }
         ,"Heading":{
            "Heading":"\u0026P61_VARIANT_1_NAME."
           ,"Alignment":"start"
          }
         ,"Layout":{
            "Sequence":30
           ,"Column Alignment":"start"
          }
         ,"Accessibility":{
            "Value Identifies Row":false
          }
         ,"Sorting":{
            "Sortable":true
          }
         ,"Export \/ Printing":{
            "Include In Export \/ Print":true
          }
         ,"Advanced":{
            "Compute Sum":false
          }
         ,"UI Defaults Reference":{
            "Table Owner":"Parsing Schema"
          }
         ,"Security":{
            "Escape special characters":true
          }
        }
       ,{
          "id":"53026785792738675909"
         ,"Identification":{
            "Column Name":"VARIANT_2"
           ,"Type":"Plain Text"
          }
         ,"Heading":{
            "Heading":"\u0026P61_VARIANT_2_NAME."
           ,"Alignment":"start"
          }
         ,"Layout":{
            "Sequence":40
           ,"Column Alignment":"start"
          }
         ,"Accessibility":{
            "Value Identifies Row":false
          }
         ,"Sorting":{
            "Sortable":true
          }
         ,"Export \/ Printing":{
            "Include In Export \/ Print":true
          }
         ,"Advanced":{
            "Compute Sum":false
          }
         ,"UI Defaults Reference":{
            "Table Owner":"Parsing Schema"
          }
         ,"Security":{
            "Escape special characters":true
          }
        }
       ,{
          "id":"53026785826978675910"
         ,"Identification":{
            "Column Name":"VARIANT_3"
           ,"Type":"Plain Text"
          }
         ,"Heading":{
            "Heading":"\u0026P61_VARIANT_3_NAME."
           ,"Alignment":"start"
          }
         ,"Layout":{
            "Sequence":50
           ,"Column Alignment":"start"
          }
         ,"Accessibility":{
            "Value Identifies Row":false
          }
         ,"Sorting":{
            "Sortable":true
          }
         ,"Export \/ Printing":{
            "Include In Export \/ Print":true
          }
         ,"Advanced":{
            "Compute Sum":false
          }
         ,"UI Defaults Reference":{
            "Table Owner":"Parsing Schema"
          }
         ,"Security":{
            "Escape special characters":true
          }
        }
       ,{
          "id":"53026785932950675911"
         ,"Identification":{
            "Column Name":"STOCK_QUANTITY"
           ,"Type":"Plain Text"
          }
         ,"Heading":{
            "Heading":"Stock Quantity"
           ,"Alignment":"end"
          }
         ,"Layout":{
            "Sequence":60
           ,"Column Alignment":"center"
          }
         ,"Accessibility":{
            "Value Identifies Row":false
          }
         ,"Sorting":{
            "Sortable":true
          }
         ,"Export \/ Printing":{
            "Include In Export \/ Print":true
          }
         ,"Advanced":{
            "Compute Sum":false
          }
         ,"UI Defaults Reference":{
            "Table Owner":"Parsing Schema"
          }
         ,"Security":{
            "Escape special characters":true
          }
        }
       ,{
          "id":"53026786022476675912"
         ,"Identification":{
            "Column Name":"\u0027UPDATE\u0027"
           ,"Type":"Link"
          }
         ,"Heading":{
            "Heading":"Update Variant"
           ,"Alignment":"start"
          }
         ,"Layout":{
            "Sequence":70
           ,"Column Alignment":"start"
          }
         ,"Accessibility":{
            "Value Identifies Row":false
          }
         ,"Link":{
            "Target":"javascript:void(null)"
           ,"Link Text":"\u003Cspan class=\"fa fa-pencil-square update\" aria-hidden=\"true\"\u003E\u003C\/span\u003E"
           ,"Link Attributes":"data-id=#STOCK_ID# data-var1=#VARIANT_1# data-var2=#VARIANT_2# data-var3=#VARIANT_3# data-qty=#STOCK_QUANTITY#"
          }
         ,"Sorting":{
            "Sortable":true
          }
         ,"Export \/ Printing":{
            "Include In Export \/ Print":true
          }
         ,"Advanced":{
            "Compute Sum":false
          }
         ,"UI Defaults Reference":{
            "Table Owner":"Parsing Schema"
          }
         ,"Security":{
            "Escape special characters":true
          }
        }
       ,{
          "id":"53026786183966675913"
         ,"Identification":{
            "Column Name":"\u0027DELETE\u0027"
           ,"Type":"Link"
          }
         ,"Heading":{
            "Heading":"Delete Variant"
           ,"Alignment":"start"
          }
         ,"Layout":{
            "Sequence":80
           ,"Column Alignment":"start"
          }
         ,"Accessibility":{
            "Value Identifies Row":false
          }
         ,"Link":{
            "Target":"javascript:void(null)"
           ,"Link Text":"\u003Cspan aria-hidden=\"true\" class=\"fa fa-trash del\"\u003E\u003C\/span\u003E"
           ,"Link Attributes":"data-id=#STOCK_ID#"
          }
         ,"Sorting":{
            "Sortable":true
          }
         ,"Export \/ Printing":{
            "Include In Export \/ Print":true
          }
         ,"Advanced":{
            "Compute Sum":false
          }
         ,"UI Defaults Reference":{
            "Table Owner":"Parsing Schema"
          }
         ,"Security":{
            "Escape special characters":true
          }
        }
      ]
    }
   ,{
      "id":"95173617164715882828"
     ,"Identification":{
        "Title":"variant_2"
       ,"Type":"Static Content"
      }
     ,"Layout":{
        "Sequence":60
       ,"Parent Region":"Create New Variant (111696873787203873553)"
       ,"Position":"BODY"
       ,"Start New Layout":false
       ,"Start New Row":false
       ,"Column":"Automatic"
       ,"New Column":true
       ,"Column Span":"4"
      }
     ,"Appearance":{
        "Template":"Standard (19471808805460504264)"
       ,"Template Options":[
          "#DEFAULT#"
         ,"t-Region--removeHeader js-removeLandmark"
         ,"t-Region--textContent"
         ,"t-Region--hiddenOverflow"
         ,"margin-top-none"
        ]
       ,"Render Components":"Above Content"
      }
     ,"Accessibility":{
        "Use Landmark":true
       ,"Landmark Type":"Template Default"
      }
     ,"Advanced":{
        "Region Display Selector":false
       ,"Exclude Title from Translation":false
      }
     ,"Server Cache":{
        "Caching":"Disabled"
      }
     ,"Customization":{
        "Customizable":"Not Customizable By End Users"
      }
     ,"Attributes":{
        "Settings":{
          "Output As":"HTML"
         ,"Expand Shortcuts":false
        }
      }
    }
   ,{
      "id":"95173617330573882829"
     ,"Identification":{
        "Title":"variant_3"
       ,"Type":"Static Content"
      }
     ,"Layout":{
        "Sequence":70
       ,"Parent Region":"Create New Variant (111696873787203873553)"
       ,"Position":"BODY"
       ,"Start New Layout":false
       ,"Start New Row":false
       ,"Column":"Automatic"
       ,"New Column":true
       ,"Column Span":"4"
      }
     ,"Appearance":{
        "Template":"Standard (19471808805460504264)"
       ,"Template Options":[
          "#DEFAULT#"
         ,"t-Region--removeHeader js-removeLandmark"
         ,"t-Region--textContent"
         ,"t-Region--scrollBody"
         ,"margin-top-none"
        ]
       ,"Render Components":"Above Content"
      }
     ,"Accessibility":{
        "Use Landmark":true
       ,"Landmark Type":"Template Default"
      }
     ,"Advanced":{
        "Region Display Selector":false
       ,"Exclude Title from Translation":false
      }
     ,"Server Cache":{
        "Caching":"Disabled"
      }
     ,"Customization":{
        "Customizable":"Not Customizable By End Users"
      }
     ,"Attributes":{
        "Settings":{
          "Output As":"HTML"
         ,"Expand Shortcuts":false
        }
      }
    }
   ,{
      "id":"111696873787203873553"
     ,"Identification":{
        "Title":"Create New Variant"
       ,"Type":"Static Content"
      }
     ,"Layout":{
        "Sequence":90
       ,"Parent Region":"Add Variant Popup (53018741703648035619)"
       ,"Position":"BODY"
       ,"Start New Layout":false
       ,"Start New Row":true
       ,"Column":"Automatic"
       ,"New Column":true
       ,"Column Span":"Automatic"
      }
     ,"Appearance":{
        "Template":"Standard (19471808805460504264)"
       ,"Template Options":[
          "#DEFAULT#"
         ,"t-Region--noUI"
         ,"t-Region--scrollBody"
        ]
       ,"CSS Classes":[
          "create-variant-form"
        ]
       ,"Render Components":"Above Content"
      }
     ,"Accessibility":{
        "Use Landmark":true
       ,"Landmark Type":"Template Default"
      }
     ,"Advanced":{
        "Region Display Selector":false
       ,"Exclude Title from Translation":false
      }
     ,"Server Cache":{
        "Caching":"Disabled"
      }
     ,"Customization":{
        "Customizable":"Not Customizable By End Users"
      }
     ,"Attributes":{
        "Settings":{
          "Output As":"HTML"
         ,"Expand Shortcuts":false
        }
      }
    }
   ,{
      "id":"137545043623639177651"
     ,"Identification":{
        "Title":"variant_1"
       ,"Type":"Static Content"
      }
     ,"Layout":{
        "Sequence":50
       ,"Parent Region":"Create New Variant (111696873787203873553)"
       ,"Position":"BODY"
       ,"Start New Layout":false
       ,"Start New Row":true
       ,"Column":"Automatic"
       ,"New Column":true
       ,"Column Span":"4"
      }
     ,"Appearance":{
        "Template":"Standard (19471808805460504264)"
       ,"Template Options":[
          "#DEFAULT#"
         ,"t-Region--removeHeader js-removeLandmark"
         ,"t-Region--textContent"
         ,"t-Region--hiddenOverflow"
         ,"margin-top-none"
        ]
       ,"Render Components":"Above Content"
      }
     ,"Accessibility":{
        "Use Landmark":true
       ,"Landmark Type":"Template Default"
      }
     ,"Advanced":{
        "Region Display Selector":false
       ,"Exclude Title from Translation":false
      }
     ,"Server Cache":{
        "Caching":"Disabled"
      }
     ,"Customization":{
        "Customizable":"Not Customizable By End Users"
      }
     ,"Attributes":{
        "Settings":{
          "Output As":"HTML"
         ,"Expand Shortcuts":false
        }
      }
    }
  ]
 ,"Page Items":[
    {
      "id":"33825344975533128820"
     ,"Identification":{
        "Name":"P61_PRODUCT_ID"
       ,"Type":"Hidden"
      }
     ,"Settings":{
        "Value Protected":true
      }
     ,"Layout":{
        "Sequence":10
       ,"Region":"No Parent"
       ,"Position":"BODY"
      }
     ,"Advanced":{
        "Warn on Unsaved Changes":"Page Default"
      }
     ,"Source":{
        "Type":"Null"
       ,"Used":"Only when current value in session state is null"
      }
     ,"Session State":{
        "Data Type":"VARCHAR2"
       ,"Storage":"Per Request (Memory Only)"
      }
     ,"Security":{
        "Session State Protection":"Unrestricted"
       ,"Store value encrypted in session state":true
       ,"Restricted Characters":"All characters can be saved."
      }
    }
   ,{
      "id":"33825345033696128821"
     ,"Identification":{
        "Name":"P61_VARIANT_1_NAME"
       ,"Type":"Hidden"
      }
     ,"Settings":{
        "Value Protected":false
      }
     ,"Layout":{
        "Sequence":20
       ,"Region":"No Parent"
       ,"Position":"BODY"
      }
     ,"Advanced":{
        "Warn on Unsaved Changes":"Page Default"
      }
     ,"Source":{
        "Type":"Null"
       ,"Used":"Only when current value in session state is null"
      }
     ,"Session State":{
        "Data Type":"VARCHAR2"
       ,"Storage":"Per Session (Persistent)"
      }
     ,"Security":{
        "Session State Protection":"Unrestricted"
       ,"Store value encrypted in session state":true
       ,"Restricted Characters":"All characters can be saved."
      }
    }
   ,{
      "id":"33825345170161128822"
     ,"Identification":{
        "Name":"P61_VARIANT_2_NAME"
       ,"Type":"Hidden"
      }
     ,"Settings":{
        "Value Protected":false
      }
     ,"Layout":{
        "Sequence":30
       ,"Region":"No Parent"
       ,"Position":"BODY"
      }
     ,"Advanced":{
        "Warn on Unsaved Changes":"Page Default"
      }
     ,"Source":{
        "Type":"Null"
       ,"Used":"Only when current value in session state is null"
      }
     ,"Session State":{
        "Data Type":"VARCHAR2"
       ,"Storage":"Per Session (Persistent)"
      }
     ,"Security":{
        "Session State Protection":"Unrestricted"
       ,"Store value encrypted in session state":true
       ,"Restricted Characters":"All characters can be saved."
      }
    }
   ,{
      "id":"33825345227776128823"
     ,"Identification":{
        "Name":"P61_VARIANT_3_NAME"
       ,"Type":"Hidden"
      }
     ,"Settings":{
        "Value Protected":false
      }
     ,"Layout":{
        "Sequence":40
       ,"Region":"No Parent"
       ,"Position":"BODY"
      }
     ,"Advanced":{
        "Warn on Unsaved Changes":"Page Default"
      }
     ,"Source":{
        "Type":"Null"
       ,"Used":"Only when current value in session state is null"
      }
     ,"Session State":{
        "Data Type":"VARCHAR2"
       ,"Storage":"Per Session (Persistent)"
      }
     ,"Security":{
        "Session State Protection":"Unrestricted"
       ,"Store value encrypted in session state":true
       ,"Restricted Characters":"All characters can be saved."
      }
    }
   ,{
      "id":"53026789252068675944"
     ,"Identification":{
        "Name":"P61_STOCK_QUANTITY"
       ,"Type":"Text Field"
      }
     ,"Label":{
        "Label":"Stock Quantity"
       ,"Alignment":"Left"
      }
     ,"Settings":{
        "Subtype":"Text"
       ,"Trim Spaces":"Leading and Trailing"
       ,"Text Case":"NO CHANGE"
       ,"Submit when Enter pressed":false
       ,"Disabled":false
      }
     ,"Layout":{
        "Sequence":80
       ,"Region":"Create New Variant (111696873787203873553)"
       ,"Position":"BODY"
       ,"Alignment":"Left"
       ,"Start New Layout":false
       ,"Start New Row":true
       ,"Column":"Automatic"
       ,"New Column":true
       ,"Column Span":"Automatic"
       ,"Label Column Span":"Page Template Default"
      }
     ,"Appearance":{
        "Template":"Required - Above (19471880312432504303)"
       ,"Template Options":[
          "#DEFAULT#"
         ,"t-Form-fieldContainer--stretchInputs"
        ]
       ,"Width":30
      }
     ,"Validation":{
        "Value Required":false
      }
     ,"Advanced":{
        "Warn on Unsaved Changes":"Page Default"
      }
     ,"Source":{
        "Type":"Null"
       ,"Used":"Only when current value in session state is null"
      }
     ,"Session State":{
        "Storage":"Per Session (Persistent)"
      }
     ,"Quick Picks":{
        "Show Quick Picks":false
      }
     ,"Security":{
        "Session State Protection":"Unrestricted"
       ,"Store value encrypted in session state":true
       ,"Restricted Characters":"All characters can be saved."
      }
    }
   ,{
      "id":"65941924173735107646"
     ,"Identification":{
        "Name":"P61_VARIANT_TO_MODIFY"
       ,"Type":"Hidden"
      }
     ,"Settings":{
        "Value Protected":false
      }
     ,"Layout":{
        "Sequence":10
       ,"Region":"Product Variant List (65941917896310107616)"
       ,"Position":"BODY"
      }
     ,"Advanced":{
        "Warn on Unsaved Changes":"Page Default"
      }
     ,"Source":{
        "Type":"Null"
       ,"Used":"Only when current value in session state is null"
      }
     ,"Session State":{
        "Data Type":"VARCHAR2"
       ,"Storage":"Per Session (Persistent)"
      }
     ,"Security":{
        "Session State Protection":"Unrestricted"
       ,"Store value encrypted in session state":true
       ,"Restricted Characters":"All characters can be saved."
      }
    }
   ,{
      "id":"95394108056136367289"
     ,"Identification":{
        "Name":"P61_VARIANT_2"
       ,"Type":"Text Field"
      }
     ,"Label":{
        "Label":"\u0026P61_VARIANT_2_NAME."
       ,"Alignment":"Left"
      }
     ,"Settings":{
        "Subtype":"Text"
       ,"Trim Spaces":"Leading and Trailing"
       ,"Text Case":"NO CHANGE"
       ,"Submit when Enter pressed":false
       ,"Disabled":false
      }
     ,"Layout":{
        "Sequence":10
       ,"Region":"variant_2 (95173617164715882828)"
       ,"Position":"BODY"
       ,"Alignment":"Left"
       ,"Start New Layout":false
       ,"Start New Row":true
       ,"Column":"Automatic"
       ,"New Column":true
       ,"Column Span":"Automatic"
       ,"Label Column Span":"Page Template Default"
      }
     ,"Appearance":{
        "Template":"Required - Above (19471880312432504303)"
       ,"Template Options":[
          "#DEFAULT#"
        ]
       ,"Width":30
      }
     ,"Validation":{
        "Value Required":false
      }
     ,"Advanced":{
        "Warn on Unsaved Changes":"Page Default"
      }
     ,"Source":{
        "Type":"Null"
       ,"Used":"Only when current value in session state is null"
      }
     ,"Session State":{
        "Storage":"Per Request (Memory Only)"
      }
     ,"Quick Picks":{
        "Show Quick Picks":false
      }
     ,"Security":{
        "Session State Protection":"Unrestricted"
       ,"Store value encrypted in session state":true
       ,"Restricted Characters":"All characters can be saved."
      }
    }
   ,{
      "id":"95394109544639367294"
     ,"Identification":{
        "Name":"P61_VARIANT_3"
       ,"Type":"Text Field"
      }
     ,"Label":{
        "Label":"\u0026P61_VARIANT_3_NAME."
       ,"Alignment":"Left"
      }
     ,"Settings":{
        "Subtype":"Text"
       ,"Trim Spaces":"Leading and Trailing"
       ,"Text Case":"NO CHANGE"
       ,"Submit when Enter pressed":false
       ,"Disabled":false
      }
     ,"Layout":{
        "Sequence":10
       ,"Region":"variant_3 (95173617330573882829)"
       ,"Position":"BODY"
       ,"Alignment":"Left"
       ,"Start New Layout":false
       ,"Start New Row":true
       ,"Column":"Automatic"
       ,"New Column":true
       ,"Column Span":"Automatic"
       ,"Label Column Span":"Page Template Default"
      }
     ,"Appearance":{
        "Template":"Required - Above (19471880312432504303)"
       ,"Template Options":[
          "#DEFAULT#"
        ]
       ,"Width":30
      }
     ,"Validation":{
        "Value Required":false
      }
     ,"Advanced":{
        "Warn on Unsaved Changes":"Page Default"
      }
     ,"Source":{
        "Type":"Null"
       ,"Used":"Only when current value in session state is null"
      }
     ,"Session State":{
        "Storage":"Per Request (Memory Only)"
      }
     ,"Quick Picks":{
        "Show Quick Picks":false
      }
     ,"Security":{
        "Session State Protection":"Unrestricted"
       ,"Store value encrypted in session state":true
       ,"Restricted Characters":"All characters can be saved."
      }
    }
   ,{
      "id":"137545050265760177666"
     ,"Identification":{
        "Name":"P61_VARIANT_1"
       ,"Type":"Text Field"
      }
     ,"Label":{
        "Label":"\u0026P61_VARIANT_1_NAME."
       ,"Alignment":"Left"
      }
     ,"Settings":{
        "Subtype":"Text"
       ,"Trim Spaces":"Leading and Trailing"
       ,"Text Case":"NO CHANGE"
       ,"Submit when Enter pressed":false
       ,"Disabled":false
      }
     ,"Layout":{
        "Sequence":10
       ,"Region":"variant_1 (137545043623639177651)"
       ,"Position":"BODY"
       ,"Alignment":"Left"
       ,"Start New Layout":false
       ,"Start New Row":true
       ,"Column":"Automatic"
       ,"New Column":true
       ,"Column Span":"Automatic"
       ,"Label Column Span":"Page Template Default"
      }
     ,"Appearance":{
        "Template":"Required - Above (19471880312432504303)"
       ,"Template Options":[
          "#DEFAULT#"
        ]
       ,"Width":30
      }
     ,"Validation":{
        "Value Required":false
      }
     ,"Advanced":{
        "Warn on Unsaved Changes":"Page Default"
      }
     ,"Source":{
        "Type":"Null"
       ,"Used":"Only when current value in session state is null"
      }
     ,"Session State":{
        "Storage":"Per Request (Memory Only)"
      }
     ,"Quick Picks":{
        "Show Quick Picks":false
      }
     ,"Security":{
        "Session State Protection":"Unrestricted"
       ,"Store value encrypted in session state":true
       ,"Restricted Characters":"All characters can be saved."
      }
    }
  ]
 ,"Buttons":[
    {
      "id":"33838197907193159660"
     ,"Identification":{
        "Button Name":"CANCEL"
       ,"Label":"Cancel"
      }
     ,"Layout":{
        "Sequence":10
       ,"Region":"Buttons (33838196400795159659)"
       ,"Position":"CLOSE"
       ,"Start New Layout":false
       ,"Start New Row":true
       ,"Column":"Automatic"
       ,"New Column":true
       ,"Column Span":"Automatic"
      }
     ,"Appearance":{
        "Button Template":"Text (19471882000429504304)"
       ,"Hot":false
       ,"Template Options":[
          "#DEFAULT#"
        ]
      }
     ,"Behavior":{
        "Action":"Defined by Dynamic Action"
       ,"Execute Validations":true
      }
    }
   ,{
      "id":"33838198104572159660"
     ,"Identification":{
        "Button Name":"PREVIOUS"
       ,"Label":"Previous"
      }
     ,"Layout":{
        "Sequence":20
       ,"Region":"Buttons (33838196400795159659)"
       ,"Position":"PREVIOUS"
       ,"Start New Layout":false
       ,"Start New Row":true
       ,"Column":"Automatic"
       ,"New Column":true
       ,"Column Span":"Automatic"
      }
     ,"Appearance":{
        "Button Template":"Icon (19471881378436504304)"
       ,"Hot":false
       ,"Template Options":[
          "#DEFAULT#"
        ]
       ,"Icon":"fa-chevron-left"
      }
     ,"Behavior":{
        "Action":"Submit Page"
       ,"Execute Validations":false
       ,"Warn on Unsaved Changes":"Do Not Check"
      }
    }
   ,{
      "id":"33838198265526159660"
     ,"Identification":{
        "Button Name":"NEXT"
       ,"Label":"Add New Images"
      }
     ,"Layout":{
        "Sequence":30
       ,"Region":"Buttons (33838196400795159659)"
       ,"Position":"NEXT"
       ,"Start New Layout":false
       ,"Start New Row":true
       ,"Column":"Automatic"
       ,"New Column":true
       ,"Column Span":"Automatic"
      }
     ,"Appearance":{
        "Button Template":"Text with Icon (19471882117602504304)"
       ,"Hot":true
       ,"Template Options":[
          "t-Button--iconRight"
        ]
       ,"Icon":"fa-chevron-right"
      }
     ,"Behavior":{
        "Action":"Submit Page"
       ,"Execute Validations":true
       ,"Warn on Unsaved Changes":"Do Not Check"
      }
    }
   ,{
      "id":"53018741666907035618"
     ,"Identification":{
        "Button Name":"Add_New_Variants"
       ,"Label":"Add New Variants"
      }
     ,"Layout":{
        "Sequence":10
       ,"Region":"Action Region (53018741534941035617)"
       ,"Position":"BODY"
       ,"Start New Layout":false
       ,"Start New Row":true
       ,"Column":"Automatic"
       ,"New Column":true
       ,"Column Span":"Automatic"
       ,"Alignment":"Left center"
      }
     ,"Appearance":{
        "Button Template":"Text with Icon (19471882117602504304)"
       ,"Hot":true
       ,"Template Options":[
          "#DEFAULT#"
         ,"t-Button--large"
         ,"t-Button--iconRight"
         ,"t-Button--hoverIconPush"
         ,"t-Button--stretch"
        ]
       ,"Icon":"fa-table-plus"
      }
     ,"Behavior":{
        "Action":"Defined by Dynamic Action"
       ,"Execute Validations":true
      }
    }
   ,{
      "id":"53020099366673177983"
     ,"Identification":{
        "Button Name":"Add_Variant"
       ,"Label":"Add Variant"
      }
     ,"Layout":{
        "Sequence":90
       ,"Region":"Create New Variant (111696873787203873553)"
       ,"Position":"BODY"
       ,"Start New Layout":false
       ,"Start New Row":true
       ,"Column":"Automatic"
       ,"New Column":true
       ,"Column Span":"Automatic"
       ,"Alignment":"Left center"
      }
     ,"Appearance":{
        "Button Template":"Text (19471882000429504304)"
       ,"Hot":true
       ,"Template Options":[
          "#DEFAULT#"
         ,"t-Button--stretch"
         ,"t-Button--gapTop"
        ]
      }
     ,"Behavior":{
        "Action":"Defined by Dynamic Action"
       ,"Execute Validations":false
      }
    }
   ,{
      "id":"53026787985660675931"
     ,"Identification":{
        "Button Name":"Update_Variant"
       ,"Label":"Update Variant"
      }
     ,"Layout":{
        "Sequence":100
       ,"Region":"Create New Variant (111696873787203873553)"
       ,"Position":"BODY"
       ,"Start New Layout":false
       ,"Start New Row":true
       ,"Column":"Automatic"
       ,"New Column":true
       ,"Column Span":"Automatic"
       ,"Alignment":"Left center"
      }
     ,"Appearance":{
        "Button Template":"Text (19471882000429504304)"
       ,"Hot":true
       ,"Template Options":[
          "#DEFAULT#"
         ,"t-Button--stretch"
         ,"t-Button--gapTop"
        ]
      }
     ,"Behavior":{
        "Action":"Defined by Dynamic Action"
       ,"Execute Validations":false
      }
    }
  ]
 ,"Dynamic Actions":[
    {
      "id":"33838198340871159660"
     ,"Identification":{
        "Name":"Cancel Dialog"
      }
     ,"Execution":{
        "Sequence":10
      }
     ,"When":{
        "Event":"EVENT.EVENT.BROWSER.CLICK"
       ,"Selection Type":"Button"
       ,"Button":"CANCEL (33838197907193159660)"
      }
     ,"Execution":{
        "Event Scope":"Static"
       ,"Type":"Immediate"
      }
     ,"Actions":[
        {
          "id":"33838199111622159661"
         ,"Identification":{
            "Action":"Cancel Dialog"
          }
         ,"Execution":{
            "Sequence":10
           ,"Event":"Cancel Dialog (33838198340871159660)"
           ,"Fire When Event Result Is":"True"
           ,"Fire on Initialization":false
          }
        }
      ]
    }
   ,{
      "id":"33840085060149232192"
     ,"Identification":{
        "Name":"Delete Variant"
      }
     ,"Execution":{
        "Sequence":20
      }
     ,"When":{
        "Event":"EVENT.EVENT.BROWSER.CLICK"
       ,"Selection Type":"jQuery Selector"
       ,"jQuery Selector":".delete-variant"
      }
     ,"Execution":{
        "Event Scope":"Dynamic"
       ,"Type":"Immediate"
      }
     ,"Actions":[
        {
          "id":"33840085421535232192"
         ,"Identification":{
            "Action":"Set Value"
          }
         ,"Settings":{
            "Set Type":"JavaScript Expression"
           ,"JavaScript Expression":"$(this.triggeringElement).parent().data(\u0027id\u0027);"
           ,"Suppress Change Event":false
          }
         ,"Affected Elements":{
            "Selection Type":"Item(s)"
           ,"Item(s)":[
              "P61_VARIANT_TO_MODIFY"
            ]
          }
         ,"Execution":{
            "Sequence":20
           ,"Event":"Delete Variant (33840085060149232192)"
           ,"Fire When Event Result Is":"True"
           ,"Fire on Initialization":false
           ,"Stop Execution On Error":true
           ,"Wait For Result":true
          }
        }
       ,{
          "id":"33840085961143232193"
         ,"Identification":{
            "Action":"Confirm"
          }
         ,"Settings":{
            "Title":"Delete Variant "
           ,"Message":"Do You Want To Delete This Variant ?"
           ,"Style":"Danger"
           ,"Icon":"fa-trash"
           ,"Confirm Label":"Delete"
           ,"Cancel Label":"Cancel"
          }
         ,"Execution":{
            "Sequence":10
           ,"Event":"Delete Variant (33840085060149232192)"
           ,"Fire When Event Result Is":"True"
           ,"Fire on Initialization":false
          }
        }
       ,{
          "id":"33840086471852232193"
         ,"Identification":{
            "Action":"Refresh"
          }
         ,"Affected Elements":{
            "Selection Type":"Region"
           ,"Region":"Product Variant List (65941917896310107616)"
          }
         ,"Execution":{
            "Sequence":50
           ,"Event":"Delete Variant (33840085060149232192)"
           ,"Fire When Event Result Is":"True"
           ,"Fire on Initialization":false
          }
        }
       ,{
          "id":"33840086951387232193"
         ,"Identification":{
            "Action":"Execute Server-side Code"
          }
         ,"Settings":{
            "Language":"PE.PROPERTY.SOURCE_SNIPPET_LANG.LOV.PLSQL.D"
           ,"PL\/SQL Code":"delete from \n    variant_stock \nwhere \n    stock_id = to_number(:P61_VARIANT_TO_DELETE);\n"
           ,"Items to Submit":[
              "P61_VARIANT_TO_MODIFY"
            ]
          }
         ,"Execution":{
            "Sequence":30
           ,"Event":"Delete Variant (33840085060149232192)"
           ,"Fire When Event Result Is":"True"
           ,"Fire on Initialization":false
           ,"Stop Execution On Error":true
           ,"Wait For Result":true
          }
        }
       ,{
          "id":"33975088533299940901"
         ,"Identification":{
            "Action":"Execute JavaScript Code"
          }
         ,"Settings":{
            "Code":"console.log($v(\"P61_VARIANT_TO_DELETE\"))"
          }
         ,"Execution":{
            "Sequence":40
           ,"Event":"Delete Variant (33840085060149232192)"
           ,"Fire When Event Result Is":"True"
           ,"Fire on Initialization":false
          }
        }
      ]
    }
   ,{
      "id":"53018741826392035620"
     ,"Identification":{
        "Name":"Open New Variant Popup"
      }
     ,"Execution":{
        "Sequence":30
      }
     ,"When":{
        "Event":"EVENT.EVENT.BROWSER.CLICK"
       ,"Selection Type":"Button"
       ,"Button":"Add_New_Variants (53018741666907035618)"
      }
     ,"Execution":{
        "Event Scope":"Static"
       ,"Type":"Immediate"
      }
     ,"Actions":[
        {
          "id":"53018741910673035621"
         ,"Identification":{
            "Action":"Open Region"
          }
         ,"Affected Elements":{
            "Selection Type":"Region"
           ,"Region":"Add Variant Popup (53018741703648035619)"
          }
         ,"Execution":{
            "Sequence":40
           ,"Event":"Open New Variant Popup (53018741826392035620)"
           ,"Fire When Event Result Is":"True"
           ,"Fire on Initialization":false
          }
        }
       ,{
          "id":"53026788509028675937"
         ,"Identification":{
            "Action":"Hide"
          }
         ,"Affected Elements":{
            "Selection Type":"Button"
           ,"Button":"Update_Variant (53026787985660675931)"
          }
         ,"Execution":{
            "Sequence":20
           ,"Event":"Open New Variant Popup (53018741826392035620)"
           ,"Fire When Event Result Is":"True"
           ,"Fire on Initialization":true
          }
        }
       ,{
          "id":"53026788840261675940"
         ,"Identification":{
            "Action":"Show"
          }
         ,"Affected Elements":{
            "Selection Type":"Button"
           ,"Button":"Add_Variant (53020099366673177983)"
          }
         ,"Execution":{
            "Sequence":30
           ,"Event":"Open New Variant Popup (53018741826392035620)"
           ,"Fire When Event Result Is":"True"
           ,"Fire on Initialization":true
          }
        }
       ,{
          "id":"53026788927645675941"
         ,"Identification":{
            "Action":"Clear"
          }
         ,"Affected Elements":{
            "Selection Type":"Item(s)"
           ,"Item(s)":[
              "P61_VARIANT_1"
             ,"P61_VARIANT_2"
             ,"P61_VARIANT_3"
             ,"P61_STOCK_QUANTITY"
            ]
          }
         ,"Execution":{
            "Sequence":10
           ,"Event":"Open New Variant Popup (53018741826392035620)"
           ,"Fire When Event Result Is":"True"
           ,"Fire on Initialization":false
          }
        }
      ]
    }
   ,{
      "id":"53018742486425035626"
     ,"Identification":{
        "Name":"Add New Variant"
      }
     ,"Execution":{
        "Sequence":40
      }
     ,"When":{
        "Event":"EVENT.EVENT.BROWSER.CLICK"
       ,"Selection Type":"Button"
       ,"Button":"Add_Variant (53020099366673177983)"
      }
     ,"Execution":{
        "Event Scope":"Static"
       ,"Type":"Immediate"
      }
     ,"Actions":[
        {
          "id":"53018742571174035627"
         ,"Identification":{
            "Action":"Execute Server-side Code"
          }
         ,"Settings":{
            "Language":"PE.PROPERTY.SOURCE_SNIPPET_LANG.LOV.PLSQL.D"
           ,"PL\/SQL Code":"DECLARE\n    l_count number := 0;\nBEGIN\n    SELECT count(*)\n    INTO l_count\n    FROM variant_stock\n    WHERE product_id = :P61_PRODUCT_ID\n          AND variant_1 = :P61_VARIANT_1\n          AND variant_2 = :P61_VARIANT_2\n          AND variant_3 = :P61_VARIANT_3;\n\n    IF l_count \u003E 0 THEN\n        UPDATE \n            variant_stock \n        SET  \n            stock_quantity = stock_quantity + :P41_STOCK_QUANTITY \n        WHERE product_id = :P61_PRODUCT_ID\n            AND variant_1 = :P61_VARIANT_1\n            AND variant_2 = :P61_VARIANT_2\n            AND variant_3 = :P61_VARIANT_3;    \n            \n    ELSE\n        INSERT INTO variant_stock (product_id, variant_1, variant_2, variant_3, stock_quantity)\n        VALUES(\n            :P61_PRODUCT_ID,\n            :P61_VARIANT_1,\n            :P61_VARIANT_2,\n            :P61_VARIANT_3,\n            :P61_STOCK_QUANTITY\n        );\n    END IF;\nEND;"
           ,"Items to Submit":[
              "P61_PRODUCT_ID"
             ,"P61_VARIANT_1"
             ,"P61_VARIANT_2"
             ,"P61_VARIANT_3"
            ]
          }
         ,"Execution":{
            "Sequence":20
           ,"Event":"Add New Variant (53018742486425035626)"
           ,"Fire When Event Result Is":"True"
           ,"Fire on Initialization":false
           ,"Stop Execution On Error":true
           ,"Wait For Result":true
          }
        }
       ,{
          "id":"53018742642652035628"
         ,"Identification":{
            "Action":"Refresh"
          }
         ,"Affected Elements":{
            "Selection Type":"Region"
           ,"Region":"Product Variant List (65941917896310107616)"
          }
         ,"Execution":{
            "Sequence":30
           ,"Event":"Add New Variant (53018742486425035626)"
           ,"Fire When Event Result Is":"True"
           ,"Fire on Initialization":false
          }
        }
       ,{
          "id":"53018742794896035629"
         ,"Identification":{
            "Action":"Close Region"
          }
         ,"Affected Elements":{
            "Selection Type":"Region"
           ,"Region":"Add Variant Popup (53018741703648035619)"
          }
         ,"Execution":{
            "Sequence":40
           ,"Event":"Add New Variant (53018742486425035626)"
           ,"Fire When Event Result Is":"True"
           ,"Fire on Initialization":false
          }
        }
      ]
    }
   ,{
      "id":"53026786429363675916"
     ,"Identification":{
        "Name":"Remove Variant"
      }
     ,"Execution":{
        "Sequence":50
      }
     ,"When":{
        "Event":"EVENT.EVENT.BROWSER.CLICK"
       ,"Selection Type":"jQuery Selector"
       ,"jQuery Selector":".del"
      }
     ,"Execution":{
        "Event Scope":"Dynamic"
       ,"Type":"Immediate"
      }
     ,"Actions":[
        {
          "id":"53026786568641675917"
         ,"Identification":{
            "Action":"Confirm"
          }
         ,"Settings":{
            "Title":"Delete Product Variant "
           ,"Message":"Are you sure you want to delete this variant ? this action is irreversible !"
           ,"Style":"Warning"
           ,"Confirm Label":"Delete "
           ,"Cancel Label":"Cancel"
          }
         ,"Execution":{
            "Sequence":10
           ,"Event":"Remove Variant (53026786429363675916)"
           ,"Fire When Event Result Is":"True"
           ,"Fire on Initialization":false
          }
        }
       ,{
          "id":"53026786774950675919"
         ,"Identification":{
            "Action":"Set Value"
          }
         ,"Settings":{
            "Set Type":"JavaScript Expression"
           ,"JavaScript Expression":"$(this.triggeringElement).parent().data(\u0027id\u0027);"
           ,"Suppress Change Event":false
          }
         ,"Affected Elements":{
            "Selection Type":"Item(s)"
           ,"Item(s)":[
              "P61_VARIANT_TO_MODIFY"
            ]
          }
         ,"Execution":{
            "Sequence":20
           ,"Event":"Remove Variant (53026786429363675916)"
           ,"Fire When Event Result Is":"True"
           ,"Fire on Initialization":false
           ,"Stop Execution On Error":true
           ,"Wait For Result":true
          }
        }
       ,{
          "id":"53026786878185675920"
         ,"Identification":{
            "Action":"Execute Server-side Code"
          }
         ,"Settings":{
            "Language":"PE.PROPERTY.SOURCE_SNIPPET_LANG.LOV.PLSQL.D"
           ,"PL\/SQL Code":"DELETE FROM variant_stock\nWHERE stock_id = :P61_VARIANT_TO_DELETE;"
           ,"Items to Submit":[
              "P61_VARIANT_TO_MODIFY"
            ]
          }
         ,"Execution":{
            "Sequence":30
           ,"Event":"Remove Variant (53026786429363675916)"
           ,"Fire When Event Result Is":"True"
           ,"Fire on Initialization":false
           ,"Stop Execution On Error":true
           ,"Wait For Result":true
          }
        }
       ,{
          "id":"53026786905085675921"
         ,"Identification":{
            "Action":"Refresh"
          }
         ,"Affected Elements":{
            "Selection Type":"Region"
           ,"Region":"Product Variant List (65941917896310107616)"
          }
         ,"Execution":{
            "Sequence":40
           ,"Event":"Remove Variant (53026786429363675916)"
           ,"Fire When Event Result Is":"True"
           ,"Fire on Initialization":false
          }
        }
      ]
    }
   ,{
      "id":"53026787427459675926"
     ,"Identification":{
        "Name":"Update Variant"
      }
     ,"Execution":{
        "Sequence":60
      }
     ,"When":{
        "Event":"EVENT.EVENT.BROWSER.CLICK"
       ,"Selection Type":"jQuery Selector"
       ,"jQuery Selector":".update"
      }
     ,"Execution":{
        "Event Scope":"Dynamic"
       ,"Type":"Immediate"
      }
     ,"Actions":[
        {
          "id":"53026787533824675927"
         ,"Identification":{
            "Action":"Open Region"
          }
         ,"Affected Elements":{
            "Selection Type":"Region"
           ,"Region":"Add Variant Popup (53018741703648035619)"
          }
         ,"Execution":{
            "Sequence":40
           ,"Event":"Update Variant (53026787427459675926)"
           ,"Fire When Event Result Is":"True"
           ,"Fire on Initialization":false
          }
        }
       ,{
          "id":"53026787658235675928"
         ,"Identification":{
            "Action":"Execute JavaScript Code"
          }
         ,"Settings":{
            "Code":"$s(\"P61_VARIANT_TO_MODIFY\", $(this.triggeringElement).parent().data(\u0027id\u0027));\n$s(\"P61_VARIANT_1\", $(this.triggeringElement).parent().data(\u0027var1\u0027));\n$s(\"P61_VARIANT_2\", $(this.triggeringElement).parent().data(\u0027var2\u0027));\n$s(\"P61_VARIANT_3\", $(this.triggeringElement).parent().data(\u0027var3\u0027));\n$s(\"P61_STOCK_QUANTITY\", $(this.triggeringElement).parent().data(\u0027qty\u0027));"
          }
         ,"Execution":{
            "Sequence":30
           ,"Event":"Update Variant (53026787427459675926)"
           ,"Fire When Event Result Is":"True"
           ,"Fire on Initialization":false
          }
        }
       ,{
          "id":"53026788633598675938"
         ,"Identification":{
            "Action":"Hide"
          }
         ,"Affected Elements":{
            "Selection Type":"Button"
           ,"Button":"Add_Variant (53020099366673177983)"
          }
         ,"Execution":{
            "Sequence":10
           ,"Event":"Update Variant (53026787427459675926)"
           ,"Fire When Event Result Is":"True"
           ,"Fire on Initialization":true
          }
        }
       ,{
          "id":"53026788779424675939"
         ,"Identification":{
            "Action":"Show"
          }
         ,"Affected Elements":{
            "Selection Type":"Button"
           ,"Button":"Update_Variant (53026787985660675931)"
          }
         ,"Execution":{
            "Sequence":20
           ,"Event":"Update Variant (53026787427459675926)"
           ,"Fire When Event Result Is":"True"
           ,"Fire on Initialization":true
          }
        }
      ]
    }
   ,{
      "id":"53026789095237675942"
     ,"Identification":{
        "Name":"Upadte Existing Variant"
      }
     ,"Execution":{
        "Sequence":70
      }
     ,"When":{
        "Event":"EVENT.EVENT.BROWSER.CLICK"
       ,"Selection Type":"Button"
       ,"Button":"Update_Variant (53026787985660675931)"
      }
     ,"Execution":{
        "Event Scope":"Static"
       ,"Type":"Immediate"
      }
     ,"Actions":[
        {
          "id":"53026789156368675943"
         ,"Identification":{
            "Action":"Execute Server-side Code"
          }
         ,"Settings":{
            "Language":"PE.PROPERTY.SOURCE_SNIPPET_LANG.LOV.PLSQL.D"
           ,"PL\/SQL Code":"UPDATE variant_stock \nSET variant_1 = :P61_VARIANT_1, variant_2 = :P61_VARIANT_2, variant_3 = :P61_VARIANT_3, stock_quantity = :P61_STOCK_QUANTITY\nWHERE stock_id = :P61_VARIANT_TO_MODIFY;"
           ,"Items to Submit":[
              "P61_VARIANT_1"
             ,"P61_VARIANT_2"
             ,"P61_VARIANT_3"
             ,"P61_STOCK_QUANTITY"
             ,"P61_VARIANT_TO_MODIFY"
            ]
          }
         ,"Execution":{
            "Sequence":10
           ,"Event":"Upadte Existing Variant (53026789095237675942)"
           ,"Fire When Event Result Is":"True"
           ,"Fire on Initialization":false
           ,"Stop Execution On Error":true
           ,"Wait For Result":true
          }
        }
       ,{
          "id":"53026789305262675945"
         ,"Identification":{
            "Action":"Refresh"
          }
         ,"Affected Elements":{
            "Selection Type":"Region"
           ,"Region":"Product Variant List (65941917896310107616)"
          }
         ,"Execution":{
            "Sequence":20
           ,"Event":"Upadte Existing Variant (53026789095237675942)"
           ,"Fire When Event Result Is":"True"
           ,"Fire on Initialization":false
          }
        }
       ,{
          "id":"53026789485201675946"
         ,"Identification":{
            "Action":"Close Region"
          }
         ,"Affected Elements":{
            "Selection Type":"Region"
           ,"Region":"Add Variant Popup (53018741703648035619)"
          }
         ,"Execution":{
            "Sequence":30
           ,"Event":"Upadte Existing Variant (53026789095237675942)"
           ,"Fire When Event Result Is":"True"
           ,"Fire on Initialization":false
          }
        }
      ]
    }
  ]
 ,"Branches":[
    {
      "id":"33838199834570159661"
     ,"Identification":{
        "Name":"Go To Page 60"
      }
     ,"Execution":{
        "Sequence":10
       ,"Point":"Validating"
      }
     ,"Behavior":{
        "Type":"Page or URL (Redirect)"
       ,"Target":{
          "url":"f?p=\u0026APP_ID.:60:\u0026SESSION.::\u0026DEBUG.:60:P60_PRODUCT_ID:\u0026P61_PRODUCT_ID.\u0026success_msg=#SUCCESS_MSG#"
         ,"Page":"60"
         ,"Clear Cache":"60"
         ,"Values":{
            "P60_PRODUCT_ID":"\u0026P61_PRODUCT_ID."
          }
        }
      }
     ,"Server-side Condition":{
        "When Button Pressed":"PREVIOUS (33838198104572159660)"
      }
    }
   ,{
      "id":"33838600506442159662"
     ,"Identification":{
        "Name":"Go To Page 62"
      }
     ,"Execution":{
        "Sequence":20
       ,"Point":"After Processing"
      }
     ,"Behavior":{
        "Type":"Page or URL (Redirect)"
       ,"Target":{
          "url":"f?p=\u0026APP_ID.:62:\u0026SESSION.::\u0026DEBUG.:62:P62_PRODUCT_ID,P62_VARIANT_1_NAME,P62_VARIANT_2_NAME,P62_VARIANT_3_NAME:\u0026P61_PRODUCT_ID.,\u0026P61_VARIANT_1_NAME.,\u0026P61_VARIANT_2_NAME.,\u0026P61_VARIANT_3_NAME.\u0026success_msg=#SUCCESS_MSG#"
         ,"Page":"62"
         ,"Clear Cache":"62"
         ,"Values":{
            "P62_PRODUCT_ID":"\u0026P61_PRODUCT_ID."
           ,"P62_VARIANT_1_NAME":"\u0026P61_VARIANT_1_NAME."
           ,"P62_VARIANT_2_NAME":"\u0026P61_VARIANT_2_NAME."
           ,"P62_VARIANT_3_NAME":"\u0026P61_VARIANT_3_NAME."
          }
        }
      }
     ,"Server-side Condition":{
        "When Button Pressed":"NEXT (33838198265526159660)"
      }
    }
  ]
}
