{
  "id":"17"
 ,"Identification":{
    "Name":"Account Settings"
   ,"Alias":"ACCOUNT-SETTINGS"
   ,"Title":"Account Settings"
  }
 ,"Appearance":{
    "Page Mode":"Modal Dialog"
   ,"Dialog Template":"Theme Default"
   ,"Template Options":[
      "#DEFAULT#"
    ]
  }
 ,"Dialog":{
    "Width":"1200"
   ,"Chained":true
  }
 ,"Navigation Menu":{
    "Override User Interface Level":false
  }
 ,"Navigation":{
    "Cursor Focus":"Do not focus cursor"
   ,"Warn on Unsaved Changes":true
  }
 ,"CSS":{
    "File URLs":[
      "#APP_FILES#Styling\/main_style#MIN#.css"
    ]
   ,"Inline":"#P17_CUS_TYPE_NAME_CONTAINER {\n    background-color: var(--fouth-color);\n    color: var(--first-color);\n    border-radius: 10px;\n}\n\n#P17_CUS_TYPE_NAME_LABEL {\n    color: var(--first-color)\n}\n\n.delete-account-confirm {\n    min-width: 1000px !important;\n    min-height: 80%;\n    box-shadow: 4px 42px  79px -24px var(--danger-color);\n    -webkit-box-shadow: 4px 42px  79px -24px var(--danger-color);\n    -moz-box-shadow: 4px 42px  79px -24px var(--danger-color);\n    border: 1px solid var(--danger-color);\n}\n\n.password-popup {\n    max-height: 200px !important;\n}"
  }
 ,"Security":{
    "Authentication":"Page Requires Authentication"
   ,"Deep Linking":"Application Default"
   ,"Page Access Protection":"Arguments Must Have Checksum"
   ,"Form Auto Complete":"Off"
   ,"Browser Cache":"Application Default"
  }
 ,"Session Management":{
    "Rejoin Sessions":"Application Default"
  }
 ,"Advanced":{
    "Enable duplicate page submissions":"Yes - Enable page to be re-posted"
   ,"Reload on Submit":"Only for Success"
  }
 ,"Server Cache":{
    "Caching":"Disabled"
  }
 ,"Regions":[
    {
      "id":"23090399668997298237"
     ,"Identification":{
        "Title":"Account Settings"
       ,"Type":"Form"
      }
     ,"Source":{
        "Location":"Local Database"
       ,"Type":"SQL Query"
       ,"SQL Query":"SELECT  customer_id,\n        firstname,\n        lastname,\n        phone,\n        email,\n        address,\n        c.city_id,\n        ct.state_id,\n        cust.cus_type_name\nFROM customer c\nLEFT JOIN cities ct ON c.city_id = ct.city_id\nLEFT JOIN customer_type cust ON c.cus_type_id = cust.cus_type_id\nWHERE customer_id = TO_NUMBER(:USER_ID);\n\n"
      }
     ,"Layout":{
        "Sequence":10
       ,"Parent Region":"Pages Sections (45470959919251498216)"
       ,"Position":"SUB_REGIONS"
       ,"Start New Layout":false
       ,"Start New Row":true
       ,"Column":"Automatic"
       ,"New Column":true
       ,"Column Span":"Automatic"
      }
     ,"Appearance":{
        "Template":"Blank with Attributes (19471542261328504234)"
       ,"Template Options":[
          "#DEFAULT#"
         ,"margin-top-md"
        ]
       ,"Render Components":"Above Content"
      }
     ,"Accessibility":{
        "Use Landmark":true
       ,"Landmark Type":"Template Default"
      }
     ,"Advanced":{
        "Region Display Selector":false
       ,"Exclude Title from Translation":false
      }
     ,"Server Cache":{
        "Caching":"Disabled"
      }
     ,"Customization":{
        "Customizable":"Not Customizable By End Users"
      }
     ,"Attributes":{
        "Edit":{
          "Enabled":true
         ,"Allowed Operations":[
            "Add Row"
           ,"Update Row"
           ,"Delete Row"
          ]
         ,"Lost Update Type":"Row Values"
        }
      }
    }
   ,{
      "id":"45470959919251498216"
     ,"Identification":{
        "Title":"Pages Sections"
       ,"Type":"Static Content"
      }
     ,"Layout":{
        "Sequence":20
       ,"Parent Region":"No Parent"
       ,"Position":"BODY"
       ,"Start New Layout":false
       ,"Start New Row":true
       ,"Column":"Automatic"
       ,"New Column":true
       ,"Column Span":"Automatic"
      }
     ,"Appearance":{
        "Template":"Tabs Container (19471818692017504268)"
       ,"Template Options":[
          "#DEFAULT#"
         ,"t-TabsRegion-mod--fillLabels"
         ,"t-TabsRegion-mod--simple"
         ,"t-TabsRegion-mod--large"
        ]
       ,"Render Components":"Above Content"
      }
     ,"Accessibility":{
        "Use Landmark":true
       ,"Landmark Type":"Template Default"
      }
     ,"Advanced":{
        "Region Display Selector":false
       ,"Exclude Title from Translation":false
      }
     ,"Server Cache":{
        "Caching":"Disabled"
      }
     ,"Customization":{
        "Customizable":"Not Customizable By End Users"
      }
     ,"Attributes":{
        "Settings":{
          "Output As":"HTML"
         ,"Expand Shortcuts":false
        }
      }
    }
   ,{
      "id":"45470960830200498225"
     ,"Identification":{
        "Title":"Change Password"
       ,"Type":"Static Content"
      }
     ,"Layout":{
        "Sequence":40
       ,"Parent Region":"Pages Sections (45470959919251498216)"
       ,"Position":"SUB_REGIONS"
       ,"Start New Layout":false
       ,"Start New Row":true
       ,"Column":"Automatic"
       ,"New Column":true
       ,"Column Span":"Automatic"
      }
     ,"Appearance":{
        "Template":"Standard (19471808805460504264)"
       ,"Template Options":[
          "#DEFAULT#"
         ,"t-Region--removeHeader js-removeLandmark"
         ,"t-Region--noUI"
         ,"t-Region--scrollBody"
         ,"margin-top-md"
        ]
       ,"Render Components":"Above Content"
      }
     ,"Accessibility":{
        "Use Landmark":true
       ,"Landmark Type":"Template Default"
      }
     ,"Advanced":{
        "Region Display Selector":false
       ,"Exclude Title from Translation":false
      }
     ,"Server Cache":{
        "Caching":"Disabled"
      }
     ,"Customization":{
        "Customizable":"Not Customizable By End Users"
      }
     ,"Attributes":{
        "Settings":{
          "Output As":"HTML"
         ,"Expand Shortcuts":false
        }
      }
    }
   ,{
      "id":"45470961407164498231"
     ,"Identification":{
        "Title":"Delete Account"
       ,"Type":"Static Content"
      }
     ,"Layout":{
        "Sequence":50
       ,"Parent Region":"Pages Sections (45470959919251498216)"
       ,"Position":"SUB_REGIONS"
       ,"Start New Layout":false
       ,"Start New Row":true
       ,"Column":"Automatic"
       ,"New Column":true
       ,"Column Span":"Automatic"
      }
     ,"Appearance":{
        "Template":"Standard (19471808805460504264)"
       ,"Template Options":[
          "#DEFAULT#"
         ,"t-Region--removeHeader js-removeLandmark"
         ,"t-Region--textContent"
         ,"t-Region--scrollBody"
         ,"margin-top-md"
        ]
       ,"Render Components":"Above Content"
      }
     ,"Accessibility":{
        "Use Landmark":true
       ,"Landmark Type":"Template Default"
      }
     ,"Advanced":{
        "Region Display Selector":false
       ,"Exclude Title from Translation":false
      }
     ,"Server Cache":{
        "Caching":"Disabled"
      }
     ,"Customization":{
        "Customizable":"Not Customizable By End Users"
      }
     ,"Attributes":{
        "Settings":{
          "Output As":"HTML"
         ,"Expand Shortcuts":false
        }
      }
    }
   ,{
      "id":"45470961701218498234"
     ,"Identification":{
        "Title":"Once you delete your account, there is no going back. Please be certain."
       ,"Type":"Static Content"
      }
     ,"Layout":{
        "Sequence":10
       ,"Parent Region":"Delete Account (45470961407164498231)"
       ,"Position":"SUB_REGIONS"
       ,"Start New Layout":false
       ,"Start New Row":true
       ,"Column":"Automatic"
       ,"New Column":true
       ,"Column Span":"Automatic"
      }
     ,"Appearance":{
        "Template":"Standard (19471808805460504264)"
       ,"Template Options":[
          "#DEFAULT#"
         ,"t-Region--noPadding"
         ,"t-Region--textContent"
         ,"t-Region--scrollBody"
        ]
       ,"Render Components":"Above Content"
      }
     ,"Accessibility":{
        "Use Landmark":true
       ,"Landmark Type":"Template Default"
      }
     ,"Advanced":{
        "Region Display Selector":false
       ,"Exclude Title from Translation":false
      }
     ,"Server Cache":{
        "Caching":"Disabled"
      }
     ,"Customization":{
        "Customizable":"Not Customizable By End Users"
      }
     ,"Attributes":{
        "Settings":{
          "Output As":"HTML"
         ,"Expand Shortcuts":false
        }
      }
    }
   ,{
      "id":"45470961987241498236"
     ,"Identification":{
        "Title":"Account Deletion Action"
       ,"Type":"Static Content"
      }
     ,"Layout":{
        "Sequence":20
       ,"Parent Region":"Delete Account (45470961407164498231)"
       ,"Position":"SUB_REGIONS"
       ,"Start New Layout":false
       ,"Start New Row":true
       ,"Column":"Automatic"
       ,"New Column":true
       ,"Column Span":"Automatic"
      }
     ,"Appearance":{
        "Template":"Standard (19471808805460504264)"
       ,"Template Options":[
          "#DEFAULT#"
         ,"t-Region--noPadding"
         ,"t-Region--removeHeader js-removeLandmark"
         ,"t-Region--textContent"
         ,"t-Region--scrollBody"
        ]
       ,"Render Components":"Above Content"
      }
     ,"Accessibility":{
        "Use Landmark":true
       ,"Landmark Type":"Template Default"
      }
     ,"Advanced":{
        "Region Display Selector":false
       ,"Exclude Title from Translation":false
      }
     ,"Server Cache":{
        "Caching":"Disabled"
      }
     ,"Customization":{
        "Customizable":"Not Customizable By End Users"
      }
     ,"Attributes":{
        "Settings":{
          "Output As":"HTML"
         ,"Expand Shortcuts":false
        }
      }
    }
   ,{
      "id":"45586304058836686919"
     ,"Identification":{
        "Title":"Account Deletion Password"
       ,"Type":"Static Content"
      }
     ,"Layout":{
        "Sequence":30
       ,"Parent Region":"Delete Account (45470961407164498231)"
       ,"Position":"SUB_REGIONS"
       ,"Start New Layout":false
       ,"Start New Row":true
       ,"Column":"Automatic"
       ,"New Column":true
       ,"Column Span":"Automatic"
      }
     ,"Appearance":{
        "Template":"Inline Popup (19471593662015504257)"
       ,"Template Options":[
          "#DEFAULT#"
         ,"js-dialog-size600x400"
        ]
       ,"CSS Classes":[
          "password-popup"
        ]
       ,"Render Components":"Above Content"
      }
     ,"Accessibility":{
        "Use Landmark":true
       ,"Landmark Type":"Template Default"
      }
     ,"Advanced":{
        "Region Display Selector":false
       ,"Exclude Title from Translation":false
      }
     ,"Server Cache":{
        "Caching":"Disabled"
      }
     ,"Customization":{
        "Customizable":"Not Customizable By End Users"
      }
     ,"Attributes":{
        "Settings":{
          "Output As":"HTML"
         ,"Expand Shortcuts":false
        }
      }
    }
  ]
 ,"Page Items":[
    {
      "id":"23091200737481298238"
     ,"Identification":{
        "Name":"P17_FIRSTNAME"
       ,"Type":"Text Field"
      }
     ,"Label":{
        "Label":"Firstname"
       ,"Alignment":"Left"
      }
     ,"Settings":{
        "Subtype":"Text"
       ,"Trim Spaces":"None"
       ,"Text Case":"NO CHANGE"
       ,"Submit when Enter pressed":false
       ,"Disabled":false
      }
     ,"Layout":{
        "Sequence":40
       ,"Region":"Account Settings (23090399668997298237)"
       ,"Position":"BODY"
       ,"Alignment":"Left"
       ,"Start New Layout":false
       ,"Start New Row":true
       ,"Column":"Automatic"
       ,"New Column":true
       ,"Column Span":"Automatic"
       ,"Label Column Span":"Page Template Default"
      }
     ,"Appearance":{
        "Template":"Required - Above (19471880312432504303)"
       ,"Template Options":[
          "#DEFAULT#"
         ,"t-Form-fieldContainer--stretchInputs"
        ]
       ,"Width":32
      }
     ,"Validation":{
        "Value Required":true
       ,"Maximum Length":50
      }
     ,"Advanced":{
        "Warn on Unsaved Changes":"Page Default"
      }
     ,"Source":{
        "Form Region":"Account Settings (23090399668997298237)"
       ,"Column":"FIRSTNAME"
       ,"Data Type":"VARCHAR2"
       ,"Query Only":false
       ,"Primary Key":false
      }
     ,"Session State":{
        "Storage":"Per Request (Memory Only)"
      }
     ,"Quick Picks":{
        "Show Quick Picks":false
      }
     ,"Security":{
        "Session State Protection":"Unrestricted"
       ,"Store value encrypted in session state":true
       ,"Restricted Characters":"All characters can be saved."
      }
    }
   ,{
      "id":"23091201135787298238"
     ,"Identification":{
        "Name":"P17_LASTNAME"
       ,"Type":"Text Field"
      }
     ,"Label":{
        "Label":"Lastname"
       ,"Alignment":"Left"
      }
     ,"Settings":{
        "Subtype":"Text"
       ,"Trim Spaces":"None"
       ,"Text Case":"NO CHANGE"
       ,"Submit when Enter pressed":false
       ,"Disabled":false
      }
     ,"Layout":{
        "Sequence":50
       ,"Region":"Account Settings (23090399668997298237)"
       ,"Position":"BODY"
       ,"Alignment":"Left"
       ,"Start New Layout":false
       ,"Start New Row":false
       ,"Column":"Automatic"
       ,"New Column":true
       ,"Column Span":"Automatic"
       ,"Label Column Span":"Page Template Default"
      }
     ,"Appearance":{
        "Template":"Required - Above (19471880312432504303)"
       ,"Template Options":[
          "#DEFAULT#"
         ,"t-Form-fieldContainer--stretchInputs"
        ]
       ,"Width":32
      }
     ,"Validation":{
        "Value Required":false
       ,"Maximum Length":50
      }
     ,"Advanced":{
        "Warn on Unsaved Changes":"Page Default"
      }
     ,"Source":{
        "Form Region":"Account Settings (23090399668997298237)"
       ,"Column":"LASTNAME"
       ,"Data Type":"VARCHAR2"
       ,"Query Only":false
       ,"Primary Key":false
      }
     ,"Session State":{
        "Storage":"Per Request (Memory Only)"
      }
     ,"Quick Picks":{
        "Show Quick Picks":false
      }
     ,"Security":{
        "Session State Protection":"Unrestricted"
       ,"Store value encrypted in session state":true
       ,"Restricted Characters":"All characters can be saved."
      }
    }
   ,{
      "id":"23091201527232298239"
     ,"Identification":{
        "Name":"P17_PHONE"
       ,"Type":"Text Field"
      }
     ,"Label":{
        "Label":"Phone"
       ,"Alignment":"Left"
      }
     ,"Settings":{
        "Subtype":"Text"
       ,"Trim Spaces":"None"
       ,"Text Case":"NO CHANGE"
       ,"Submit when Enter pressed":false
       ,"Disabled":false
      }
     ,"Layout":{
        "Sequence":60
       ,"Region":"Account Settings (23090399668997298237)"
       ,"Position":"BODY"
       ,"Alignment":"Left"
       ,"Start New Layout":false
       ,"Start New Row":true
       ,"Column":"Automatic"
       ,"New Column":true
       ,"Column Span":"Automatic"
       ,"Label Column Span":"Page Template Default"
      }
     ,"Appearance":{
        "Template":"Required - Above (19471880312432504303)"
       ,"Template Options":[
          "#DEFAULT#"
         ,"t-Form-fieldContainer--stretchInputs"
        ]
       ,"Width":32
      }
     ,"Validation":{
        "Value Required":true
       ,"Maximum Length":50
      }
     ,"Advanced":{
        "Warn on Unsaved Changes":"Page Default"
      }
     ,"Source":{
        "Form Region":"Account Settings (23090399668997298237)"
       ,"Column":"PHONE"
       ,"Data Type":"VARCHAR2"
       ,"Query Only":false
       ,"Primary Key":false
      }
     ,"Session State":{
        "Storage":"Per Request (Memory Only)"
      }
     ,"Quick Picks":{
        "Show Quick Picks":false
      }
     ,"Security":{
        "Session State Protection":"Unrestricted"
       ,"Store value encrypted in session state":true
       ,"Restricted Characters":"All characters can be saved."
      }
    }
   ,{
      "id":"23091201922365298239"
     ,"Identification":{
        "Name":"P17_EMAIL"
       ,"Type":"Text Field"
      }
     ,"Label":{
        "Label":"Email"
       ,"Alignment":"Left"
      }
     ,"Settings":{
        "Subtype":"Text"
       ,"Trim Spaces":"None"
       ,"Text Case":"NO CHANGE"
       ,"Submit when Enter pressed":false
       ,"Disabled":false
      }
     ,"Layout":{
        "Sequence":70
       ,"Region":"Account Settings (23090399668997298237)"
       ,"Position":"BODY"
       ,"Alignment":"Left"
       ,"Start New Layout":false
       ,"Start New Row":false
       ,"Column":"Automatic"
       ,"New Column":true
       ,"Column Span":"Automatic"
       ,"Label Column Span":"Page Template Default"
      }
     ,"Appearance":{
        "Template":"Required - Above (19471880312432504303)"
       ,"Template Options":[
          "#DEFAULT#"
         ,"t-Form-fieldContainer--stretchInputs"
        ]
       ,"Width":32
      }
     ,"Validation":{
        "Value Required":true
       ,"Maximum Length":50
      }
     ,"Advanced":{
        "Warn on Unsaved Changes":"Page Default"
      }
     ,"Source":{
        "Form Region":"Account Settings (23090399668997298237)"
       ,"Column":"EMAIL"
       ,"Data Type":"VARCHAR2"
       ,"Query Only":false
       ,"Primary Key":false
      }
     ,"Session State":{
        "Storage":"Per Request (Memory Only)"
      }
     ,"Quick Picks":{
        "Show Quick Picks":false
      }
     ,"Security":{
        "Session State Protection":"Unrestricted"
       ,"Store value encrypted in session state":true
       ,"Restricted Characters":"All characters can be saved."
      }
    }
   ,{
      "id":"23091202398808298239"
     ,"Identification":{
        "Name":"P17_ADDRESS"
       ,"Type":"Text Field"
      }
     ,"Label":{
        "Label":"Address"
       ,"Alignment":"Left"
      }
     ,"Settings":{
        "Subtype":"Text"
       ,"Trim Spaces":"None"
       ,"Text Case":"NO CHANGE"
       ,"Submit when Enter pressed":false
       ,"Disabled":false
      }
     ,"Layout":{
        "Sequence":80
       ,"Region":"Account Settings (23090399668997298237)"
       ,"Position":"BODY"
       ,"Alignment":"Left"
       ,"Start New Layout":false
       ,"Start New Row":true
       ,"Column":"Automatic"
       ,"New Column":true
       ,"Column Span":"Automatic"
       ,"Label Column Span":"Page Template Default"
      }
     ,"Appearance":{
        "Template":"Required - Above (19471880312432504303)"
       ,"Template Options":[
          "#DEFAULT#"
         ,"t-Form-fieldContainer--stretchInputs"
        ]
       ,"Width":32
      }
     ,"Validation":{
        "Value Required":true
       ,"Maximum Length":50
      }
     ,"Advanced":{
        "Warn on Unsaved Changes":"Page Default"
      }
     ,"Source":{
        "Form Region":"Account Settings (23090399668997298237)"
       ,"Column":"ADDRESS"
       ,"Data Type":"VARCHAR2"
       ,"Query Only":false
       ,"Primary Key":false
      }
     ,"Session State":{
        "Storage":"Per Request (Memory Only)"
      }
     ,"Quick Picks":{
        "Show Quick Picks":false
      }
     ,"Security":{
        "Session State Protection":"Unrestricted"
       ,"Store value encrypted in session state":true
       ,"Restricted Characters":"All characters can be saved."
      }
    }
   ,{
      "id":"23091202799126298239"
     ,"Identification":{
        "Name":"P17_CITY_ID"
       ,"Type":"Select List"
      }
     ,"Label":{
        "Label":"City"
       ,"Alignment":"Left"
      }
     ,"Settings":{
        "Page Action on Selection":"None"
       ,"Allow Multi Selection":false
      }
     ,"Layout":{
        "Sequence":100
       ,"Region":"Account Settings (23090399668997298237)"
       ,"Position":"BODY"
       ,"Alignment":"Left"
       ,"Start New Layout":false
       ,"Start New Row":false
       ,"Column":"Automatic"
       ,"New Column":true
       ,"Column Span":"Automatic"
       ,"Label Column Span":"Page Template Default"
      }
     ,"Appearance":{
        "Template":"Required - Above (19471880312432504303)"
       ,"Template Options":[
          "#DEFAULT#"
         ,"t-Form-fieldContainer--stretchInputs"
        ]
       ,"Height":1
      }
     ,"Validation":{
        "Value Required":true
      }
     ,"List of Values":{
        "Type":"SQL Query"
       ,"SQL Query":"SELECT city_name, city_id \nFROM   cities\nWHERE  state_id = :P17_STATE_ID"
       ,"Display Extra Values":true
       ,"Display Null Value":true
      }
     ,"Cascading List of Values":{
        "Parent Item(s)":[
          "P17_STATE_ID"
        ]
       ,"Parent Required":true
      }
     ,"Advanced":{
        "Warn on Unsaved Changes":"Page Default"
      }
     ,"Source":{
        "Form Region":"Account Settings (23090399668997298237)"
       ,"Column":"CITY_ID"
       ,"Data Type":"NUMBER"
       ,"Query Only":false
       ,"Primary Key":false
      }
     ,"Default":{
        "Type":"Item"
       ,"Item":"P17_DEFAULT_CITY"
      }
     ,"Session State":{
        "Storage":"Per Session (Persistent)"
      }
     ,"Quick Picks":{
        "Show Quick Picks":false
      }
     ,"Security":{
        "Session State Protection":"Unrestricted"
       ,"Store value encrypted in session state":true
       ,"Restricted Characters":"All characters can be saved."
      }
    }
   ,{
      "id":"45470960087711498217"
     ,"Identification":{
        "Name":"P17_CUSTOMER_ID"
       ,"Type":"Hidden"
      }
     ,"Settings":{
        "Value Protected":true
      }
     ,"Layout":{
        "Sequence":30
       ,"Region":"Account Settings (23090399668997298237)"
       ,"Position":"BODY"
      }
     ,"Advanced":{
        "Warn on Unsaved Changes":"Page Default"
      }
     ,"Source":{
        "Form Region":"Account Settings (23090399668997298237)"
       ,"Column":"CUSTOMER_ID"
       ,"Data Type":"NUMBER"
       ,"Query Only":false
       ,"Primary Key":true
      }
     ,"Session State":{
        "Data Type":"VARCHAR2"
       ,"Storage":"Per Request (Memory Only)"
      }
     ,"Security":{
        "Session State Protection":"Checksum Required - Session Level"
       ,"Store value encrypted in session state":true
       ,"Restricted Characters":"All characters can be saved."
      }
    }
   ,{
      "id":"45470960967488498226"
     ,"Identification":{
        "Name":"P17_OLD_PW"
       ,"Type":"Password"
      }
     ,"Label":{
        "Label":"Enter Old Password"
       ,"Alignment":"Left"
      }
     ,"Settings":{
        "Submit when Enter pressed":true
      }
     ,"Layout":{
        "Sequence":10
       ,"Region":"Change Password (45470960830200498225)"
       ,"Position":"BODY"
       ,"Alignment":"Left"
       ,"Start New Layout":false
       ,"Start New Row":true
       ,"Column":"Automatic"
       ,"New Column":true
       ,"Column Span":"Automatic"
       ,"Label Column Span":"Page Template Default"
      }
     ,"Appearance":{
        "Template":"Required - Above (19471880312432504303)"
       ,"Template Options":[
          "#DEFAULT#"
         ,"t-Form-fieldContainer--stretchInputs"
        ]
       ,"Width":30
      }
     ,"Validation":{
        "Value Required":false
      }
     ,"Advanced":{
        "Warn on Unsaved Changes":"Page Default"
      }
     ,"Source":{
        "Type":"Null"
       ,"Used":"Only when current value in session state is null"
      }
     ,"Session State":{
        "Storage":"Per Session (Persistent)"
      }
     ,"Security":{
        "Session State Protection":"Unrestricted"
       ,"Store value encrypted in session state":true
       ,"Restricted Characters":"All characters can be saved."
      }
    }
   ,{
      "id":"45470961185551498228"
     ,"Identification":{
        "Name":"P17_NEW_PW"
       ,"Type":"Password"
      }
     ,"Label":{
        "Label":"Enter New Password"
       ,"Alignment":"Left"
      }
     ,"Settings":{
        "Submit when Enter pressed":true
      }
     ,"Layout":{
        "Sequence":20
       ,"Region":"Change Password (45470960830200498225)"
       ,"Position":"BODY"
       ,"Alignment":"Left"
       ,"Start New Layout":false
       ,"Start New Row":true
       ,"Column":"Automatic"
       ,"New Column":true
       ,"Column Span":"Automatic"
       ,"Label Column Span":"Page Template Default"
      }
     ,"Appearance":{
        "Template":"Required - Above (19471880312432504303)"
       ,"Template Options":[
          "#DEFAULT#"
         ,"t-Form-fieldContainer--stretchInputs"
        ]
       ,"Width":30
      }
     ,"Validation":{
        "Value Required":false
      }
     ,"Advanced":{
        "Warn on Unsaved Changes":"Page Default"
      }
     ,"Source":{
        "Type":"Null"
       ,"Used":"Only when current value in session state is null"
      }
     ,"Session State":{
        "Storage":"Per Session (Persistent)"
      }
     ,"Security":{
        "Session State Protection":"Unrestricted"
       ,"Store value encrypted in session state":true
       ,"Restricted Characters":"All characters can be saved."
      }
    }
   ,{
      "id":"45470961214957498229"
     ,"Identification":{
        "Name":"P17_CONFIRM_NEW_PW"
       ,"Type":"Password"
      }
     ,"Label":{
        "Label":"Confirm New Password"
       ,"Alignment":"Left"
      }
     ,"Settings":{
        "Submit when Enter pressed":true
      }
     ,"Layout":{
        "Sequence":30
       ,"Region":"Change Password (45470960830200498225)"
       ,"Position":"BODY"
       ,"Alignment":"Left"
       ,"Start New Layout":false
       ,"Start New Row":true
       ,"Column":"Automatic"
       ,"New Column":true
       ,"Column Span":"Automatic"
       ,"Label Column Span":"Page Template Default"
      }
     ,"Appearance":{
        "Template":"Required - Above (19471880312432504303)"
       ,"Template Options":[
          "#DEFAULT#"
         ,"t-Form-fieldContainer--stretchInputs"
        ]
       ,"Width":30
      }
     ,"Validation":{
        "Value Required":false
      }
     ,"Advanced":{
        "Warn on Unsaved Changes":"Page Default"
      }
     ,"Source":{
        "Type":"Null"
       ,"Used":"Only when current value in session state is null"
      }
     ,"Session State":{
        "Storage":"Per Session (Persistent)"
      }
     ,"Security":{
        "Session State Protection":"Unrestricted"
       ,"Store value encrypted in session state":true
       ,"Restricted Characters":"All characters can be saved."
      }
    }
   ,{
      "id":"45470962459167498241"
     ,"Identification":{
        "Name":"P17_STATE_ID"
       ,"Type":"Select List"
      }
     ,"Label":{
        "Label":"State "
       ,"Alignment":"Left"
      }
     ,"Settings":{
        "Page Action on Selection":"None"
       ,"Allow Multi Selection":false
      }
     ,"Layout":{
        "Sequence":90
       ,"Region":"Account Settings (23090399668997298237)"
       ,"Position":"BODY"
       ,"Alignment":"Left"
       ,"Start New Layout":false
       ,"Start New Row":true
       ,"Column":"Automatic"
       ,"New Column":true
       ,"Column Span":"Automatic"
       ,"Label Column Span":"Page Template Default"
      }
     ,"Appearance":{
        "Template":"Required - Above (19471880312432504303)"
       ,"Template Options":[
          "#DEFAULT#"
         ,"t-Form-fieldContainer--stretchInputs"
        ]
       ,"Height":1
      }
     ,"Validation":{
        "Value Required":false
      }
     ,"List of Values":{
        "Type":"SQL Query"
       ,"SQL Query":"select state_name, state_id from states"
       ,"Display Extra Values":true
       ,"Display Null Value":true
      }
     ,"Advanced":{
        "Warn on Unsaved Changes":"Page Default"
      }
     ,"Source":{
        "Form Region":"Account Settings (23090399668997298237)"
       ,"Column":"STATE_ID"
       ,"Data Type":"NUMBER"
       ,"Query Only":false
       ,"Primary Key":false
      }
     ,"Session State":{
        "Storage":"Per Session (Persistent)"
      }
     ,"Quick Picks":{
        "Show Quick Picks":false
      }
     ,"Security":{
        "Session State Protection":"Unrestricted"
       ,"Store value encrypted in session state":true
       ,"Restricted Characters":"All characters can be saved."
      }
    }
   ,{
      "id":"45470962640565498243"
     ,"Identification":{
        "Name":"P17_DEFAULT_CITY"
       ,"Type":"Hidden"
      }
     ,"Settings":{
        "Value Protected":false
      }
     ,"Layout":{
        "Sequence":130
       ,"Region":"Account Settings (23090399668997298237)"
       ,"Position":"BODY"
      }
     ,"Advanced":{
        "Warn on Unsaved Changes":"Page Default"
      }
     ,"Source":{
        "Type":"Null"
       ,"Used":"Only when current value in session state is null"
      }
     ,"Session State":{
        "Data Type":"VARCHAR2"
       ,"Storage":"Per Session (Persistent)"
      }
     ,"Security":{
        "Session State Protection":"Unrestricted"
       ,"Store value encrypted in session state":true
       ,"Restricted Characters":"All characters can be saved."
      }
    }
   ,{
      "id":"45470962779544498244"
     ,"Identification":{
        "Name":"P17_DEFAULT_STATE"
       ,"Type":"Hidden"
      }
     ,"Settings":{
        "Value Protected":false
      }
     ,"Layout":{
        "Sequence":140
       ,"Region":"Account Settings (23090399668997298237)"
       ,"Position":"BODY"
      }
     ,"Advanced":{
        "Warn on Unsaved Changes":"Page Default"
      }
     ,"Source":{
        "Type":"Null"
       ,"Used":"Only when current value in session state is null"
      }
     ,"Session State":{
        "Data Type":"VARCHAR2"
       ,"Storage":"Per Session (Persistent)"
      }
     ,"Security":{
        "Session State Protection":"Unrestricted"
       ,"Store value encrypted in session state":true
       ,"Restricted Characters":"All characters can be saved."
      }
    }
   ,{
      "id":"45586303169226686910"
     ,"Identification":{
        "Name":"P17_ERROR_IN_PW"
       ,"Type":"Hidden"
      }
     ,"Settings":{
        "Value Protected":true
      }
     ,"Layout":{
        "Sequence":50
       ,"Region":"Change Password (45470960830200498225)"
       ,"Position":"BODY"
      }
     ,"Advanced":{
        "Warn on Unsaved Changes":"Page Default"
      }
     ,"Source":{
        "Type":"Null"
       ,"Used":"Only when current value in session state is null"
      }
     ,"Session State":{
        "Data Type":"VARCHAR2"
       ,"Storage":"Per Session (Persistent)"
      }
     ,"Security":{
        "Session State Protection":"Unrestricted"
       ,"Store value encrypted in session state":true
       ,"Restricted Characters":"All characters can be saved."
      }
    }
   ,{
      "id":"45586303533556686914"
     ,"Identification":{
        "Name":"P17_LOGOUT_URL"
       ,"Type":"Hidden"
      }
     ,"Settings":{
        "Value Protected":true
      }
     ,"Layout":{
        "Sequence":10
       ,"Region":"Account Deletion Password (45586304058836686919)"
       ,"Position":"BODY"
      }
     ,"Advanced":{
        "Warn on Unsaved Changes":"Page Default"
      }
     ,"Source":{
        "Type":"Null"
       ,"Used":"Only when current value in session state is null"
      }
     ,"Default":{
        "Type":"Static"
       ,"Static Value":"\u0026LOGOUT_URL."
      }
     ,"Session State":{
        "Data Type":"VARCHAR2"
       ,"Storage":"Per User (Persistent)"
      }
     ,"Security":{
        "Session State Protection":"Unrestricted"
       ,"Store value encrypted in session state":true
       ,"Restricted Characters":"All characters can be saved."
      }
    }
   ,{
      "id":"45586304156117686920"
     ,"Identification":{
        "Name":"P17_PASSWORD_FOR_DELETION"
       ,"Type":"Password"
      }
     ,"Label":{
        "Label":"Please Enter You Password"
       ,"Alignment":"Left"
      }
     ,"Settings":{
        "Submit when Enter pressed":true
      }
     ,"Layout":{
        "Sequence":30
       ,"Region":"Account Deletion Password (45586304058836686919)"
       ,"Position":"BODY"
       ,"Alignment":"Left"
       ,"Start New Layout":false
       ,"Start New Row":true
       ,"Column":"Automatic"
       ,"New Column":true
       ,"Column Span":"Automatic"
       ,"Label Column Span":"Page Template Default"
      }
     ,"Appearance":{
        "Template":"Required - Above (19471880312432504303)"
       ,"Template Options":[
          "#DEFAULT#"
         ,"t-Form-fieldContainer--stretchInputs"
        ]
       ,"Width":30
      }
     ,"Validation":{
        "Value Required":false
      }
     ,"Advanced":{
        "Warn on Unsaved Changes":"Page Default"
      }
     ,"Source":{
        "Type":"Null"
       ,"Used":"Only when current value in session state is null"
      }
     ,"Session State":{
        "Storage":"Per Session (Persistent)"
      }
     ,"Security":{
        "Session State Protection":"Unrestricted"
       ,"Store value encrypted in session state":true
       ,"Restricted Characters":"All characters can be saved."
      }
    }
   ,{
      "id":"45586305069739686929"
     ,"Identification":{
        "Name":"P17_CONFIRM_PW_ERROR"
       ,"Type":"Hidden"
      }
     ,"Settings":{
        "Value Protected":false
      }
     ,"Layout":{
        "Sequence":40
       ,"Region":"Account Deletion Password (45586304058836686919)"
       ,"Position":"BODY"
      }
     ,"Advanced":{
        "Warn on Unsaved Changes":"Page Default"
      }
     ,"Source":{
        "Type":"Null"
       ,"Used":"Only when current value in session state is null"
      }
     ,"Session State":{
        "Data Type":"VARCHAR2"
       ,"Storage":"Per Session (Persistent)"
      }
     ,"Security":{
        "Session State Protection":"Unrestricted"
       ,"Store value encrypted in session state":true
       ,"Restricted Characters":"All characters can be saved."
      }
    }
   ,{
      "id":"45586305998176686938"
     ,"Identification":{
        "Name":"P17_REDIRECT_URL"
       ,"Type":"Hidden"
      }
     ,"Settings":{
        "Value Protected":false
      }
     ,"Layout":{
        "Sequence":20
       ,"Region":"Account Deletion Password (45586304058836686919)"
       ,"Position":"BODY"
      }
     ,"Advanced":{
        "Warn on Unsaved Changes":"Page Default"
      }
     ,"Source":{
        "Type":"Null"
       ,"Used":"Only when current value in session state is null"
      }
     ,"Session State":{
        "Data Type":"VARCHAR2"
       ,"Storage":"Per Session (Persistent)"
      }
     ,"Security":{
        "Session State Protection":"Unrestricted"
       ,"Store value encrypted in session state":true
       ,"Restricted Characters":"All characters can be saved."
      }
    }
   ,{
      "id":"45586306387959686942"
     ,"Identification":{
        "Name":"P17_CUS_TYPE_NAME"
       ,"Type":"Display Only"
      }
     ,"Label":{
        "Label":"Account Type"
       ,"Alignment":"Left"
      }
     ,"Settings":{
        "Format":"Plain Text"
       ,"Based On":"Item Value"
       ,"Show Line Breaks":true
       ,"Send On Page Submit":true
      }
     ,"Layout":{
        "Sequence":10
       ,"Region":"Account Settings (23090399668997298237)"
       ,"Position":"BODY"
       ,"Alignment":"Left"
       ,"Start New Layout":false
       ,"Start New Row":true
       ,"Column":"Automatic"
       ,"New Column":true
       ,"Column Span":"Automatic"
       ,"Label Column Span":"Page Template Default"
      }
     ,"Appearance":{
        "Template":"Optional - Above (19471879438844504303)"
       ,"Template Options":[
          "#DEFAULT#"
         ,"margin-top-md"
         ,"margin-bottom-md"
         ,"margin-left-md"
         ,"margin-right-md"
        ]
      }
     ,"Advanced":{
        "Warn on Unsaved Changes":"Page Default"
      }
     ,"Source":{
        "Type":"Null"
       ,"Used":"Only when current value in session state is null"
      }
     ,"Session State":{
        "Data Type":"VARCHAR2"
       ,"Storage":"Per Request (Memory Only)"
      }
     ,"Security":{
        "Session State Protection":"Unrestricted"
       ,"Store value encrypted in session state":true
       ,"Restricted Characters":"All characters can be saved."
      }
    }
  ]
 ,"Buttons":[
    {
      "id":"45470961356725498230"
     ,"Identification":{
        "Button Name":"Update_Account_Information"
       ,"Label":"Update Account Information"
      }
     ,"Layout":{
        "Sequence":120
       ,"Region":"Account Settings (23090399668997298237)"
       ,"Position":"BODY"
       ,"Start New Layout":false
       ,"Start New Row":true
       ,"Column":"Automatic"
       ,"New Column":true
       ,"Column Span":"Automatic"
       ,"Alignment":"Left center"
      }
     ,"Appearance":{
        "Button Template":"Text with Icon (19471882117602504304)"
       ,"Hot":true
       ,"Template Options":[
          "#DEFAULT#"
         ,"t-Button--success"
         ,"t-Button--iconLeft"
         ,"t-Button--hoverIconPush"
         ,"t-Button--stretch"
         ,"t-Button--gapTop"
        ]
       ,"Icon":"fa-user-edit"
      }
     ,"Behavior":{
        "Action":"Defined by Dynamic Action"
       ,"Execute Validations":false
      }
    }
   ,{
      "id":"45470961572228498232"
     ,"Identification":{
        "Button Name":"Update_Password"
       ,"Label":"Update Password"
      }
     ,"Layout":{
        "Sequence":40
       ,"Region":"Change Password (45470960830200498225)"
       ,"Position":"BODY"
       ,"Start New Layout":false
       ,"Start New Row":true
       ,"Column":"Automatic"
       ,"New Column":true
       ,"Column Span":"Automatic"
       ,"Alignment":"Left center"
      }
     ,"Appearance":{
        "Button Template":"Text with Icon (19471882117602504304)"
       ,"Hot":true
       ,"Template Options":[
          "#DEFAULT#"
         ,"t-Button--success"
         ,"t-Button--iconLeft"
         ,"t-Button--hoverIconPush"
         ,"t-Button--stretch"
         ,"t-Button--gapTop"
        ]
       ,"Icon":"fa-user-edit"
      }
     ,"Behavior":{
        "Action":"Defined by Dynamic Action"
       ,"Execute Validations":true
      }
    }
   ,{
      "id":"45470962084785498237"
     ,"Identification":{
        "Button Name":"Delete_Account"
       ,"Label":"Delete Account"
      }
     ,"Layout":{
        "Sequence":10
       ,"Region":"Account Deletion Action (45470961987241498236)"
       ,"Position":"BODY"
       ,"Start New Layout":false
       ,"Start New Row":true
       ,"Column":"Automatic"
       ,"New Column":true
       ,"Column Span":"Automatic"
       ,"Alignment":"Left center"
      }
     ,"Appearance":{
        "Button Template":"Text with Icon (19471882117602504304)"
       ,"Hot":true
       ,"Template Options":[
          "#DEFAULT#"
         ,"t-Button--large"
         ,"t-Button--danger"
         ,"t-Button--iconLeft"
         ,"t-Button--hoverIconPush"
         ,"t-Button--stretch"
        ]
       ,"CSS Classes":[
          "delete-account-btn"
        ]
       ,"Icon":"fa-radiation"
      }
     ,"Behavior":{
        "Action":"Defined by Dynamic Action"
       ,"Execute Validations":true
      }
    }
   ,{
      "id":"45586304250372686921"
     ,"Identification":{
        "Button Name":"Confirm_Password"
       ,"Label":"Confirm Password \u0026 Delete Account"
      }
     ,"Layout":{
        "Sequence":50
       ,"Region":"Account Deletion Password (45586304058836686919)"
       ,"Position":"BODY"
       ,"Start New Layout":false
       ,"Start New Row":true
       ,"Column":"Automatic"
       ,"New Column":true
       ,"Column Span":"Automatic"
       ,"Alignment":"Left center"
      }
     ,"Appearance":{
        "Button Template":"Text (19471882000429504304)"
       ,"Hot":true
       ,"Template Options":[
          "#DEFAULT#"
         ,"t-Button--danger"
         ,"t-Button--stretch"
         ,"t-Button--gapTop"
        ]
      }
     ,"Behavior":{
        "Action":"Defined by Dynamic Action"
       ,"Execute Validations":true
      }
    }
  ]
 ,"Dynamic Actions":[
    {
      "id":"45470960653744498223"
     ,"Identification":{
        "Name":"Fetch Customer Data"
      }
     ,"Execution":{
        "Sequence":20
      }
     ,"When":{
        "Event":"EVENT.EVENT.BROWSER.READY"
      }
     ,"Execution":{
        "Event Scope":"Static"
      }
     ,"Actions":[
        {
          "id":"45470960747693498224"
         ,"Identification":{
            "Action":"Execute Server-side Code"
          }
         ,"Settings":{
            "Language":"PE.PROPERTY.SOURCE_SNIPPET_LANG.LOV.PLSQL.D"
           ,"PL\/SQL Code":"MANAGE_CUSTOMERS.fetch_customer_data (\n    to_number(:USER_ID),\n    :P17_CUS_TYPE_NAME,\n    :P17_FIRSTNAME,\n    :P17_LASTNAME,\n    :P17_PHONE,\n    :P17_EMAIL,\n    :P17_ADDRESS,\n    :P17_DEFAULT_CITY,\n    :P17_DEFAULT_STATE\n);"
           ,"Items to Return":[
              "P17_FIRSTNAME"
             ,"P17_LASTNAME"
             ,"P17_PHONE"
             ,"P17_EMAIL"
             ,"P17_ADDRESS"
             ,null
             ,"P17_DEFAULT_CITY"
             ,"P17_DEFAULT_STATE"
             ,"P17_CUS_TYPE_NAME"
            ]
           ,"Suppress Change Event":false
          }
         ,"Execution":{
            "Sequence":10
           ,"Event":"Fetch Customer Data (45470960653744498223)"
           ,"Fire When Event Result Is":"True"
           ,"Fire on Initialization":true
           ,"Stop Execution On Error":true
           ,"Wait For Result":true
          }
        }
       ,{
          "id":"45470962517032498242"
         ,"Identification":{
            "Action":"Execute JavaScript Code"
          }
         ,"Settings":{
            "Code":"$s(\"P17_STATE_ID\", parseInt($v(\"P17_DEFAULT_STATE\")))\n$s(\"P17_CITY_ID\", parseInt($v(\"P17_DEFAULT_CITY\")))"
          }
         ,"Execution":{
            "Sequence":20
           ,"Event":"Fetch Customer Data (45470960653744498223)"
           ,"Fire When Event Result Is":"True"
           ,"Fire on Initialization":false
          }
        }
      ]
    }
   ,{
      "id":"45470962846571498245"
     ,"Identification":{
        "Name":"Update Info"
      }
     ,"Execution":{
        "Sequence":30
      }
     ,"When":{
        "Event":"EVENT.EVENT.BROWSER.CLICK"
       ,"Selection Type":"Button"
       ,"Button":"Update_Account_Information (45470961356725498230)"
      }
     ,"Execution":{
        "Event Scope":"Static"
       ,"Type":"Immediate"
      }
     ,"Actions":[
        {
          "id":"45470962997771498246"
         ,"Identification":{
            "Action":"Execute Server-side Code"
          }
         ,"Settings":{
            "Language":"PE.PROPERTY.SOURCE_SNIPPET_LANG.LOV.PLSQL.D"
           ,"PL\/SQL Code":"MANAGE_CUSTOMERS.update_customer_general_info (\n    to_number(:USER_ID),\n    :P17_FIRSTNAME,\n    :P17_LASTNAME,\n    :P17_PHONE,\n    :P17_EMAIL,\n    :P17_ADDRESS,\n    :P17_CITY_ID\n);\n"
           ,"Items to Submit":[
              "P17_FIRSTNAME"
             ,"P17_LASTNAME"
             ,"P17_PHONE"
             ,"P17_EMAIL"
             ,"P17_ADDRESS"
             ,"P17_CITY_ID"
            ]
          }
         ,"Execution":{
            "Sequence":10
           ,"Event":"Update Info (45470962846571498245)"
           ,"Fire When Event Result Is":"True"
           ,"Fire on Initialization":false
           ,"Stop Execution On Error":true
           ,"Wait For Result":true
          }
        }
       ,{
          "id":"45470963016093498247"
         ,"Identification":{
            "Action":"Execute JavaScript Code"
          }
         ,"Settings":{
            "Code":"apex.message.showPageSuccess( \"Account Updated Successfully !\" )"
          }
         ,"Execution":{
            "Sequence":20
           ,"Event":"Update Info (45470962846571498245)"
           ,"Fire When Event Result Is":"True"
           ,"Fire on Initialization":false
          }
        }
       ,{
          "id":"45470963136618498248"
         ,"Identification":{
            "Action":"Refresh"
          }
         ,"Affected Elements":{
            "Selection Type":"Region"
           ,"Region":"Account Settings (23090399668997298237)"
          }
         ,"Execution":{
            "Sequence":30
           ,"Event":"Update Info (45470962846571498245)"
           ,"Fire When Event Result Is":"True"
           ,"Fire on Initialization":false
          }
        }
      ]
    }
   ,{
      "id":"45586302486533686903"
     ,"Identification":{
        "Name":"Update Pw"
      }
     ,"Execution":{
        "Sequence":40
      }
     ,"When":{
        "Event":"EVENT.EVENT.BROWSER.CLICK"
       ,"Selection Type":"Button"
       ,"Button":"Update_Password (45470961572228498232)"
      }
     ,"Execution":{
        "Event Scope":"Static"
       ,"Type":"Immediate"
      }
     ,"Actions":[
        {
          "id":"45586302706720686906"
         ,"Identification":{
            "Action":"Execute JavaScript Code"
          }
         ,"Settings":{
            "Code":"console.log($v(\"P17_ERROR_IN_PW\"))\nif ($v(\"P17_ERROR_IN_PW\") == 1) {\n    apex.message.showErrors([\n        {\n            type:       \"error\",\n            location:   \"inline\",\n            pageItem:   \"P17_OLD_PW\",\n            message:    \"Password Is Incorrect!\",\n            unsafe:     false\n        }\n    ]);\n    \n} else if ($v(\"P17_ERROR_IN_PW\") == 2){\n        apex.message.showErrors([\n        {\n            type:       \"error\",\n            location:   \"inline\",\n            pageItem:   \"P17_CONFIRM_NEW_PW\",\n            message:    \"Passwords Don\u0027t macth!\",\n            unsafe:     false\n        }\n    ]);\n} else {\n    apex.message.showPageSuccess( \u0027Password Changed Successfully\u0027 );\n    $s(\"P17_OLD_PW\" , \"\");\n    $s(\"P17_NEW_PW\" , \"\");\n    $s(\"P17_CONFIRM_NEW_PW\" , \"\");\n}"
          }
         ,"Execution":{
            "Sequence":30
           ,"Event":"Update Pw (45586302486533686903)"
           ,"Fire When Event Result Is":"True"
           ,"Fire on Initialization":false
          }
        }
       ,{
          "id":"45586303094948686909"
         ,"Identification":{
            "Action":"Execute Server-side Code"
          }
         ,"Settings":{
            "Language":"PE.PROPERTY.SOURCE_SNIPPET_LANG.LOV.PLSQL.D"
           ,"PL\/SQL Code":"BEGIN\n    IF NOT VALIDATIONS.validate_pw (to_number(:USER_ID), :P17_OLD_PW) THEN\n        :P17_ERROR_IN_PW := 1; -- Password Entered Incorrect \n    ELSIF NOT :P17_NEW_PW = :P17_CONFIRM_NEW_PW THEN\n             apex_debug.info(p_message =\u003E\u0027Koen Debudasdasdasg: \u0027);\n            :P17_ERROR_IN_PW := 2; -- Password and confrim password don\u0027t match \n    ELSE\n        :P17_ERROR_IN_PW := 0;\n        MANAGE_CUSTOMERS.update_pw (\n            to_number(:USER_ID),\n            :P17_NEW_PW\n        );\n    END IF;\nEND;"
           ,"Items to Submit":[
              "P17_OLD_PW"
             ,"P17_NEW_PW"
             ,"P17_CONFIRM_NEW_PW"
            ]
           ,"Items to Return":[
              "P17_ERROR_IN_PW"
            ]
           ,"Suppress Change Event":false
          }
         ,"Execution":{
            "Sequence":20
           ,"Event":"Update Pw (45586302486533686903)"
           ,"Fire When Event Result Is":"True"
           ,"Fire on Initialization":false
           ,"Stop Execution On Error":true
           ,"Wait For Result":true
          }
        }
      ]
    }
   ,{
      "id":"45586303615780686915"
     ,"Identification":{
        "Name":"Delete Account Initiation"
      }
     ,"Execution":{
        "Sequence":50
      }
     ,"When":{
        "Event":"EVENT.EVENT.BROWSER.CLICK"
       ,"Selection Type":"Button"
       ,"Button":"Delete_Account (45470962084785498237)"
      }
     ,"Execution":{
        "Event Scope":"Static"
       ,"Type":"Immediate"
      }
     ,"Actions":[
        {
          "id":"45586303769790686916"
         ,"Identification":{
            "Action":"Confirm"
          }
         ,"Settings":{
            "Title":"Are You Sure You Want To Delete Your Account"
           ,"Message":"Are you sure you want to delete your account? Please take a moment to consider the consequences of this action :\n\u003Cul\u003E\n    \u003Cli\u003EData Loss: Deleting your account will result in the permanent loss of all your account information, including your profile, stores, products, and any associated data. This action cannot be undone, and you will not be able to recover your account once it\u0027s deleted.\u003C\/li\u003E\n    \u003Cli\u003ELoss of Access: By deleting your account, you will lose access to all the features and benefits of our platform. This includes any content you have created, messages, and any interaction history.\u003C\/li\u003E\n    \u003Cli\u003ECancellations: Any active order associated with your account will be canceled.\u003C\/li\u003E\n\u003C\/ul\u003E"
           ,"Style":"Danger"
           ,"Icon":"fa-radiation"
           ,"CSS Classes":"delete-confirm"
           ,"Confirm Label":"Delete Account "
           ,"Cancel Label":"Cancel"
          }
         ,"Execution":{
            "Sequence":10
           ,"Event":"Delete Account Initiation (45586303615780686915)"
           ,"Fire When Event Result Is":"True"
           ,"Fire on Initialization":false
          }
        }
       ,{
          "id":"45586303930167686918"
         ,"Identification":{
            "Action":"Open Region"
          }
         ,"Affected Elements":{
            "Selection Type":"Region"
           ,"Region":"Account Deletion Password (45586304058836686919)"
          }
         ,"Execution":{
            "Sequence":20
           ,"Event":"Delete Account Initiation (45586303615780686915)"
           ,"Fire When Event Result Is":"True"
           ,"Fire on Initialization":false
          }
        }
      ]
    }
   ,{
      "id":"45586304429252686923"
     ,"Identification":{
        "Name":"Delete_Account"
      }
     ,"Execution":{
        "Sequence":60
      }
     ,"When":{
        "Event":"EVENT.EVENT.FAMEWORK.APEXAFTERCLOSEDIALOG"
       ,"Selection Type":"Button"
       ,"Button":"Delete_Account (45470962084785498237)"
      }
     ,"Execution":{
        "Event Scope":"Static"
       ,"Type":"Immediate"
      }
     ,"Actions":[
        {
          "id":"45586305316854686932"
         ,"Identification":{
            "Action":"Execute JavaScript Code"
          }
         ,"Settings":{
            "Code":"console.log(\"SSSS\")"
          }
         ,"Execution":{
            "Sequence":10
           ,"Event":"Delete_Account (45586304429252686923)"
           ,"Fire When Event Result Is":"True"
           ,"Fire on Initialization":false
          }
        }
      ]
    }
   ,{
      "id":"45586304727236686926"
     ,"Identification":{
        "Name":"Confirm Password"
      }
     ,"Execution":{
        "Sequence":70
      }
     ,"When":{
        "Event":"EVENT.EVENT.BROWSER.CLICK"
       ,"Selection Type":"Button"
       ,"Button":"Confirm_Password (45586304250372686921)"
      }
     ,"Execution":{
        "Event Scope":"Static"
       ,"Type":"Immediate"
      }
     ,"Actions":[
        {
          "id":"45586304567377686924"
         ,"Identification":{
            "Action":"Execute Server-side Code"
          }
         ,"Settings":{
            "Language":"PE.PROPERTY.SOURCE_SNIPPET_LANG.LOV.PLSQL.D"
           ,"PL\/SQL Code":"BEGIN\n    DELETE FROM customer WHERE customer_id = to_number(:USER_ID);\n\n    :P17_REDIRECT_URL := APEX_UTIL.PREPARE_URL(\u0027f?p=\u0026APP_ID.:1:0.::::\u0027);\nEND;"
           ,"Items to Return":[
              "P17_REDIRECT_URL"
            ]
           ,"Suppress Change Event":false
          }
         ,"Execution":{
            "Sequence":50
           ,"Event":"Confirm Password (45586304727236686926)"
           ,"Fire When Event Result Is":"True"
           ,"Fire on Initialization":false
           ,"Stop Execution On Error":true
           ,"Wait For Result":true
          }
         ,"Client-side Condition":{
            "Type":"Item = Value"
           ,"Item":"P17_CONFIRM_PW_ERROR"
           ,"Value":"0"
          }
        }
       ,{
          "id":"45586304637152686925"
         ,"Identification":{
            "Action":"Execute JavaScript Code"
          }
         ,"Settings":{
            "Code":"console.log($v(\"P17_REDIRECT_URL\"))\nlet url = $v(\"P17_REDIRECT_URL\");\napex.page.cancelWarnOnUnsavedChanges();\napex.navigation.redirect(url);"
          }
         ,"Execution":{
            "Sequence":60
           ,"Event":"Confirm Password (45586304727236686926)"
           ,"Fire When Event Result Is":"True"
           ,"Fire on Initialization":false
          }
         ,"Client-side Condition":{
            "Type":"Item = Value"
           ,"Item":"P17_CONFIRM_PW_ERROR"
           ,"Value":"0"
          }
        }
       ,{
          "id":"45586304936647686928"
         ,"Identification":{
            "Action":"Execute Server-side Code"
          }
         ,"Settings":{
            "Language":"PE.PROPERTY.SOURCE_SNIPPET_LANG.LOV.PLSQL.D"
           ,"PL\/SQL Code":"BEGIN\n    IF NOT VALIDATIONS.validate_pw (to_number(:USER_ID), :P17_PASSWORD_FOR_DELETION) THEN\n        :P17_CONFIRM_PW_ERROR := 1; -- Password Entered Incorrect \n    ELSE\n        :P17_CONFIRM_PW_ERROR := 0; -- Password Entered Is Correct  \n    END IF;\nEND;"
           ,"Items to Submit":[
              "P17_PASSWORD_FOR_DELETION"
            ]
           ,"Items to Return":[
              "P17_CONFIRM_PW_ERROR"
            ]
           ,"Suppress Change Event":false
          }
         ,"Execution":{
            "Sequence":10
           ,"Event":"Confirm Password (45586304727236686926)"
           ,"Fire When Event Result Is":"True"
           ,"Fire on Initialization":false
           ,"Stop Execution On Error":true
           ,"Wait For Result":true
          }
        }
       ,{
          "id":"45586305145396686930"
         ,"Identification":{
            "Action":"Execute JavaScript Code"
          }
         ,"Settings":{
            "Code":"if ($v(\"P17_CONFIRM_PW_ERROR\") == 1){\n        apex.message.showErrors([\n        {\n            type:       \"error\",\n            location:   \"inline\",\n            pageItem:   \"P17_PASSWORD_FOR_DELETION\",\n            message:    \"Passwords Is Incorrect !\",\n            unsafe:     false\n        }\n    ]);\n}"
          }
         ,"Execution":{
            "Sequence":30
           ,"Event":"Confirm Password (45586304727236686926)"
           ,"Fire When Event Result Is":"True"
           ,"Fire on Initialization":false
          }
        }
      ]
    }
  ]
 ,"Validations":[
    {
      "id":"45586302638072686905"
     ,"Identification":{
        "Name":"Validate Old Passowrd"
      }
     ,"Execution":{
        "Sequence":10
      }
     ,"Validation":{
        "Type":"Function Body (returning Error Text)"
       ,"Language":"PL\/SQL"
       ,"PL\/SQL Function Body Returning Error Text":"RETURN VALIDATIONS.validate_pw (\n    to_number(:USER_ID),\n    :P17_OLD_PW\n);"
       ,"Always Execute":false
      }
     ,"Error":{
        "Display Location":"Inline with Field"
       ,"Associated Item":"P17_OLD_PW (45470960967488498226)"
      }
    }
   ,{
      "id":"45586302900179686908"
     ,"Identification":{
        "Name":"Validate Confirm Password"
      }
     ,"Execution":{
        "Sequence":20
      }
     ,"Validation":{
        "Type":"Expression"
       ,"Language":"PL\/SQL"
       ,"PL\/SQL Expression":":P17_NEW_PW = :P17_CONFIRM_NEW_PW"
       ,"Always Execute":false
      }
     ,"Error":{
        "Error Message":"Passwords do not match !"
       ,"Display Location":"Inline with Field and in Notification"
       ,"Associated Item":"P17_CONFIRM_NEW_PW (45470961214957498229)"
      }
    }
  ]
 ,"Processes":[
    {
      "id":"23091209590590298244"
     ,"Identification":{
        "Name":"Initialize form Account Settings"
       ,"Type":"Form - Initialization"
       ,"Execution Chain":"None"
       ,"Form Region":"Account Settings (23090399668997298237)"
      }
     ,"Execution":{
        "Sequence":10
       ,"Point":"Before Header"
       ,"Run Process":"Once Per Page Visit (default)"
      }
    }
   ,{
      "id":"23091209973464298245"
     ,"Identification":{
        "Name":"Process form Account Settings"
       ,"Type":"Form - Automatic Row Processing (DML)"
       ,"Execution Chain":"None"
       ,"Form Region":"Account Settings (23090399668997298237)"
      }
     ,"Settings":{
        "Target Type":"Region Source"
       ,"Prevent Lost Updates":true
       ,"Lock Row":"Yes"
       ,"Return Primary Key(s) after Insert":true
      }
     ,"Execution":{
        "Sequence":10
       ,"Point":"Processing"
       ,"Run Process":"Once Per Page Visit (default)"
      }
     ,"Error":{
        "Display Location":"Inline in Notification"
      }
    }
   ,{
      "id":"23091210364574298245"
     ,"Identification":{
        "Name":"Close Dialog"
       ,"Type":"Close Dialog"
       ,"Execution Chain":"None"
      }
     ,"Execution":{
        "Sequence":50
       ,"Point":"Processing"
       ,"Run Process":"Once Per Page Visit (default)"
      }
     ,"Error":{
        "Display Location":"Inline in Notification"
      }
     ,"Server-side Condition":{
        "Type":"Request is contained in Value"
       ,"Value":"CREATE,SAVE,DELETE"
      }
    }
  ]
}
