{
  "id":"14"
 ,"Identification":{
    "Name":"Notifications"
   ,"Alias":"NOTIFICATIONS"
   ,"Title":"Notifications"
  }
 ,"Appearance":{
    "Page Mode":"Modal Dialog"
   ,"Dialog Template":"Theme Default"
   ,"Template Options":[
      "#DEFAULT#"
    ]
  }
 ,"Dialog":{
    "Chained":true
  }
 ,"Navigation Menu":{
    "Override User Interface Level":false
  }
 ,"Navigation":{
    "Cursor Focus":"Do not focus cursor"
   ,"Warn on Unsaved Changes":true
  }
 ,"CSS":{
    "File URLs":[
      "#APP_FILES#Styling\/main_style#MIN#.css"
    ]
   ,"Inline":".clarification {\n    font-family: var(--regular-text-font);\n    font-size: small;\n    color: var(--grey-color);\n}\n\n.clarification \u003E span {\n    font-weight: bold;\n    text-decoration: underline;\n}"
  }
 ,"Security":{
    "Authentication":"Page Requires Authentication"
   ,"Deep Linking":"Application Default"
   ,"Page Access Protection":"Arguments Must Have Checksum"
   ,"Form Auto Complete":"Off"
   ,"Browser Cache":"Application Default"
  }
 ,"Session Management":{
    "Rejoin Sessions":"Application Default"
  }
 ,"Advanced":{
    "Enable duplicate page submissions":"Yes - Enable page to be re-posted"
   ,"Reload on Submit":"Only for Success"
  }
 ,"Server Cache":{
    "Caching":"Disabled"
  }
 ,"Regions":[
    {
      "id":"42153516341828704831"
     ,"Identification":{
        "Title":"Messages"
       ,"Type":"Static Content"
      }
     ,"Layout":{
        "Sequence":20
       ,"Parent Region":"No Parent"
       ,"Position":"BODY"
       ,"Start New Layout":false
       ,"Start New Row":true
       ,"Column":"Automatic"
       ,"New Column":true
       ,"Column Span":"Automatic"
      }
     ,"Appearance":{
        "Template":"Standard (19471808805460504264)"
       ,"Template Options":[
          "#DEFAULT#"
         ,"t-Region--stacked"
         ,"t-Region--scrollBody"
        ]
       ,"Render Components":"Above Content"
      }
     ,"Accessibility":{
        "Use Landmark":true
       ,"Landmark Type":"Template Default"
      }
     ,"Advanced":{
        "Region Display Selector":false
       ,"Exclude Title from Translation":false
      }
     ,"Server-side Condition":{
        "Type":"Item is NOT zero"
       ,"Item":"P0_NOTIFICATIONS"
      }
     ,"Server Cache":{
        "Caching":"Disabled"
      }
     ,"Customization":{
        "Customizable":"Not Customizable By End Users"
      }
     ,"Attributes":{
        "Settings":{
          "Output As":"HTML"
         ,"Expand Shortcuts":false
        }
      }
    }
   ,{
      "id":"42153516815012704836"
     ,"Identification":{
        "Title":"You have \u0026P0_NOTIFICATIONS. new messages"
       ,"Type":"Static Content"
      }
     ,"Layout":{
        "Sequence":10
       ,"Parent Region":"Messages (42153516341828704831)"
       ,"Position":"BODY"
       ,"Start New Layout":false
       ,"Start New Row":true
       ,"Column":"Automatic"
       ,"New Column":true
       ,"Column Span":"8"
      }
     ,"Appearance":{
        "Template":"Standard (19471808805460504264)"
       ,"Template Options":[
          "#DEFAULT#"
         ,"t-Region--textContent"
         ,"t-Region--scrollBody"
        ]
       ,"Render Components":"Above Content"
      }
     ,"Accessibility":{
        "Use Landmark":true
       ,"Landmark Type":"Template Default"
      }
     ,"Advanced":{
        "Region Display Selector":false
       ,"Exclude Title from Translation":false
      }
     ,"Server Cache":{
        "Caching":"Disabled"
      }
     ,"Customization":{
        "Customizable":"Not Customizable By End Users"
      }
     ,"Attributes":{
        "Settings":{
          "Output As":"HTML"
         ,"Expand Shortcuts":false
        }
      }
    }
   ,{
      "id":"42879124846706839727"
     ,"Identification":{
        "Title":"wishlist Product Updates "
       ,"Type":"Static Content"
      }
     ,"Layout":{
        "Sequence":30
       ,"Parent Region":"No Parent"
       ,"Position":"BODY"
       ,"Start New Layout":false
       ,"Start New Row":true
       ,"Column":"Automatic"
       ,"New Column":true
       ,"Column Span":"Automatic"
      }
     ,"Appearance":{
        "Template":"Standard (19471808805460504264)"
       ,"Template Options":[
          "#DEFAULT#"
         ,"t-Region--scrollBody"
        ]
       ,"Render Components":"Above Content"
      }
     ,"Accessibility":{
        "Use Landmark":true
       ,"Landmark Type":"Template Default"
      }
     ,"Advanced":{
        "Region Display Selector":false
       ,"Exclude Title from Translation":false
      }
     ,"Server-side Condition":{
        "Type":"Function Body"
       ,"Language":"PL\/SQL"
       ,"PL\/SQL Function Body":"begin \n\n    if :APP_NOTIFICATION_STOCK_STATUS \u003E 0 then \n        return true;\n    else \n        return false;  \n    end if;\nend;"
      }
     ,"Server Cache":{
        "Caching":"Disabled"
      }
     ,"Customization":{
        "Customizable":"Not Customizable By End Users"
      }
     ,"Attributes":{
        "Settings":{
          "Output As":"HTML"
         ,"Expand Shortcuts":false
        }
      }
    }
   ,{
      "id":"42879125013538839729"
     ,"Identification":{
        "Title":"You have \u0026APP_NOTIFICATION_STOCK_STATUS. new updated product(s)."
       ,"Type":"Static Content"
      }
     ,"Source":{
        "HTML Code":"\u003Cp class=\"clarification\"\u003E \u003Cspan\u003E\u0026APP_STOCK_CHANGE_LIST.\u003C\/span\u003E have been updated by the seller(s). Please review the changes to stay informed about the latest updates.\u003C\/p\u003E"
      }
     ,"Layout":{
        "Sequence":10
       ,"Parent Region":"wishlist Product Updates  (42879124846706839727)"
       ,"Position":"BODY"
       ,"Start New Layout":false
       ,"Start New Row":true
       ,"Column":"Automatic"
       ,"New Column":true
       ,"Column Span":"Automatic"
      }
     ,"Appearance":{
        "Template":"Standard (19471808805460504264)"
       ,"Template Options":[
          "#DEFAULT#"
         ,"t-Region--scrollBody"
        ]
       ,"Render Components":"Above Content"
      }
     ,"Accessibility":{
        "Use Landmark":true
       ,"Landmark Type":"Template Default"
      }
     ,"Advanced":{
        "Region Display Selector":false
       ,"Exclude Title from Translation":false
      }
     ,"Server Cache":{
        "Caching":"Disabled"
      }
     ,"Customization":{
        "Customizable":"Not Customizable By End Users"
      }
     ,"Attributes":{
        "Settings":{
          "Output As":"HTML"
         ,"Expand Shortcuts":false
        }
      }
    }
   ,{
      "id":"42879125241914839731"
     ,"Identification":{
        "Title":"New Orders"
       ,"Type":"Static Content"
      }
     ,"Layout":{
        "Sequence":40
       ,"Parent Region":"No Parent"
       ,"Position":"BODY"
       ,"Start New Layout":false
       ,"Start New Row":true
       ,"Column":"Automatic"
       ,"New Column":true
       ,"Column Span":"Automatic"
      }
     ,"Appearance":{
        "Template":"Standard (19471808805460504264)"
       ,"Template Options":[
          "#DEFAULT#"
         ,"t-Region--stacked"
         ,"t-Region--scrollBody"
        ]
       ,"Render Components":"Above Content"
      }
     ,"Accessibility":{
        "Use Landmark":true
       ,"Landmark Type":"Template Default"
      }
     ,"Advanced":{
        "Region Display Selector":false
       ,"Exclude Title from Translation":false
      }
     ,"Server-side Condition":{
        "Type":"Function Body"
       ,"Language":"PL\/SQL"
       ,"PL\/SQL Function Body":"Declare\n    cus_type number;\nbegin \n    select cus_type_id into cus_type from customer where customer_id = to_number(:USER_ID);\n    if cus_type = 1 and :APP_NOTIFICATION_NEW_ORDERS \u003E 0 then \n        return true;\n    else \n        return false;  \n    end if;\nend;"
      }
     ,"Server Cache":{
        "Caching":"Disabled"
      }
     ,"Customization":{
        "Customizable":"Not Customizable By End Users"
      }
     ,"Attributes":{
        "Settings":{
          "Output As":"HTML"
         ,"Expand Shortcuts":false
        }
      }
    }
   ,{
      "id":"42879125666746839735"
     ,"Identification":{
        "Title":"Store Visites"
       ,"Type":"Static Content"
      }
     ,"Layout":{
        "Sequence":70
       ,"Parent Region":"No Parent"
       ,"Position":"BODY"
       ,"Start New Layout":false
       ,"Start New Row":true
       ,"Column":"Automatic"
       ,"New Column":true
       ,"Column Span":"Automatic"
      }
     ,"Appearance":{
        "Template":"Standard (19471808805460504264)"
       ,"Template Options":[
          "#DEFAULT#"
         ,"t-Region--scrollBody"
        ]
       ,"Render Components":"Above Content"
      }
     ,"Accessibility":{
        "Use Landmark":true
       ,"Landmark Type":"Template Default"
      }
     ,"Advanced":{
        "Region Display Selector":false
       ,"Exclude Title from Translation":false
      }
     ,"Server-side Condition":{
        "Type":"Function Body"
       ,"Language":"PL\/SQL"
       ,"PL\/SQL Function Body":"Declare\ncus_type number;\nbegin \n    select cus_type_id into cus_type from customer where customer_id = to_number(:USER_ID);\n    if cus_type = 1 and :APP_NOTIFICATION_STORE_VISITES \u003E 0 then \n        return true;\n    else \n        return false;  \n    end if;\nend;"
      }
     ,"Server Cache":{
        "Caching":"Disabled"
      }
     ,"Customization":{
        "Customizable":"Not Customizable By End Users"
      }
     ,"Attributes":{
        "Settings":{
          "Output As":"HTML"
         ,"Expand Shortcuts":false
        }
      }
    }
   ,{
      "id":"42879125833064839737"
     ,"Identification":{
        "Title":"You have \u0026APP_NOTIFICATION_STORE_VISITES. new store visites"
       ,"Type":"Static Content"
      }
     ,"Layout":{
        "Sequence":10
       ,"Parent Region":"Store Visites (42879125666746839735)"
       ,"Position":"BODY"
       ,"Start New Layout":false
       ,"Start New Row":true
       ,"Column":"Automatic"
       ,"New Column":true
       ,"Column Span":"Automatic"
      }
     ,"Appearance":{
        "Template":"Standard (19471808805460504264)"
       ,"Template Options":[
          "#DEFAULT#"
         ,"t-Region--scrollBody"
        ]
       ,"Render Components":"Above Content"
      }
     ,"Accessibility":{
        "Use Landmark":true
       ,"Landmark Type":"Template Default"
      }
     ,"Advanced":{
        "Region Display Selector":false
       ,"Exclude Title from Translation":false
      }
     ,"Server Cache":{
        "Caching":"Disabled"
      }
     ,"Customization":{
        "Customizable":"Not Customizable By End Users"
      }
     ,"Attributes":{
        "Settings":{
          "Output As":"HTML"
         ,"Expand Shortcuts":false
        }
      }
    }
   ,{
      "id":"42879127016554839749"
     ,"Identification":{
        "Title":"product visites"
       ,"Type":"Static Content"
      }
     ,"Layout":{
        "Sequence":80
       ,"Parent Region":"No Parent"
       ,"Position":"BODY"
       ,"Start New Layout":false
       ,"Start New Row":true
       ,"Column":"Automatic"
       ,"New Column":true
       ,"Column Span":"Automatic"
      }
     ,"Appearance":{
        "Template":"Standard (19471808805460504264)"
       ,"Template Options":[
          "#DEFAULT#"
         ,"t-Region--scrollBody"
        ]
       ,"Render Components":"Above Content"
      }
     ,"Accessibility":{
        "Use Landmark":true
       ,"Landmark Type":"Template Default"
      }
     ,"Advanced":{
        "Region Display Selector":false
       ,"Exclude Title from Translation":false
      }
     ,"Server-side Condition":{
        "Type":"Function Body"
       ,"Language":"PL\/SQL"
       ,"PL\/SQL Function Body":"Declare\ncus_type number;\nbegin \n    select cus_type_id into cus_type from customer where customer_id = to_number(:USER_ID);\n    if cus_type = 1 and :APP_NOTIFICATIONS_PROD_VISITES \u003E 0 then \n        return true;\n    else \n        return false;  \n    end if;\nend;"
      }
     ,"Server Cache":{
        "Caching":"Disabled"
      }
     ,"Customization":{
        "Customizable":"Not Customizable By End Users"
      }
     ,"Attributes":{
        "Settings":{
          "Output As":"HTML"
         ,"Expand Shortcuts":false
        }
      }
    }
   ,{
      "id":"42879127138530839750"
     ,"Identification":{
        "Title":"You have \u0026APP_NOTIFICATIONS_PROD_VISITES. new product visites"
       ,"Type":"Static Content"
      }
     ,"Layout":{
        "Sequence":10
       ,"Parent Region":"product visites (42879127016554839749)"
       ,"Position":"BODY"
       ,"Start New Layout":false
       ,"Start New Row":true
       ,"Column":"Automatic"
       ,"New Column":true
       ,"Column Span":"Automatic"
      }
     ,"Appearance":{
        "Template":"Standard (19471808805460504264)"
       ,"Template Options":[
          "#DEFAULT#"
         ,"t-Region--scrollBody"
        ]
       ,"Render Components":"Above Content"
      }
     ,"Accessibility":{
        "Use Landmark":true
       ,"Landmark Type":"Template Default"
      }
     ,"Advanced":{
        "Region Display Selector":false
       ,"Exclude Title from Translation":false
      }
     ,"Server-side Condition":{
        "Type":"Function Body"
       ,"Language":"PL\/SQL"
       ,"PL\/SQL Function Body":"Declare\ncus_type number;\nbegin \n    select cus_type_id into cus_type from customer where customer_id = to_number(:USER_ID);\n    if cus_type = 1 and :APP_NOTIFICATIONS_PROD_VISITES \u003E 0 then \n        return true;\n    else \n        return false;  \n    end if;\nend;"
      }
     ,"Server Cache":{
        "Caching":"Disabled"
      }
     ,"Customization":{
        "Customizable":"Not Customizable By End Users"
      }
     ,"Attributes":{
        "Settings":{
          "Output As":"HTML"
         ,"Expand Shortcuts":false
        }
      }
    }
   ,{
      "id":"47390720665508786706"
     ,"Identification":{
        "Title":" You have \u0026APP_NOTIFICATION_NEW_ORDERS. new order(s)"
       ,"Type":"Static Content"
      }
     ,"Source":{
        "HTML Code":"\u003Cp class=\"clarification\"\u003E Congratulations! You have new order(s). Please review the details and take the necessary steps to fulfill the order. Thank you for using our platform\u003C\/p\u003E"
      }
     ,"Layout":{
        "Sequence":10
       ,"Parent Region":"New Orders (42879125241914839731)"
       ,"Position":"BODY"
       ,"Start New Layout":false
       ,"Start New Row":true
       ,"Column":"Automatic"
       ,"New Column":true
       ,"Column Span":"8"
      }
     ,"Appearance":{
        "Template":"Standard (19471808805460504264)"
       ,"Template Options":[
          "#DEFAULT#"
         ,"t-Region--textContent"
         ,"t-Region--scrollBody"
        ]
       ,"Render Components":"Above Content"
      }
     ,"Accessibility":{
        "Use Landmark":true
       ,"Landmark Type":"Template Default"
      }
     ,"Advanced":{
        "Region Display Selector":false
       ,"Exclude Title from Translation":false
      }
     ,"Server Cache":{
        "Caching":"Disabled"
      }
     ,"Customization":{
        "Customizable":"Not Customizable By End Users"
      }
     ,"Attributes":{
        "Settings":{
          "Output As":"HTML"
         ,"Expand Shortcuts":false
        }
      }
    }
   ,{
      "id":"47390720976231786709"
     ,"Identification":{
        "Title":"product added to wishlist"
       ,"Type":"Static Content"
      }
     ,"Layout":{
        "Sequence":90
       ,"Parent Region":"No Parent"
       ,"Position":"BODY"
       ,"Start New Layout":false
       ,"Start New Row":true
       ,"Column":"Automatic"
       ,"New Column":true
       ,"Column Span":"Automatic"
      }
     ,"Appearance":{
        "Template":"Standard (19471808805460504264)"
       ,"Template Options":[
          "#DEFAULT#"
         ,"t-Region--scrollBody"
        ]
       ,"Render Components":"Above Content"
      }
     ,"Accessibility":{
        "Use Landmark":true
       ,"Landmark Type":"Template Default"
      }
     ,"Advanced":{
        "Region Display Selector":false
       ,"Exclude Title from Translation":false
      }
     ,"Server-side Condition":{
        "Type":"Function Body"
       ,"Language":"PL\/SQL"
       ,"PL\/SQL Function Body":"Declare\ncus_type number;\nbegin \n    select cus_type_id into cus_type from customer where customer_id = to_number(:USER_ID);\n    if cus_type = 1 and :APP_NOTIFICATION_PROD_ADDED_WISHLIST \u003E 0 then \n        return true;\n    else \n        return false;  \n    end if;\nend;"
      }
     ,"Server Cache":{
        "Caching":"Disabled"
      }
     ,"Customization":{
        "Customizable":"Not Customizable By End Users"
      }
     ,"Attributes":{
        "Settings":{
          "Output As":"HTML"
         ,"Expand Shortcuts":false
        }
      }
    }
   ,{
      "id":"47390721070029786710"
     ,"Identification":{
        "Title":"You have \u0026APP_NOTIFICATION_PROD_ADDED_WISHLIST. new product(s) added to wishlist."
       ,"Type":"Static Content"
      }
     ,"Layout":{
        "Sequence":10
       ,"Parent Region":"product added to wishlist (47390720976231786709)"
       ,"Position":"BODY"
       ,"Start New Layout":false
       ,"Start New Row":true
       ,"Column":"Automatic"
       ,"New Column":true
       ,"Column Span":"Automatic"
      }
     ,"Appearance":{
        "Template":"Standard (19471808805460504264)"
       ,"Template Options":[
          "#DEFAULT#"
         ,"t-Region--scrollBody"
        ]
       ,"Render Components":"Above Content"
      }
     ,"Accessibility":{
        "Use Landmark":true
       ,"Landmark Type":"Template Default"
      }
     ,"Advanced":{
        "Region Display Selector":false
       ,"Exclude Title from Translation":false
      }
     ,"Server Cache":{
        "Caching":"Disabled"
      }
     ,"Customization":{
        "Customizable":"Not Customizable By End Users"
      }
     ,"Attributes":{
        "Settings":{
          "Output As":"HTML"
         ,"Expand Shortcuts":false
        }
      }
    }
   ,{
      "id":"52184849975267530131"
     ,"Identification":{
        "Title":"Order Updates Tally"
       ,"Type":"Static Content"
      }
     ,"Layout":{
        "Sequence":50
       ,"Parent Region":"No Parent"
       ,"Position":"BODY"
       ,"Start New Layout":false
       ,"Start New Row":true
       ,"Column":"Automatic"
       ,"New Column":true
       ,"Column Span":"Automatic"
      }
     ,"Appearance":{
        "Template":"Standard (19471808805460504264)"
       ,"Template Options":[
          "#DEFAULT#"
         ,"t-Region--stacked"
         ,"t-Region--scrollBody"
        ]
       ,"Render Components":"Above Content"
      }
     ,"Accessibility":{
        "Use Landmark":true
       ,"Landmark Type":"Template Default"
      }
     ,"Advanced":{
        "Region Display Selector":false
       ,"Exclude Title from Translation":false
      }
     ,"Server-side Condition":{
        "Type":"Function Body"
       ,"Language":"PL\/SQL"
       ,"PL\/SQL Function Body":"\nbegin \n\n    if :P0_ORDER_CHANGE \u003E 0 then \n        return true;\n    else \n        return false;  \n    end if;\nend;"
      }
     ,"Server Cache":{
        "Caching":"Disabled"
      }
     ,"Customization":{
        "Customizable":"Not Customizable By End Users"
      }
     ,"Attributes":{
        "Settings":{
          "Output As":"HTML"
         ,"Expand Shortcuts":false
        }
      }
    }
   ,{
      "id":"52184850092202530132"
     ,"Identification":{
        "Title":" You have  \u0026P0_ORDER_CHANGE. newly updated order item(s)"
       ,"Type":"Static Content"
      }
     ,"Source":{
        "HTML Code":"\u003Cp class=\"clarification\"\u003EOrder(s) : \u003Cspan\u003E#\u0026P0_ORDER_CHANGE_LIST.\u003C\/span\u003E have been updated by the seller(s). Please review the changes to stay informed about the latest updates.\u003C\/p\u003E"
      }
     ,"Layout":{
        "Sequence":10
       ,"Parent Region":"Order Updates Tally (52184849975267530131)"
       ,"Position":"BODY"
       ,"Start New Layout":false
       ,"Start New Row":true
       ,"Column":"Automatic"
       ,"New Column":true
       ,"Column Span":"8"
      }
     ,"Appearance":{
        "Template":"Standard (19471808805460504264)"
       ,"Template Options":[
          "#DEFAULT#"
         ,"t-Region--textContent"
         ,"t-Region--scrollBody"
        ]
       ,"Render Components":"Above Content"
      }
     ,"Accessibility":{
        "Use Landmark":true
       ,"Landmark Type":"Template Default"
      }
     ,"Advanced":{
        "Region Display Selector":false
       ,"Exclude Title from Translation":false
      }
     ,"Server Cache":{
        "Caching":"Disabled"
      }
     ,"Customization":{
        "Customizable":"Not Customizable By End Users"
      }
     ,"Attributes":{
        "Settings":{
          "Output As":"HTML"
         ,"Expand Shortcuts":false
        }
      }
    }
  ]
 ,"Buttons":[
    {
      "id":"42153516569637704833"
     ,"Identification":{
        "Button Name":"check_messages"
       ,"Label":"Check Messages"
      }
     ,"Layout":{
        "Sequence":20
       ,"Region":"Messages (42153516341828704831)"
       ,"Position":"BODY"
       ,"Start New Layout":false
       ,"Start New Row":false
       ,"Column":"Automatic"
       ,"New Column":true
       ,"Column Span":"Automatic"
       ,"Alignment":"Left center"
      }
     ,"Appearance":{
        "Button Template":"Text with Icon (19471882117602504304)"
       ,"Hot":true
       ,"Template Options":[
          "#DEFAULT#"
         ,"t-Button--large"
         ,"t-Button--iconRight"
         ,"t-Button--hoverIconPush"
         ,"t-Button--stretch"
        ]
       ,"Icon":"fa-users-chat"
      }
     ,"Behavior":{
        "Action":"Redirect to Page in this Application"
       ,"Target":{
          "url":"f?p=\u0026APP_ID.:16:\u0026SESSION.::\u0026DEBUG.:16::"
         ,"Page":"16"
         ,"Clear Cache":"16"
        }
       ,"Warn on Unsaved Changes":"Do Not Check"
      }
    }
   ,{
      "id":"42879125151532839730"
     ,"Identification":{
        "Button Name":"check_wishlist"
       ,"Label":"Check Wishlist Page"
      }
     ,"Layout":{
        "Sequence":20
       ,"Region":"wishlist Product Updates  (42879124846706839727)"
       ,"Position":"BODY"
       ,"Start New Layout":false
       ,"Start New Row":true
       ,"Column":"Automatic"
       ,"New Column":true
       ,"Column Span":"Automatic"
       ,"Alignment":"Left center"
      }
     ,"Appearance":{
        "Button Template":"Text (19471882000429504304)"
       ,"Hot":false
       ,"Template Options":[
          "#DEFAULT#"
        ]
      }
     ,"Behavior":{
        "Action":"Redirect to Page in this Application"
       ,"Target":{
          "url":"f?p=\u0026APP_ID.:31:\u0026SESSION.::\u0026DEBUG.:31::"
         ,"Page":"31"
         ,"Clear Cache":"31"
        }
       ,"Warn on Unsaved Changes":"Do Not Check"
      }
    }
   ,{
      "id":"42879125905253839738"
     ,"Identification":{
        "Button Name":"check_store"
       ,"Label":"Check Store Dashbord"
      }
     ,"Layout":{
        "Sequence":20
       ,"Region":"Store Visites (42879125666746839735)"
       ,"Position":"BODY"
       ,"Start New Layout":false
       ,"Start New Row":true
       ,"Column":"Automatic"
       ,"New Column":true
       ,"Column Span":"Automatic"
       ,"Alignment":"Left center"
      }
     ,"Appearance":{
        "Button Template":"Text (19471882000429504304)"
       ,"Hot":true
       ,"Template Options":[
          "#DEFAULT#"
        ]
      }
     ,"Behavior":{
        "Action":"Redirect to Page in this Application"
       ,"Target":{
          "url":"f?p=\u0026APP_ID.:71:\u0026SESSION.::\u0026DEBUG.:71::"
         ,"Page":"71"
         ,"Clear Cache":"71"
        }
       ,"Warn on Unsaved Changes":"Do Not Check"
      }
    }
   ,{
      "id":"47390720159037786701"
     ,"Identification":{
        "Button Name":"check_product"
       ,"Label":"Check Product"
      }
     ,"Layout":{
        "Sequence":20
       ,"Region":"product visites (42879127016554839749)"
       ,"Position":"BODY"
       ,"Start New Layout":false
       ,"Start New Row":true
       ,"Column":"Automatic"
       ,"New Column":true
       ,"Column Span":"Automatic"
       ,"Alignment":"Left center"
      }
     ,"Appearance":{
        "Button Template":"Text (19471882000429504304)"
       ,"Hot":true
       ,"Template Options":[
          "#DEFAULT#"
        ]
      }
     ,"Behavior":{
        "Action":"Redirect to Page in this Application"
       ,"Target":{
          "url":"f?p=\u0026APP_ID.:72:\u0026SESSION.::\u0026DEBUG.:72::"
         ,"Page":"72"
         ,"Clear Cache":"72"
        }
       ,"Warn on Unsaved Changes":"Do Not Check"
      }
    }
   ,{
      "id":"47390720851310786708"
     ,"Identification":{
        "Button Name":"Check_orders"
       ,"Label":"Check Orders"
      }
     ,"Layout":{
        "Sequence":30
       ,"Region":"New Orders (42879125241914839731)"
       ,"Position":"BODY"
       ,"Start New Layout":false
       ,"Start New Row":false
       ,"Column":"Automatic"
       ,"New Column":true
       ,"Column Span":"Automatic"
       ,"Alignment":"Left center"
      }
     ,"Appearance":{
        "Button Template":"Text with Icon (19471882117602504304)"
       ,"Hot":true
       ,"Template Options":[
          "#DEFAULT#"
         ,"t-Button--large"
         ,"t-Button--iconRight"
         ,"t-Button--hoverIconPush"
         ,"t-Button--stretch"
        ]
       ,"Icon":"fa-box-arrow-in-ne"
      }
     ,"Behavior":{
        "Action":"Redirect to Page in this Application"
       ,"Target":{
          "url":"f?p=\u0026APP_ID.:73:\u0026SESSION.::\u0026DEBUG.:73:P73_FILTER_ORDERS:Pending"
         ,"Page":"73"
         ,"Clear Cache":"73"
         ,"Values":{
            "P73_FILTER_ORDERS":"Pending"
          }
        }
       ,"Warn on Unsaved Changes":"Do Not Check"
      }
    }
   ,{
      "id":"47390721139382786711"
     ,"Identification":{
        "Button Name":"check_product_dashbord"
       ,"Label":"Check Product Dashbord"
      }
     ,"Layout":{
        "Sequence":20
       ,"Region":"product added to wishlist (47390720976231786709)"
       ,"Position":"BODY"
       ,"Start New Layout":false
       ,"Start New Row":true
       ,"Column":"Automatic"
       ,"New Column":true
       ,"Column Span":"Automatic"
       ,"Alignment":"Left center"
      }
     ,"Appearance":{
        "Button Template":"Text (19471882000429504304)"
       ,"Hot":false
       ,"Template Options":[
          "#DEFAULT#"
        ]
      }
     ,"Behavior":{
        "Action":"Redirect to Page in this Application"
       ,"Target":{
          "url":"f?p=\u0026APP_ID.:72:\u0026SESSION.::\u0026DEBUG.:72::"
         ,"Page":"72"
         ,"Clear Cache":"72"
        }
       ,"Warn on Unsaved Changes":"Do Not Check"
      }
    }
   ,{
      "id":"52184850369518530135"
     ,"Identification":{
        "Button Name":"Check_My_Orders"
       ,"Label":"Check Orders"
      }
     ,"Layout":{
        "Sequence":60
       ,"Region":"Order Updates Tally (52184849975267530131)"
       ,"Position":"BODY"
       ,"Start New Layout":false
       ,"Start New Row":false
       ,"Column":"Automatic"
       ,"New Column":true
       ,"Column Span":"Automatic"
       ,"Alignment":"Left center"
      }
     ,"Appearance":{
        "Button Template":"Text with Icon (19471882117602504304)"
       ,"Hot":true
       ,"Template Options":[
          "#DEFAULT#"
         ,"t-Button--large"
         ,"t-Button--iconRight"
         ,"t-Button--hoverIconPush"
         ,"t-Button--stretch"
         ,"t-Button--gapTop"
        ]
       ,"Icon":"fa-shopping-bag"
      }
     ,"Behavior":{
        "Action":"Redirect to Page in this Application"
       ,"Target":{
          "url":"f?p=\u0026APP_ID.:13:\u0026SESSION.::\u0026DEBUG.:73:P13_ORDER_STATUS:Updated"
         ,"Page":"13"
         ,"Clear Cache":"73"
         ,"Values":{
            "P13_ORDER_STATUS":"Updated"
          }
        }
       ,"Warn on Unsaved Changes":"Do Not Check"
      }
    }
  ]
}
