{
  "id":"2"
 ,"Identification":{
    "Name":"Products"
   ,"Alias":"PRODUCTS"
   ,"Title":"Products"
  }
 ,"Appearance":{
    "Page Mode":"Normal"
   ,"Page Template":"Left Side Column (19471509145742504218)"
   ,"Template Options":[
      "#DEFAULT#"
    ]
  }
 ,"Navigation Menu":{
    "Override User Interface Level":false
  }
 ,"Navigation":{
    "Cursor Focus":"Do not focus cursor"
   ,"Warn on Unsaved Changes":true
  }
 ,"JavaScript":{
    "Execute when Page Loads":"$(\".heart\").hover(function(){\n  $(this).css(\"color\", \"#B43757\");\n  }, function(){\n  $(this).css(\"color\", \"black\");\n});"
  }
 ,"CSS":{
    "File URLs":[
      "#APP_FILES#Styling\/main_style#MIN#.css"
    ]
  }
 ,"Security":{
    "Authentication":"Page Is Public"
  }
 ,"Advanced":{
    "Enable Meta Tags":false
  }
 ,"Security":{
    "Deep Linking":"Application Default"
   ,"Page Access Protection":"Unrestricted"
   ,"Form Auto Complete":"Off"
   ,"Browser Cache":"Application Default"
  }
 ,"Session Management":{
    "Rejoin Sessions":"Application Default"
  }
 ,"Advanced":{
    "Enable duplicate page submissions":"Yes - Enable page to be re-posted"
   ,"Reload on Submit":"Only for Success"
  }
 ,"Server Cache":{
    "Caching":"Disabled"
  }
 ,"Regions":[
    {
      "id":"21887101690316527726"
     ,"Identification":{
        "Title":"products if main category"
       ,"Type":"Cards"
      }
     ,"Source":{
        "Location":"Local Database"
       ,"Type":"SQL Query"
       ,"SQL Query":"SELECT p.product_id,\n            p.product_name,\n            p.unit_price,\n            p.store_id,\n            s.store_name,\n            discount,\n            NEW_PRICE (P.PRODUCT_ID) new_price,\n            pi.image,\n            s.customer_id as store_owner\n    FROM    product p\n            join (SELECT image_id,\n                product_id,\n                image\n                FROM(SELECT image_id,\n                            product_id,\n                            image,\n                            Row_number()\n                                over (\n                                PARTITION BY product_id\n                                ORDER BY image_id) AS rn\n                    FROM   product_images) img\n                    WHERE  rn = 1) pi\n            ON p.product_id = pi.product_id, \n            STORES s,\n            categories c\n    WHERE  c.category_id = p.category_id \n    AND    c.category_parent = :P2_CATEG_ID \n    AND    p.store_id = s.store_id;"
       ,"Page Items to Submit":[
          "P2_CATEG_ID"
        ]
      }
     ,"Layout":{
        "Sequence":20
       ,"Parent Region":"No Parent"
       ,"Position":"BODY"
       ,"Start New Layout":false
       ,"Start New Row":true
       ,"Column":"Automatic"
       ,"New Column":true
       ,"Column Span":"Automatic"
      }
     ,"Appearance":{
        "Template":"Cards Container (19471549395551504237)"
       ,"Template Options":[
          "#DEFAULT#"
         ,"t-CardsRegion--styleB"
         ,"margin-top-md"
        ]
       ,"Render Components":"Below Content"
      }
     ,"Accessibility":{
        "Use Landmark":true
       ,"Landmark Type":"Template Default"
      }
     ,"Advanced":{
        "Region Display Selector":false
       ,"Exclude Title from Translation":false
      }
     ,"Server-side Condition":{
        "Type":"Function Body"
       ,"Language":"PL\/SQL"
       ,"PL\/SQL Function Body":"DECLARE\n    l_parent_category number;\nBEGIN\n    select category_parent\n    into l_parent_category\n    from categories \n    where category_id = :P2_CATEG_ID;\n\n    if l_parent_category is not null then\n        return false;\n    else \n        return true;\n    \n    end if;\nend;"
      }
     ,"Server Cache":{
        "Caching":"Disabled"
      }
     ,"Customization":{
        "Customizable":"Not Customizable By End Users"
      }
     ,"Attributes":{
        "id":"21887103722080527728"
       ,"Appearance":{
          "Layout":"Grid"
         ,"Grid Columns":"5 Columns"
        }
       ,"Card":{
          "CSS Classes":[
            "card"
          ]
         ,"Primary Key Column 1":"PRODUCT_ID"
        }
       ,"Title":{
          "Advanced Formatting":false
         ,"Column":"PRODUCT_NAME"
        }
       ,"Subtitle":{
          "Advanced Formatting":true
         ,"HTML Expression":"{case DISCOUNT\/}\n{when 0\/}\n\u003Cb\u003E\u0026NEW_PRICE. TN\u003C\/b\u003E\n{otherwise\/}\n\u0026DISCOUNT.% \u0026emsp;\n\u003Cb\u003E\u0026NEW_PRICE. TN \u003C\/b\u003E\u0026emsp;\n\u003Cs\u003E \u0026UNIT_PRICE. TN\u003C\/s\u003E\n\n\n{endcase\/}"
        }
       ,"Body":{
          "Advanced Formatting":false
        }
       ,"Secondary Body":{
          "Advanced Formatting":false
        }
       ,"Icon and Badge":{
          "Icon Source":"No Icon"
        }
       ,"Media":{
          "Advanced Formatting":false
         ,"Source":"BLOB Column"
         ,"BLOB Column":"IMAGE"
         ,"Position":"First"
         ,"Appearance":"Square"
         ,"Sizing":"Fit"
         ,"CSS Classes":[
            "card-img"
          ]
        }
       ,"Performance":{
          "Lazy Loading":false
        }
       ,"Pagination":{
          "Type":"Scroll"
         ,"Show Total Count":false
        }
       ,"Messages":{
          "When No Data Found":"No Products in this category !"
        }
       ,"Actions":[
          {
            "id":"22821463235440138535"
           ,"Identification":{
              "Type":"Full Card"
            }
           ,"Layout":{
              "Sequence":10
            }
           ,"Link":{
              "Type":"Redirect to Page in this Application"
             ,"Target":{
                "url":"f?p=\u0026APP_ID.:18:\u0026SESSION.::\u0026DEBUG.:18:P18_PRODUCT_ID:\u0026PRODUCT_ID."
               ,"Page":"18"
               ,"Clear Cache":"18"
               ,"Values":{
                  "P18_PRODUCT_ID":"\u0026PRODUCT_ID."
                }
              }
            }
          }
         ,{
            "id":"34869893709517248624"
           ,"Identification":{
              "Type":"Button"
             ,"Label":"Store : \u0026STORE_NAME."
            }
           ,"Layout":{
              "Position":"Primary"
             ,"Sequence":20
            }
           ,"Link":{
              "Type":"Redirect to Page in this Application"
             ,"Target":{
                "url":"f?p=\u0026APP_ID.:5:\u0026SESSION.::\u0026DEBUG.:5:P5_STORE_ID,P5_STORE_NAME,P5_STORE_OWNER_ID:\u0026STORE_ID.,\u0026STORE_NAME.,\u0026STORE_OWNER."
               ,"Page":"5"
               ,"Clear Cache":"5"
               ,"Values":{
                  "P5_STORE_ID":"\u0026STORE_ID."
                 ,"P5_STORE_NAME":"\u0026STORE_NAME."
                 ,"P5_STORE_OWNER_ID":"\u0026STORE_OWNER."
                }
              }
            }
           ,"Appearance":{
              "Display Type":"Text"
             ,"Hot":false
             ,"CSS Classes":[
                "to_store"
              ]
            }
          }
         ,{
            "id":"34869893805508248625"
           ,"Identification":{
              "Type":"Button"
             ,"Label":"Add To Cart"
            }
           ,"Layout":{
              "Position":"Primary"
             ,"Sequence":50
            }
           ,"Link":{
              "Type":"Redirect to Page in this Application"
             ,"Target":{
                "url":"f?p=\u0026APP_ID.:6:\u0026SESSION.::\u0026DEBUG.:::"
               ,"Page":"6"
              }
            }
           ,"Appearance":{
              "Display Type":"Text with Icon"
             ,"Icon":"fa-plus-square"
             ,"Hot":true
             ,"CSS Classes":[
                "to_cart"
              ]
            }
          }
         ,{
            "id":"37171145420084069210"
           ,"Identification":{
              "Type":"Button"
             ,"Label":"wishlist"
            }
           ,"Layout":{
              "Position":"Primary"
             ,"Sequence":30
            }
           ,"Link":{
              "Type":"Redirect to URL"
             ,"Target":"javascript:void(null);"
             ,"Link Attributes":"data-id=\u0026PRODUCT_ID."
            }
           ,"Appearance":{
              "Display Type":"Icon"
             ,"Icon":"fa-heart"
             ,"Hot":false
             ,"CSS Classes":[
                "heart"
              ]
            }
          }
        ]
      }
    }
   ,{
      "id":"37036232806642922408"
     ,"Identification":{
        "Title":"products if sub category"
       ,"Type":"Cards"
      }
     ,"Source":{
        "Location":"Local Database"
       ,"Type":"SQL Query"
       ,"SQL Query":"SELECT p.product_id,\n            p.product_name,\n            p.unit_price,\n            p.store_id,\n            s.store_name,\n            discount,\n            NEW_PRICE (P.PRODUCT_ID) new_price,\n            pi.image,\n            s.customer_id as store_owner\n    FROM    product p\n            join (SELECT image_id,\n                product_id,\n                image\n                FROM(SELECT image_id,\n                            product_id,\n                            image,\n                            Row_number()\n                                over (\n                                PARTITION BY product_id\n                                ORDER BY image_id) AS rn\n                    FROM   product_images) img\n                    WHERE  rn = 1) pi\n            ON p.product_id = pi.product_id, \n            STORES s\n    WHERE  category_id =:P2_CATEG_ID \n    AND    p.store_id = s.store_id;"
       ,"Page Items to Submit":[
          "P2_CATEG_ID"
        ]
      }
     ,"Layout":{
        "Sequence":30
       ,"Parent Region":"No Parent"
       ,"Position":"BODY"
       ,"Start New Layout":false
       ,"Start New Row":true
       ,"Column":"Automatic"
       ,"New Column":true
       ,"Column Span":"Automatic"
      }
     ,"Appearance":{
        "Template":"Cards Container (19471549395551504237)"
       ,"Template Options":[
          "#DEFAULT#"
         ,"t-CardsRegion--styleB"
         ,"margin-top-md"
        ]
       ,"Render Components":"Above Content"
      }
     ,"Accessibility":{
        "Use Landmark":true
       ,"Landmark Type":"Template Default"
      }
     ,"Advanced":{
        "Region Display Selector":false
       ,"Exclude Title from Translation":false
      }
     ,"Server-side Condition":{
        "Type":"Function Body"
       ,"Language":"PL\/SQL"
       ,"PL\/SQL Function Body":"DECLARE\n    l_parent_category number;\nBEGIN\n    select category_parent\n    into l_parent_category\n    from categories \n    where category_id = :P2_CATEG_ID;\n\n    if l_parent_category is not null then\n        return true;\n    else \n        return false;\n    \n    end if;\nend;"
      }
     ,"Server Cache":{
        "Caching":"Disabled"
      }
     ,"Customization":{
        "Customizable":"Not Customizable By End Users"
      }
     ,"Attributes":{
        "id":"37036232934796922409"
       ,"Appearance":{
          "Layout":"Grid"
         ,"Grid Columns":"5 Columns"
        }
       ,"Card":{
          "CSS Classes":[
            "card"
          ]
         ,"Primary Key Column 1":"PRODUCT_ID"
        }
       ,"Title":{
          "Advanced Formatting":false
         ,"Column":"PRODUCT_NAME"
        }
       ,"Subtitle":{
          "Advanced Formatting":true
         ,"HTML Expression":"{case DISCOUNT\/}\n{when 0\/}\n\u003Cb\u003E\u0026NEW_PRICE. TN\u003C\/b\u003E\n{otherwise\/}\n\u0026DISCOUNT.% \u0026emsp;\n\u003Cb\u003E\u0026NEW_PRICE. TN \u003C\/b\u003E\u0026emsp;\n\u003Cs\u003E \u0026UNIT_PRICE. TN\u003C\/s\u003E\n\n\n{endcase\/}"
        }
       ,"Body":{
          "Advanced Formatting":false
        }
       ,"Secondary Body":{
          "Advanced Formatting":false
        }
       ,"Icon and Badge":{
          "Icon Source":"No Icon"
        }
       ,"Media":{
          "Advanced Formatting":false
         ,"Source":"BLOB Column"
         ,"BLOB Column":"IMAGE"
         ,"Position":"First"
         ,"Appearance":"Square"
         ,"Sizing":"Fit"
         ,"CSS Classes":[
            "card-img"
          ]
        }
       ,"Performance":{
          "Lazy Loading":false
        }
       ,"Pagination":{
          "Type":"Scroll"
         ,"Show Total Count":false
        }
       ,"Messages":{
          "When No Data Found":"No Products in this category !"
        }
       ,"Actions":[
          {
            "id":"37036233023893922410"
           ,"Identification":{
              "Type":"Full Card"
            }
           ,"Layout":{
              "Sequence":10
            }
           ,"Link":{
              "Type":"Redirect to Page in this Application"
             ,"Target":{
                "url":"f?p=\u0026APP_ID.:18:\u0026SESSION.::\u0026DEBUG.:18:P18_PRODUCT_ID:\u0026PRODUCT_ID."
               ,"Page":"18"
               ,"Clear Cache":"18"
               ,"Values":{
                  "P18_PRODUCT_ID":"\u0026PRODUCT_ID."
                }
              }
            }
          }
         ,{
            "id":"37036233154622922411"
           ,"Identification":{
              "Type":"Button"
             ,"Label":"Store : \u0026STORE_NAME."
            }
           ,"Layout":{
              "Position":"Primary"
             ,"Sequence":20
            }
           ,"Link":{
              "Type":"Redirect to Page in this Application"
             ,"Target":{
                "url":"f?p=\u0026APP_ID.:5:\u0026SESSION.::\u0026DEBUG.:5:P5_STORE_ID,P5_STORE_OWNER_ID,P5_STORE_NAME:\u0026STORE_ID.,\u0026STORE_OWNER.,\u0026STORE_NAME."
               ,"Page":"5"
               ,"Clear Cache":"5"
               ,"Values":{
                  "P5_STORE_ID":"\u0026STORE_ID."
                 ,"P5_STORE_OWNER_ID":"\u0026STORE_OWNER."
                 ,"P5_STORE_NAME":"\u0026STORE_NAME."
                }
              }
            }
           ,"Appearance":{
              "Display Type":"Text"
             ,"Hot":false
             ,"CSS Classes":[
                "to_store"
              ]
            }
          }
         ,{
            "id":"37036233271826922412"
           ,"Identification":{
              "Type":"Button"
             ,"Label":"Add To Cart"
            }
           ,"Layout":{
              "Position":"Primary"
             ,"Sequence":40
            }
           ,"Link":{
              "Type":"Redirect to Page in this Application"
             ,"Target":{
                "url":"f?p=\u0026APP_ID.:6:\u0026SESSION.::\u0026DEBUG.::P6_PRODUCT_ID:\u0026PRODUCT_ID."
               ,"Page":"6"
               ,"Values":{
                  "P6_PRODUCT_ID":"\u0026PRODUCT_ID."
                }
              }
            }
           ,"Appearance":{
              "Display Type":"Text"
             ,"Hot":true
             ,"CSS Classes":[
                "to_cart"
              ]
            }
          }
         ,{
            "id":"37171145789289069213"
           ,"Identification":{
              "Type":"Button"
             ,"Label":"wishlist"
            }
           ,"Layout":{
              "Position":"Primary"
             ,"Sequence":30
            }
           ,"Link":{
              "Type":"Redirect to URL"
             ,"Target":"javascript:void(null);"
             ,"Link Attributes":"data-id=\u0026PRODUCT_ID."
            }
           ,"Appearance":{
              "Display Type":"Icon"
             ,"Icon":"fa-heart"
             ,"Hot":false
             ,"CSS Classes":[
                "heart"
              ]
            }
          }
        ]
      }
    }
   ,{
      "id":"42887193873379190818"
     ,"Identification":{
        "Title":"Filter Products If sub category"
       ,"Type":"Faceted Search"
      }
     ,"Source":{
        "Filtered Region":"products if sub category (37036232806642922408)"
      }
     ,"Layout":{
        "Sequence":60
       ,"Parent Region":"No Parent"
       ,"Position":"REGION_POSITION_02"
       ,"Start New Layout":false
       ,"Start New Row":true
       ,"Column":"Automatic"
       ,"New Column":true
       ,"Column Span":"Automatic"
      }
     ,"Appearance":{
        "Template":"Standard (19471808805460504264)"
       ,"Template Options":[
          "#DEFAULT#"
         ,"t-Region--removeHeader js-removeLandmark"
         ,"t-Region--stacked"
         ,"t-Region--scrollBody"
        ]
       ,"Render Components":"Above Content"
      }
     ,"Accessibility":{
        "Use Landmark":true
       ,"Landmark Type":"Template Default"
      }
     ,"Advanced":{
        "Region Display Selector":false
       ,"Exclude Title from Translation":false
      }
     ,"Server-side Condition":{
        "Type":"Function Body"
       ,"Language":"PL\/SQL"
       ,"PL\/SQL Function Body":"DECLARE\n    l_parent_category number;\nBEGIN\n    select category_parent\n    into l_parent_category\n    from categories \n    where category_id = :P2_CATEG_ID;\n\n    if l_parent_category is not null then\n        return true;\n    else \n        return false;\n    \n    end if;\nend;"
      }
     ,"Server Cache":{
        "Caching":"Disabled"
      }
     ,"Customization":{
        "Customizable":"Not Customizable By End Users"
      }
     ,"Attributes":{
        "Settings":{
          "Batch Facet Changes":false
         ,"Compact Numbers Threshold":10000
         ,"Show Current Facets":"No"
         ,"Show Total Row Count":"No"
         ,"Show Charts":"No"
        }
      }
     ,"Facets":[
        {
          "id":"42887193924405190819"
         ,"Identification":{
            "Name":"P2_SEARCH_PROD_1"
           ,"Type":"Search"
          }
         ,"Label":{
            "Label":"search"
          }
         ,"Settings":{
            "Search Type":"Row Search"
           ,"Input Field":"Top of Faceted Search Region"
          }
         ,"Layout":{
            "Sequence":10
          }
         ,"Source":{
            "Database Column(s)":"PRODUCT_NAME,PRODUCT_DESCRIPTION,PRODUCT_DETAILS,IMAGE_FILENAME"
          }
         ,"Security":{
            "Store value encrypted in session state":true
          }
        }
       ,{
          "id":"42887194098746190820"
         ,"Identification":{
            "Name":"P2_FILTER_WITH_PRICE_1"
           ,"Type":"Range"
          }
         ,"Label":{
            "Label":"Filter With Price"
           ,"Show Label for Current Facet":true
          }
         ,"Settings":{
            "Select Multiple":false
           ,"Manual Entry":false
          }
         ,"Layout":{
            "Sequence":20
          }
         ,"Appearance":{
            "Icon":"fa-money"
          }
         ,"List of Values":{
            "Type":"Static Values"
           ,"Static Values":"STATIC:Less Than 10 TDN;|10,From 10 to 50 TDN;20|50,From 50 To 100 TDN;50|100,From 100 To 200 TDN;100|200,From 200 To 300 TDN;200|300,More Than 100 TDN;300|"
          }
         ,"List Entries":{
            "Compute Counts":true
           ,"Show Counts":true
           ,"Zero Count Entries":"Disable"
           ,"Show Selected First":false
           ,"Maximum Displayed Entries":7
           ,"Display Filter Initially":true
          }
         ,"Actions Menu":{
            "Filter":true
           ,"Chart":false
          }
         ,"Advanced":{
            "Display Toggling":false
           ,"Collapsible":false
          }
         ,"Source":{
            "Database Column":"UNIT_PRICE"
           ,"Data Type":"NUMBER"
          }
         ,"Security":{
            "Store value encrypted in session state":true
          }
        }
       ,{
          "id":"42887194119318190821"
         ,"Identification":{
            "Name":"P2_HAS_DISCOUNT_1"
           ,"Type":"Range"
          }
         ,"Label":{
            "Label":"Filter With Discount"
           ,"Show Label for Current Facet":true
          }
         ,"Settings":{
            "Select Multiple":false
           ,"Manual Entry":false
          }
         ,"Layout":{
            "Sequence":30
          }
         ,"Appearance":{
            "Icon":"fa-fire"
          }
         ,"List of Values":{
            "Type":"Static Values"
           ,"Static Values":"STATIC:More Than 5%;5|,More Than 10%;10|,More Than 25%;25|,More Than 50%;50|,More Than 75%;75|"
          }
         ,"List Entries":{
            "Compute Counts":true
           ,"Show Counts":true
           ,"Zero Count Entries":"Disable"
           ,"Show Selected First":false
           ,"Maximum Displayed Entries":7
           ,"Display Filter Initially":false
          }
         ,"Actions Menu":{
            "Filter":true
           ,"Chart":false
          }
         ,"Advanced":{
            "Display Toggling":false
           ,"Collapsible":false
          }
         ,"Source":{
            "Database Column":"DISCOUNT"
           ,"Data Type":"NUMBER"
          }
         ,"Security":{
            "Store value encrypted in session state":true
          }
        }
      ]
     ,"Filters":[
        {
          "id":"42887193924405190819"
         ,"Identification":{
            "Name":"P2_SEARCH_PROD_1"
           ,"Type":"Search"
          }
         ,"Label":{
            "Label":"search"
          }
         ,"Settings":{
            "Search Type":"Row Search"
           ,"Collapsed Search Field":false
          }
         ,"Layout":{
            "Sequence":10
          }
         ,"Source":{
            "Database Column(s)":"PRODUCT_NAME,PRODUCT_DESCRIPTION,PRODUCT_DETAILS,IMAGE_FILENAME"
          }
         ,"Security":{
            "Store value encrypted in session state":true
          }
        }
       ,{
          "id":"42887194098746190820"
         ,"Identification":{
            "Name":"P2_FILTER_WITH_PRICE_1"
           ,"Type":"Range"
          }
         ,"Label":{
            "Label":"Filter With Price"
          }
         ,"Settings":{
            "Select Multiple":false
           ,"Manual Entry":false
          }
         ,"Layout":{
            "Sequence":20
          }
         ,"Appearance":{
            "Icon":"fa-money"
          }
         ,"List of Values":{
            "Type":"Static Values"
           ,"Static Values":"STATIC:Less Than 10 TDN;|10,From 10 to 50 TDN;20|50,From 50 To 100 TDN;50|100,From 100 To 200 TDN;100|200,From 200 To 300 TDN;200|300,More Than 100 TDN;300|"
          }
         ,"List Entries":{
            "Compute Counts":true
           ,"Show Counts":true
           ,"Zero Count Entries":"Disable"
           ,"Show Selected First":false
           ,"Client-Side Filtering":true
          }
         ,"Suggestions":{
            "Type":"None"
          }
         ,"Source":{
            "Database Column":"UNIT_PRICE"
           ,"Data Type":"NUMBER"
          }
         ,"Security":{
            "Store value encrypted in session state":true
          }
        }
       ,{
          "id":"42887194119318190821"
         ,"Identification":{
            "Name":"P2_HAS_DISCOUNT_1"
           ,"Type":"Range"
          }
         ,"Label":{
            "Label":"Filter With Discount"
          }
         ,"Settings":{
            "Select Multiple":false
           ,"Manual Entry":false
          }
         ,"Layout":{
            "Sequence":30
          }
         ,"Appearance":{
            "Icon":"fa-fire"
          }
         ,"List of Values":{
            "Type":"Static Values"
           ,"Static Values":"STATIC:More Than 5%;5|,More Than 10%;10|,More Than 25%;25|,More Than 50%;50|,More Than 75%;75|"
          }
         ,"List Entries":{
            "Compute Counts":true
           ,"Show Counts":true
           ,"Zero Count Entries":"Disable"
           ,"Show Selected First":false
           ,"Client-Side Filtering":false
          }
         ,"Suggestions":{
            "Type":"None"
          }
         ,"Source":{
            "Database Column":"DISCOUNT"
           ,"Data Type":"NUMBER"
          }
         ,"Security":{
            "Store value encrypted in session state":true
          }
        }
      ]
    }
   ,{
      "id":"65695537456337070607"
     ,"Identification":{
        "Title":"Filter Products"
       ,"Type":"Faceted Search"
      }
     ,"Source":{
        "Filtered Region":"products if main category (21887101690316527726)"
      }
     ,"Layout":{
        "Sequence":50
       ,"Parent Region":"No Parent"
       ,"Position":"REGION_POSITION_02"
       ,"Start New Layout":false
       ,"Start New Row":true
       ,"Column":"Automatic"
       ,"New Column":true
       ,"Column Span":"Automatic"
      }
     ,"Appearance":{
        "Template":"Standard (19471808805460504264)"
       ,"Template Options":[
          "#DEFAULT#"
         ,"t-Region--removeHeader js-removeLandmark"
         ,"t-Region--stacked"
         ,"t-Region--scrollBody"
        ]
       ,"Render Components":"Above Content"
      }
     ,"Accessibility":{
        "Use Landmark":true
       ,"Landmark Type":"Template Default"
      }
     ,"Advanced":{
        "Region Display Selector":false
       ,"Exclude Title from Translation":false
      }
     ,"Server-side Condition":{
        "Type":"Function Body"
       ,"Language":"PL\/SQL"
       ,"PL\/SQL Function Body":"DECLARE\n    l_parent_category number;\nBEGIN\n    select category_parent\n    into l_parent_category\n    from categories \n    where category_id = :P2_CATEG_ID;\n\n    if l_parent_category is not null then\n        return false;\n    else \n        return true;\n    \n    end if;\nend;"
      }
     ,"Server Cache":{
        "Caching":"Disabled"
      }
     ,"Customization":{
        "Customizable":"Not Customizable By End Users"
      }
     ,"Attributes":{
        "Settings":{
          "Batch Facet Changes":false
         ,"Compact Numbers Threshold":10000
         ,"Show Current Facets":"No"
         ,"Show Total Row Count":"No"
         ,"Show Charts":"No"
        }
      }
     ,"Facets":[
        {
          "id":"65695540222335070615"
         ,"Identification":{
            "Name":"P2_SEARCH_PROD"
           ,"Type":"Search"
          }
         ,"Label":{
            "Label":"search"
          }
         ,"Settings":{
            "Search Type":"Row Search"
           ,"Input Field":"Top of Faceted Search Region"
          }
         ,"Layout":{
            "Sequence":10
          }
         ,"Source":{
            "Database Column(s)":"PRODUCT_NAME,PRODUCT_DESCRIPTION,PRODUCT_DETAILS,IMAGE_FILENAME"
          }
         ,"Security":{
            "Store value encrypted in session state":true
          }
        }
       ,{
          "id":"78602152602420363211"
         ,"Identification":{
            "Name":"P2_FILTER_WITH_PRICE"
           ,"Type":"Range"
          }
         ,"Label":{
            "Label":"Filter With Price"
           ,"Show Label for Current Facet":true
          }
         ,"Settings":{
            "Select Multiple":false
           ,"Manual Entry":false
          }
         ,"Layout":{
            "Sequence":20
          }
         ,"Appearance":{
            "Icon":"fa-money"
          }
         ,"List of Values":{
            "Type":"Static Values"
           ,"Static Values":"STATIC:Less Than 10 TDN;|10,From 10 to 50 TDN;20|50,From 50 To 100 TDN;50|100,From 100 To 200 TDN;100|200,From 200 To 300 TDN;200|300,More Than 100 TDN;300|"
          }
         ,"List Entries":{
            "Compute Counts":true
           ,"Show Counts":true
           ,"Zero Count Entries":"Disable"
           ,"Show Selected First":false
           ,"Maximum Displayed Entries":7
           ,"Display Filter Initially":true
          }
         ,"Actions Menu":{
            "Filter":true
           ,"Chart":false
          }
         ,"Advanced":{
            "Display Toggling":false
           ,"Collapsible":false
          }
         ,"Source":{
            "Database Column":"UNIT_PRICE"
           ,"Data Type":"NUMBER"
          }
         ,"Security":{
            "Store value encrypted in session state":true
          }
        }
       ,{
          "id":"78602152742925363212"
         ,"Identification":{
            "Name":"P2_HAS_DISCOUNT"
           ,"Type":"Range"
          }
         ,"Label":{
            "Label":"Filter With Discount"
           ,"Show Label for Current Facet":true
          }
         ,"Settings":{
            "Select Multiple":false
           ,"Manual Entry":false
          }
         ,"Layout":{
            "Sequence":30
          }
         ,"Appearance":{
            "Icon":"fa-fire"
          }
         ,"List of Values":{
            "Type":"Static Values"
           ,"Static Values":"STATIC:More Than 5%;5|,More Than 10%;10|,More Than 25%;25|,More Than 50%;50|,More Than 75%;75|"
          }
         ,"List Entries":{
            "Compute Counts":true
           ,"Show Counts":true
           ,"Zero Count Entries":"Disable"
           ,"Show Selected First":false
           ,"Maximum Displayed Entries":7
           ,"Display Filter Initially":false
          }
         ,"Actions Menu":{
            "Filter":true
           ,"Chart":false
          }
         ,"Advanced":{
            "Display Toggling":false
           ,"Collapsible":false
          }
         ,"Source":{
            "Database Column":"DISCOUNT"
           ,"Data Type":"NUMBER"
          }
         ,"Security":{
            "Store value encrypted in session state":true
          }
        }
      ]
     ,"Filters":[
        {
          "id":"65695540222335070615"
         ,"Identification":{
            "Name":"P2_SEARCH_PROD"
           ,"Type":"Search"
          }
         ,"Label":{
            "Label":"search"
          }
         ,"Settings":{
            "Search Type":"Row Search"
           ,"Collapsed Search Field":false
          }
         ,"Layout":{
            "Sequence":10
          }
         ,"Source":{
            "Database Column(s)":"PRODUCT_NAME,PRODUCT_DESCRIPTION,PRODUCT_DETAILS,IMAGE_FILENAME"
          }
         ,"Security":{
            "Store value encrypted in session state":true
          }
        }
       ,{
          "id":"78602152602420363211"
         ,"Identification":{
            "Name":"P2_FILTER_WITH_PRICE"
           ,"Type":"Range"
          }
         ,"Label":{
            "Label":"Filter With Price"
          }
         ,"Settings":{
            "Select Multiple":false
           ,"Manual Entry":false
          }
         ,"Layout":{
            "Sequence":20
          }
         ,"Appearance":{
            "Icon":"fa-money"
          }
         ,"List of Values":{
            "Type":"Static Values"
           ,"Static Values":"STATIC:Less Than 10 TDN;|10,From 10 to 50 TDN;20|50,From 50 To 100 TDN;50|100,From 100 To 200 TDN;100|200,From 200 To 300 TDN;200|300,More Than 100 TDN;300|"
          }
         ,"List Entries":{
            "Compute Counts":true
           ,"Show Counts":true
           ,"Zero Count Entries":"Disable"
           ,"Show Selected First":false
           ,"Client-Side Filtering":true
          }
         ,"Suggestions":{
            "Type":"None"
          }
         ,"Source":{
            "Database Column":"UNIT_PRICE"
           ,"Data Type":"NUMBER"
          }
         ,"Security":{
            "Store value encrypted in session state":true
          }
        }
       ,{
          "id":"78602152742925363212"
         ,"Identification":{
            "Name":"P2_HAS_DISCOUNT"
           ,"Type":"Range"
          }
         ,"Label":{
            "Label":"Filter With Discount"
          }
         ,"Settings":{
            "Select Multiple":false
           ,"Manual Entry":false
          }
         ,"Layout":{
            "Sequence":30
          }
         ,"Appearance":{
            "Icon":"fa-fire"
          }
         ,"List of Values":{
            "Type":"Static Values"
           ,"Static Values":"STATIC:More Than 5%;5|,More Than 10%;10|,More Than 25%;25|,More Than 50%;50|,More Than 75%;75|"
          }
         ,"List Entries":{
            "Compute Counts":true
           ,"Show Counts":true
           ,"Zero Count Entries":"Disable"
           ,"Show Selected First":false
           ,"Client-Side Filtering":false
          }
         ,"Suggestions":{
            "Type":"None"
          }
         ,"Source":{
            "Database Column":"DISCOUNT"
           ,"Data Type":"NUMBER"
          }
         ,"Security":{
            "Store value encrypted in session state":true
          }
        }
      ]
    }
  ]
 ,"Page Items":[
    {
      "id":"21951574961343991009"
     ,"Identification":{
        "Name":"P2_CATEG_ID"
       ,"Type":"Hidden"
      }
     ,"Settings":{
        "Value Protected":false
      }
     ,"Layout":{
        "Sequence":10
       ,"Region":"No Parent"
       ,"Position":"BODY"
      }
     ,"Advanced":{
        "Warn on Unsaved Changes":"Page Default"
      }
     ,"Source":{
        "Type":"Null"
       ,"Used":"Only when current value in session state is null"
      }
     ,"Default":{
        "Type":"Static"
       ,"Static Value":"1"
      }
     ,"Session State":{
        "Data Type":"VARCHAR2"
       ,"Storage":"Per Session (Persistent)"
      }
     ,"Security":{
        "Session State Protection":"Unrestricted"
       ,"Store value encrypted in session state":true
       ,"Restricted Characters":"All characters can be saved."
      }
    }
  ]
 ,"Dynamic Actions":[
    {
      "id":"22821463395971138536"
     ,"Identification":{
        "Name":"Show success Message"
      }
     ,"Execution":{
        "Sequence":10
      }
     ,"When":{
        "Event":"EVENT.EVENT.FAMEWORK.APEXAFTERCLOSEDIALOG"
       ,"Selection Type":"Region"
       ,"Region":"products if main category (21887101690316527726)"
      }
     ,"Execution":{
        "Event Scope":"Static"
       ,"Type":"Immediate"
      }
     ,"Actions":[
        {
          "id":"22821463411584138537"
         ,"Identification":{
            "Action":"Execute JavaScript Code"
          }
         ,"Settings":{
            "Code":"var productAction   = this.data.P18_ACTION,\n    productQuantity = this.data.P18_QUANTITY,\n    productCard$  = apex.jQuery(\"#message_\" + this.data.P18_PRODUCT_ID);\n\nif (productAction === \u0027ADD\u0027) {\n    productCard$.text(\"Added \" + productQuantity + \" to cart!\");\n} else if (productAction === \u0027EDIT\u0027) {\n    productCard$.text(\"Updated quantity to \" + productQuantity + \"!\");\n} else if (productAction === \u0027DELETE\u0027) {\n    productCard$.text(\"Removed from cart!\");\n}"
          }
         ,"Execution":{
            "Sequence":10
           ,"Event":"Show success Message (22821463395971138536)"
           ,"Fire When Event Result Is":"True"
           ,"Fire on Initialization":false
          }
        }
      ]
    }
   ,{
      "id":"22821463565596138538"
     ,"Identification":{
        "Name":"Update Shopping Cart Header"
      }
     ,"Execution":{
        "Sequence":20
      }
     ,"When":{
        "Event":"EVENT.EVENT.FAMEWORK.APEXAFTERCLOSEDIALOG"
       ,"Selection Type":"Region"
       ,"Region":"products if main category (21887101690316527726)"
      }
     ,"Client-side Condition":{
        "Type":"JavaScript expression"
       ,"JavaScript Expression":"parseInt(this.data.SHOPPING_CART_ITEMS) \u003E 0"
      }
     ,"Execution":{
        "Event Scope":"Static"
       ,"Type":"Immediate"
      }
     ,"Actions":[
        {
          "id":"22821463681979138539"
         ,"Identification":{
            "Action":"Execute JavaScript Code"
          }
         ,"Settings":{
            "Code":"\/\/ Update Badge Text\napex.jQuery(\".js-shopping-cart-item .t-Button-badge\").text(this.data.SHOPPING_CART_ITEMS);\n\n\/\/ Update Icon\napex.jQuery(\".js-shopping-cart-item .t-Icon\").removeClass(\u0027fa-cart-empty\u0027).addClass(\u0027fa-cart-full\u0027);"
          }
         ,"Execution":{
            "Sequence":10
           ,"Event":"Update Shopping Cart Header (22821463565596138538)"
           ,"Fire When Event Result Is":"True"
           ,"Fire on Initialization":false
          }
        }
       ,{
          "id":"22821463787428138540"
         ,"Identification":{
            "Action":"Execute JavaScript Code"
          }
         ,"Settings":{
            "Code":"\/\/ Update Badge Text\napex.jQuery(\".js-shopping-cart-item .t-Button-badge\").text(\u0027\u0027);\n\n\/\/ Update Icon\napex.jQuery(\".js-shopping-cart-item .t-Icon\").removeClass(\u0027fa-cart-full\u0027).addClass(\u0027fa-cart-empty\u0027);"
          }
         ,"Execution":{
            "Sequence":10
           ,"Event":"Update Shopping Cart Header (22821463565596138538)"
           ,"Fire When Event Result Is":"False"
           ,"Fire on Initialization":false
          }
        }
      ]
    }
   ,{
      "id":"37781261115186828702"
     ,"Identification":{
        "Name":"wishlist"
      }
     ,"Execution":{
        "Sequence":30
      }
     ,"When":{
        "Event":"EVENT.EVENT.BROWSER.CLICK"
       ,"Selection Type":"jQuery Selector"
       ,"jQuery Selector":".heart"
      }
     ,"Execution":{
        "Event Scope":"Dynamic"
       ,"Type":"Immediate"
      }
     ,"Server-side Condition":{
        "Type":"Expression"
       ,"Language":"PL\/SQL"
       ,"PL\/SQL Expression":"APEX_AUTHENTICATION.IS_AUTHENTICATED"
      }
     ,"Actions":[
        {
          "id":"37781261589954828704"
         ,"Identification":{
            "Action":"Execute JavaScript Code"
          }
         ,"Settings":{
            "Code":"console.log($v(\u0027P2_PRODUCT_ID\u0027))"
          }
         ,"Execution":{
            "Sequence":20
           ,"Event":"wishlist (37781261115186828702)"
           ,"Fire When Event Result Is":"True"
           ,"Fire on Initialization":false
          }
        }
       ,{
          "id":"37781262052496828704"
         ,"Identification":{
            "Name":"set value"
           ,"Action":"Set Value"
          }
         ,"Settings":{
            "Set Type":"JavaScript Expression"
           ,"JavaScript Expression":"$(this.triggeringElement).data(\u0027id\u0027)"
           ,"Suppress Change Event":false
          }
         ,"Affected Elements":{
            "Selection Type":"Item(s)"
           ,"Item(s)":[
              "P2_PRODUCT_ID"
            ]
          }
         ,"Execution":{
            "Sequence":10
           ,"Event":"wishlist (37781261115186828702)"
           ,"Fire When Event Result Is":"True"
           ,"Fire on Initialization":true
           ,"Stop Execution On Error":true
           ,"Wait For Result":true
          }
        }
       ,{
          "id":"37781262522795828704"
         ,"Identification":{
            "Name":"add_wishlist"
           ,"Action":"Execute Server-side Code"
          }
         ,"Settings":{
            "Language":"PE.PROPERTY.SOURCE_SNIPPET_LANG.LOV.PLSQL.D"
           ,"PL\/SQL Code":"BEGIN\n  IF APEX_AUTHENTICATION.IS_AUTHENTICATED THEN\n    ADD_TO_WISHLIST.ADD_PRODUCT(:P18_PRODUCT_ID, to_number(:USER_ID));\n  ELSE\n    apex_error.add_error (\n      p_message =\u003E \u0027Login first to unlock this action.\u0027,\n      p_display_location =\u003E apex_error.c_inline_in_notification\n    );\n  END IF;\nEND;\n"
           ,"Items to Submit":[
              "P2_PRODUCT_ID"
            ]
          }
         ,"Execution":{
            "Sequence":40
           ,"Event":"wishlist (37781261115186828702)"
           ,"Fire When Event Result Is":"True"
           ,"Fire on Initialization":false
           ,"Stop Execution On Error":true
           ,"Wait For Result":true
          }
        }
       ,{
          "id":"37781263055189828704"
         ,"Identification":{
            "Action":"Execute JavaScript Code"
          }
         ,"Settings":{
            "Code":"apex.message.showPageSuccess( \u0027Product added to wishlist\u0027 );"
          }
         ,"Execution":{
            "Sequence":50
           ,"Event":"wishlist (37781261115186828702)"
           ,"Fire When Event Result Is":"True"
           ,"Fire on Initialization":false
          }
        }
      ]
    }
   ,{
      "id":"37781272935001831157"
     ,"Identification":{
        "Name":"wishlist_error"
      }
     ,"Execution":{
        "Sequence":40
      }
     ,"When":{
        "Event":"EVENT.EVENT.BROWSER.CLICK"
       ,"Selection Type":"jQuery Selector"
       ,"jQuery Selector":".heart"
      }
     ,"Execution":{
        "Event Scope":"Dynamic"
       ,"Type":"Immediate"
      }
     ,"Server-side Condition":{
        "Type":"Expression"
       ,"Language":"PL\/SQL"
       ,"PL\/SQL Expression":"not APEX_AUTHENTICATION.IS_AUTHENTICATED"
      }
     ,"Actions":[
        {
          "id":"37781273319830831157"
         ,"Identification":{
            "Action":"Execute JavaScript Code"
          }
         ,"Settings":{
            "Code":"apex.message.showErrors([\n    {\n        type:       \"error\",\n        location:   [ \"page\" ],\n        message:    \"You Must Be Authenticated Before Adding Product To Wishlist !\",\n        unsafe:     false\n    }\n]);\n"
          }
         ,"Execution":{
            "Sequence":10
           ,"Event":"wishlist_error (37781272935001831157)"
           ,"Fire When Event Result Is":"True"
           ,"Fire on Initialization":false
          }
        }
      ]
    }
  ]
}
