{
  "id":"75"
 ,"Identification":{
    "Name":"Seller Dashboard Customers"
   ,"Alias":"SELLER-DASHBOARD-CUSTOMERS"
   ,"Title":"Seller Dashboard Customers"
  }
 ,"Appearance":{
    "Page Mode":"Normal"
   ,"Page Template":"Left Side Column (19471509145742504218)"
   ,"Template Options":[
      "#DEFAULT#"
    ]
  }
 ,"Navigation Menu":{
    "Override User Interface Level":false
  }
 ,"Navigation":{
    "Cursor Focus":"Do not focus cursor"
   ,"Warn on Unsaved Changes":true
  }
 ,"CSS":{
    "File URLs":[
      "#APP_FILES#Styling\/main_style#MIN#.css"
    ]
   ,"Inline":".t-Report-colHead {\n    font-family: var(--secondary-header-font);\n}\n\n.t-Report-cell {\n    font-family: var(--regular-text-font);\n}\n\n.t-Report-cell \u003E img{\n    width: 100px !important;\n    height: 100px !important;\n    object-fit: contain;\n    border-radius: 12px;\n}\n\n.send-message {\n    color: var(--fouth-color);\n}"
  }
 ,"Security":{
    "Authentication":"Page Requires Authentication"
   ,"Deep Linking":"Application Default"
   ,"Page Access Protection":"Arguments Must Have Checksum"
   ,"Form Auto Complete":"Off"
   ,"Browser Cache":"Application Default"
  }
 ,"Session Management":{
    "Rejoin Sessions":"Application Default"
  }
 ,"Advanced":{
    "Enable duplicate page submissions":"Yes - Enable page to be re-posted"
   ,"Reload on Submit":"Only for Success"
  }
 ,"Server Cache":{
    "Caching":"Disabled"
  }
 ,"Regions":[
    {
      "id":"40021826070707182130"
     ,"Identification":{
        "Title":"Seller Dashboard Navigation"
       ,"Type":"List"
      }
     ,"Source":{
        "List":"Seller Dashboard List (38784043417088031374)"
      }
     ,"Layout":{
        "Sequence":10
       ,"Parent Region":"No Parent"
       ,"Position":"REGION_POSITION_02"
       ,"Start New Layout":false
       ,"Start New Row":true
       ,"Column":"Automatic"
       ,"New Column":true
       ,"Column Span":"Automatic"
      }
     ,"Appearance":{
        "Template":"Standard (19471808805460504264)"
       ,"Template Options":[
          "#DEFAULT#"
         ,"t-Region--noPadding"
         ,"t-Region--removeHeader js-removeLandmark"
         ,"t-Region--noUI"
         ,"t-Region--scrollBody"
        ]
       ,"CSS Classes":[
          "dashboard-side-menu"
        ]
       ,"Render Components":"Above Content"
      }
     ,"Accessibility":{
        "Use Landmark":true
       ,"Landmark Type":"Template Default"
      }
     ,"Advanced":{
        "Region Display Selector":false
       ,"Exclude Title from Translation":false
      }
     ,"Server Cache":{
        "Caching":"Disabled"
      }
     ,"Customization":{
        "Customizable":"Not Customizable By End Users"
      }
     ,"Attributes":{
        "Appearance":{
          "List Template":"Links List (19471863408174504294)"
         ,"Template Options":[
            "#DEFAULT#"
           ,"t-LinksList--showArrow"
           ,"t-LinksList--showIcons"
          ]
         ,"CSS Classes":[
            "dashboard-side-menu-list"
          ]
        }
      }
    }
   ,{
      "id":"40021826180142182131"
     ,"Identification":{
        "Title":"List Of Customers"
       ,"Type":"Classic Report"
      }
     ,"Source":{
        "Location":"Local Database"
       ,"Type":"SQL Query"
       ,"SQL Query":"SELECT DISTINCT c.customer_id,\n    c.firstname || \u0027 \u0027 || c.lastname fullname,\n    c.phone, \n    c.email,\n    c.address,\n    ct.city_name, \n    st.state_name , \n    \u0027Send Message\u0027\nFROM customer c\nLEFT JOIN cities ct ON c.city_id = ct.city_id\nLEFT JOIN states st ON ct.state_id = st.state_id \nLEFT JOIN orders o ON c.customer_id = o.customer_id\nLEFT JOIN order_items oi ON o.order_id = oi.order_id\nLEFT JOIN product p ON oi.product_id = p.product_id\nLEFT JOIN stores s ON p.store_id = s.store_id \nWHERE s.customer_id = TO_NUMBER(:USER_ID);"
      }
     ,"Layout":{
        "Sequence":20
       ,"Parent Region":"No Parent"
       ,"Position":"BODY"
       ,"Start New Layout":false
       ,"Start New Row":true
       ,"Column":"Automatic"
       ,"New Column":true
       ,"Column Span":"Automatic"
      }
     ,"Appearance":{
        "Template":"Standard (19471808805460504264)"
       ,"Template Options":[
          "#DEFAULT#"
         ,"t-Region--scrollBody"
        ]
       ,"Render Components":"Above Content"
      }
     ,"Accessibility":{
        "Use Landmark":true
       ,"Landmark Type":"Template Default"
      }
     ,"Advanced":{
        "Region Display Selector":false
       ,"Exclude Title from Translation":false
      }
     ,"Server Cache":{
        "Caching":"Disabled"
      }
     ,"Customization":{
        "Customizable":"Not Customizable By End Users"
      }
     ,"Attributes":{
        "Layout":{
          "Number of Rows Type":"Static Value"
         ,"Number of Rows":15
        }
       ,"Appearance":{
          "Template Type":"Theme"
         ,"Template":"Standard (19471847069031504283)"
         ,"Template Options":[
            "#DEFAULT#"
           ,"t-Report--stretch"
           ,"t-Report--altRowsDefault"
           ,"t-Report--rowHighlight"
           ,"t-Report--inline"
          ]
        }
       ,"Pagination":{
          "Type":"No Pagination (Show All Rows)"
         ,"Partial Page Refresh":false
        }
       ,"Messages":{
          "When No Data Found":"No Customers Yet !"
        }
       ,"Break Formatting":{
          "Break Columns":"First Column"
         ,"Style":"Default Break Formatting"
        }
       ,"Advanced":{
          "Strip HTML":false
         ,"Sort Nulls":"Last"
        }
       ,"Heading":{
          "Type":"Custom Headings"
        }
       ,"Download":{
          "CSV Export Enabled":false
        }
       ,"Printing":{
          "Enabled":false
        }
      }
     ,"Columns":[
        {
          "id":"40242457417864369204"
         ,"Identification":{
            "Column Name":"FULLNAME"
           ,"Type":"Plain Text"
          }
         ,"Heading":{
            "Heading":"Name"
           ,"Alignment":"start"
          }
         ,"Layout":{
            "Sequence":20
           ,"Column Alignment":"start"
          }
         ,"Accessibility":{
            "Value Identifies Row":false
          }
         ,"Sorting":{
            "Sortable":true
          }
         ,"Export \/ Printing":{
            "Include In Export \/ Print":true
          }
         ,"Advanced":{
            "Compute Sum":false
          }
         ,"UI Defaults Reference":{
            "Table Owner":"Parsing Schema"
          }
         ,"Security":{
            "Escape special characters":true
          }
        }
       ,{
          "id":"40242457510008369205"
         ,"Identification":{
            "Column Name":"PHONE"
           ,"Type":"Plain Text"
          }
         ,"Heading":{
            "Heading":"Phone"
           ,"Alignment":"center"
          }
         ,"Layout":{
            "Sequence":30
           ,"Column Alignment":"center"
          }
         ,"Accessibility":{
            "Value Identifies Row":false
          }
         ,"Sorting":{
            "Sortable":true
          }
         ,"Export \/ Printing":{
            "Include In Export \/ Print":true
          }
         ,"Advanced":{
            "Compute Sum":false
          }
         ,"UI Defaults Reference":{
            "Table Owner":"Parsing Schema"
          }
         ,"Security":{
            "Escape special characters":true
          }
        }
       ,{
          "id":"40242457684266369206"
         ,"Identification":{
            "Column Name":"EMAIL"
           ,"Type":"Plain Text"
          }
         ,"Heading":{
            "Heading":"Email"
           ,"Alignment":"center"
          }
         ,"Layout":{
            "Sequence":40
           ,"Column Alignment":"center"
          }
         ,"Accessibility":{
            "Value Identifies Row":false
          }
         ,"Sorting":{
            "Sortable":true
          }
         ,"Export \/ Printing":{
            "Include In Export \/ Print":true
          }
         ,"Advanced":{
            "Compute Sum":false
          }
         ,"UI Defaults Reference":{
            "Table Owner":"Parsing Schema"
          }
         ,"Security":{
            "Escape special characters":true
          }
        }
       ,{
          "id":"40242457713951369207"
         ,"Identification":{
            "Column Name":"ADDRESS"
           ,"Type":"Plain Text"
          }
         ,"Heading":{
            "Heading":"Address"
           ,"Alignment":"center"
          }
         ,"Layout":{
            "Sequence":50
           ,"Column Alignment":"center"
          }
         ,"Accessibility":{
            "Value Identifies Row":false
          }
         ,"Sorting":{
            "Sortable":true
          }
         ,"Export \/ Printing":{
            "Include In Export \/ Print":true
          }
         ,"Advanced":{
            "Compute Sum":false
          }
         ,"UI Defaults Reference":{
            "Table Owner":"Parsing Schema"
          }
         ,"Security":{
            "Escape special characters":true
          }
        }
       ,{
          "id":"40242457898140369208"
         ,"Identification":{
            "Column Name":"CITY_NAME"
           ,"Type":"Plain Text"
          }
         ,"Heading":{
            "Heading":"City Name"
           ,"Alignment":"center"
          }
         ,"Layout":{
            "Sequence":60
           ,"Column Alignment":"center"
          }
         ,"Accessibility":{
            "Value Identifies Row":false
          }
         ,"Sorting":{
            "Sortable":true
          }
         ,"Export \/ Printing":{
            "Include In Export \/ Print":true
          }
         ,"Advanced":{
            "Compute Sum":false
          }
         ,"UI Defaults Reference":{
            "Table Owner":"Parsing Schema"
          }
         ,"Security":{
            "Escape special characters":true
          }
        }
       ,{
          "id":"40242457940063369209"
         ,"Identification":{
            "Column Name":"STATE_NAME"
           ,"Type":"Plain Text"
          }
         ,"Heading":{
            "Heading":"State Name"
           ,"Alignment":"center"
          }
         ,"Layout":{
            "Sequence":70
           ,"Column Alignment":"center"
          }
         ,"Accessibility":{
            "Value Identifies Row":false
          }
         ,"Sorting":{
            "Sortable":true
          }
         ,"Export \/ Printing":{
            "Include In Export \/ Print":true
          }
         ,"Advanced":{
            "Compute Sum":false
          }
         ,"UI Defaults Reference":{
            "Table Owner":"Parsing Schema"
          }
         ,"Security":{
            "Escape special characters":true
          }
        }
       ,{
          "id":"40242458071047369210"
         ,"Identification":{
            "Column Name":"\u0027SENDMESSAGE\u0027"
           ,"Type":"Link"
          }
         ,"Heading":{
            "Heading":"Send Message"
           ,"Alignment":"center"
          }
         ,"Layout":{
            "Sequence":80
           ,"Column Alignment":"center"
          }
         ,"Accessibility":{
            "Value Identifies Row":false
          }
         ,"Link":{
            "Target":{
              "url":"f?p=\u0026APP_ID.:80:\u0026SESSION.::\u0026DEBUG.:80:P80_PARTICIPANT_1_ID,P80_PARTICIPANT_2_ID:\u0026USER_ID.,#CUSTOMER_ID#"
             ,"Page":"80"
             ,"Clear Cache":"80"
             ,"Values":{
                "P80_PARTICIPANT_1_ID":"\u0026USER_ID."
               ,"P80_PARTICIPANT_2_ID":"#CUSTOMER_ID#"
              }
            }
           ,"Link Text":"\u003Cspan class=\"fa fa-comments-o send-message\" aria-hidden=\"true \"\u003E\u003C\/span\u003E"
          }
         ,"Sorting":{
            "Sortable":true
          }
         ,"Export \/ Printing":{
            "Include In Export \/ Print":true
          }
         ,"Advanced":{
            "Compute Sum":false
          }
         ,"UI Defaults Reference":{
            "Table Owner":"Parsing Schema"
          }
         ,"Security":{
            "Escape special characters":true
          }
        }
       ,{
          "id":"41154317512325227824"
         ,"Identification":{
            "Column Name":"CUSTOMER_ID"
           ,"Type":"Hidden Column"
          }
         ,"Layout":{
            "Sequence":10
          }
         ,"UI Defaults Reference":{
            "Table Owner":"Parsing Schema"
          }
         ,"Security":{
            "Escape special characters":true
          }
        }
      ]
    }
   ,{
      "id":"40242458180564369211"
     ,"Identification":{
        "Title":"Customers by Regions"
       ,"Type":"Chart"
      }
     ,"Layout":{
        "Sequence":10
       ,"Parent Region":"No Parent"
       ,"Position":"BODY"
       ,"Start New Layout":false
       ,"Start New Row":true
       ,"Column":"Automatic"
       ,"New Column":true
       ,"Column Span":"Automatic"
      }
     ,"Appearance":{
        "Template":"Standard (19471808805460504264)"
       ,"Template Options":[
          "#DEFAULT#"
         ,"t-Region--scrollBody"
        ]
       ,"Render Components":"Above Content"
      }
     ,"Accessibility":{
        "Use Landmark":true
       ,"Landmark Type":"Template Default"
      }
     ,"Advanced":{
        "Region Display Selector":false
       ,"Exclude Title from Translation":false
      }
     ,"Security":{
        "Escape special characters":true
      }
     ,"Server Cache":{
        "Caching":"Disabled"
      }
     ,"Customization":{
        "Customizable":"Not Customizable By End Users"
      }
     ,"Attributes":{
        "id":"40242458278204369212"
       ,"Chart":{
          "Type":"Bar"
        }
       ,"Appearance":{
          "Orientation":"Vertical"
         ,"Stack":false
        }
       ,"Layout":{
          "Height":400
        }
       ,"Data Cursor":{
          "Cursor":"Automatic"
         ,"Behavior":"Automatic"
         ,"Dim On Hover":true
        }
       ,"Multi-Series Chart Data":{
          "Fill Gaps in Chart Data":true
         ,"Sort Order":"Label - Ascending"
         ,"Render Gap as Zero":true
        }
       ,"Settings":{
          "Zoom and Scroll":"No"
        }
       ,"Animation":{
          "On Display":"Alpha Fade"
         ,"On Data Change":"Automatic"
        }
       ,"Tooltip":{
          "Show":true
         ,"Show Series Name":false
         ,"Show Group Name":true
         ,"Show Value":true
        }
       ,"Legend":{
          "Show":false
        }
       ,"Series":[
          {
            "id":"40242458325306369213"
           ,"Identification":{
              "Name":"Series 1"
            }
           ,"Execution":{
              "Sequence":10
            }
           ,"Source":{
              "Location":"Local Database"
             ,"Type":"SQL Query"
             ,"SQL Query":"    select  st.state_name, count(DISTINCT o.customer_id)\n    from    orders o, order_items oi, customer c, cities ct, states st\n    where   o.order_id = oi.order_id\n    and     o.customer_id = c.customer_id\n    and     c.city_id = ct.city_id \n    and     ct.state_id = st.state_id\n    group by st.state_name\n    order by count(DISTINCT o.customer_id);"
            }
           ,"Column Mapping":{
              "Label":"STATE_NAME"
             ,"Value":"COUNT(DISTINCTO.CUSTOMER_ID)"
            }
           ,"Appearance":{
              "Color":"#3a3632"
             ,"Assigned To Y2 Axis":false
            }
           ,"Label":{
              "Show":false
            }
          }
        ]
       ,"Axes":[
          {
            "id":"40242458841235369218"
           ,"Identification":{
              "Name":"x"
             ,"Show Axis":true
             ,"Title":"States"
            }
           ,"Title":{
              "Font Family":"Comic Sans MS"
             ,"Font Style":"Italic"
             ,"Font Size":"10"
            }
           ,"Value":{
              "Format Scaling":"Automatic"
             ,"Baseline Scaling":"Zero"
             ,"Scale":"Linear"
            }
           ,"Major Ticks":{
              "Show":"Yes"
            }
           ,"Minor Ticks":{
              "Show":false
            }
           ,"Tick Label":{
              "Show":true
             ,"Rotation":true
             ,"Position":"Outside"
            }
          }
         ,{
            "id":"40242458925850369219"
           ,"Identification":{
              "Name":"y"
             ,"Show Axis":true
             ,"Title":"Number Of Customers"
            }
           ,"Title":{
              "Font Family":"Comic Sans MS"
             ,"Font Style":"Italic"
             ,"Font Size":"10"
            }
           ,"Value":{
              "Format":"Decimal"
             ,"Decimal Places":0
             ,"Format Scaling":"None"
             ,"Baseline Scaling":"Zero"
             ,"Scale":"Linear"
             ,"Step":1
            }
           ,"Appearance":{
              "Position":"Automatic"
            }
           ,"Major Ticks":{
              "Show":"Yes"
            }
           ,"Minor Ticks":{
              "Show":false
            }
           ,"Tick Label":{
              "Show":true
            }
          }
        ]
      }
    }
  ]
}
