{
  "id":"22"
 ,"Identification":{
    "Name":"Test Search"
   ,"Alias":"TEST-SEARCH"
   ,"Title":"Test Search"
  }
 ,"Appearance":{
    "Page Mode":"Normal"
   ,"Page Template":"Theme Default"
   ,"Template Options":[
      "#DEFAULT#"
    ]
  }
 ,"Navigation Menu":{
    "Override User Interface Level":false
  }
 ,"Navigation":{
    "Cursor Focus":"Do not focus cursor"
   ,"Warn on Unsaved Changes":true
  }
 ,"Security":{
    "Authentication":"Page Requires Authentication"
   ,"Deep Linking":"Application Default"
   ,"Page Access Protection":"Arguments Must Have Checksum"
   ,"Form Auto Complete":"Off"
   ,"Browser Cache":"Application Default"
  }
 ,"Session Management":{
    "Rejoin Sessions":"Application Default"
  }
 ,"Advanced":{
    "Enable duplicate page submissions":"Yes - Enable page to be re-posted"
   ,"Reload on Submit":"Only for Success"
  }
 ,"Server Cache":{
    "Caching":"Disabled"
  }
 ,"Regions":[
    {
      "id":"42453383308044451817"
     ,"Identification":{
        "Title":"Search Results"
       ,"Type":"Search"
      }
     ,"Layout":{
        "Sequence":20
       ,"Parent Region":"No Parent"
       ,"Position":"BODY"
       ,"Start New Layout":false
       ,"Start New Row":true
       ,"Column":"Automatic"
       ,"New Column":true
       ,"Column Span":"Automatic"
      }
     ,"Appearance":{
        "Template":"Search Results Container (19471806124228504263)"
       ,"Template Options":[
          "#DEFAULT#"
        ]
       ,"Render Components":"Above Content"
      }
     ,"Accessibility":{
        "Use Landmark":true
       ,"Landmark Type":"Template Default"
      }
     ,"Advanced":{
        "Region Display Selector":false
       ,"Exclude Title from Translation":false
      }
     ,"Server Cache":{
        "Caching":"Disabled"
      }
     ,"Customization":{
        "Customizable":"Not Customizable By End Users"
      }
     ,"Attributes":{
        "Settings":{
          "Search Page Item":"P22_SEARCH"
         ,"Search as You Type":true
         ,"Minimum Characters":"No minimum (0)"
         ,"Lazy Loading":true
         ,"Use Pagination":true
         ,"Results per Page":15
         ,"Show Result Count":"No"
         ,"Custom Layout":false
        }
      }
     ,"Search Sources":[
        {
          "id":"42453383874009451818"
         ,"Identification":{
            "Name":"Global Search"
           ,"Search Configuration":"Global Search (42453370874989447827)"
           ,"Use as Initial Result":false
          }
         ,"Layout":{
            "Sequence":10
          }
        }
      ]
    }
  ]
 ,"Page Items":[
    {
      "id":"42453384322529451820"
     ,"Identification":{
        "Name":"P22_SEARCH"
       ,"Type":"Text Field"
      }
     ,"Label":{
        "Label":"Search"
       ,"Alignment":"Left"
      }
     ,"Settings":{
        "Subtype":"Search"
       ,"Trim Spaces":"Leading and Trailing"
       ,"Text Case":"NO CHANGE"
       ,"Submit when Enter pressed":false
       ,"Disabled":false
      }
     ,"Layout":{
        "Sequence":10
       ,"Region":"Search Results (42453383308044451817)"
       ,"Position":"SEARCH_FIELD"
       ,"Alignment":"Left"
       ,"Start New Layout":false
       ,"Start New Row":true
       ,"Column":"Automatic"
       ,"New Column":true
       ,"Column Span":"Automatic"
       ,"Label Column Span":"Page Template Default"
      }
     ,"Appearance":{
        "Template":"Hidden (19471879237081504302)"
       ,"Template Options":[
          "#DEFAULT#"
         ,"t-Form-fieldContainer--stretchInputs"
         ,"t-Form-fieldContainer--large"
        ]
       ,"Icon":"fa-search"
      }
     ,"Validation":{
        "Value Required":false
      }
     ,"Advanced":{
        "Warn on Unsaved Changes":"Ignore"
      }
     ,"Source":{
        "Type":"Null"
       ,"Used":"Only when current value in session state is null"
      }
     ,"Session State":{
        "Storage":"Per Session (Persistent)"
      }
     ,"Quick Picks":{
        "Show Quick Picks":false
      }
     ,"Security":{
        "Session State Protection":"Unrestricted"
       ,"Store value encrypted in session state":true
       ,"Restricted Characters":"All characters can be saved."
      }
    }
  ]
}
