{
  "id":"0"
 ,"Identification":{
    "Name":"Global Page"
  }
 ,"Regions":[
    {
      "id":"37171148900440069245"
     ,"Identification":{
        "Title":"Footer"
       ,"Type":"Static Content"
      }
     ,"Source":{
        "HTML Code":"footer"
      }
     ,"Layout":{
        "Sequence":20
       ,"Parent Region":"No Parent"
       ,"Position":"REGION_POSITION_05"
       ,"Start New Layout":false
       ,"Start New Row":true
       ,"Column":"Automatic"
       ,"New Column":true
       ,"Column Span":"Automatic"
      }
     ,"Appearance":{
        "Template":"Standard (19471808805460504264)"
       ,"Template Options":[
          "#DEFAULT#"
         ,"t-Region--textContent"
         ,"t-Region--scrollBody"
        ]
       ,"Render Components":"Above Content"
      }
     ,"Accessibility":{
        "Use Landmark":true
       ,"Landmark Type":"Template Default"
      }
     ,"Advanced":{
        "Region Display Selector":false
       ,"Exclude Title from Translation":false
      }
     ,"Server Cache":{
        "Caching":"Disabled"
      }
     ,"Customization":{
        "Customizable":"Not Customizable By End Users"
      }
     ,"Attributes":{
        "Settings":{
          "Output As":"HTML"
         ,"Expand Shortcuts":false
        }
      }
    }
   ,{
      "id":"42374006910461189316"
     ,"Identification":{
        "Title":"Search"
       ,"Type":"Static Content"
      }
     ,"Layout":{
        "Sequence":20
       ,"Parent Region":"No Parent"
       ,"Position":"AFTER_LOGO"
       ,"Start New Layout":false
       ,"Start New Row":true
       ,"Column":"Automatic"
       ,"New Column":true
       ,"Column Span":"Automatic"
      }
     ,"Appearance":{
        "Template":"Standard (19471808805460504264)"
       ,"Template Options":[
          "#DEFAULT#"
         ,"t-Region--removeHeader js-removeLandmark"
         ,"t-Region--textContent"
         ,"t-Region--scrollBody"
        ]
       ,"CSS Classes":[
          "search-container"
        ]
       ,"Render Components":"Above Content"
      }
     ,"Accessibility":{
        "Use Landmark":true
       ,"Landmark Type":"Template Default"
      }
     ,"Advanced":{
        "Region Display Selector":false
       ,"Exclude Title from Translation":false
      }
     ,"Server Cache":{
        "Caching":"Disabled"
      }
     ,"Customization":{
        "Customizable":"Not Customizable By End Users"
      }
     ,"Attributes":{
        "Settings":{
          "Output As":"HTML"
         ,"Expand Shortcuts":false
        }
      }
    }
  ]
 ,"Page Items":[
    {
      "id":"42153515912322704827"
     ,"Identification":{
        "Name":"P0_NOTIFICATIONS"
       ,"Type":"Hidden"
      }
     ,"Settings":{
        "Value Protected":false
      }
     ,"Layout":{
        "Sequence":10
       ,"Region":"No Parent"
       ,"Position":"BODY"
      }
     ,"Advanced":{
        "Warn on Unsaved Changes":"Page Default"
      }
     ,"Source":{
        "Type":"Null"
       ,"Used":"Only when current value in session state is null"
      }
     ,"Default":{
        "Type":"Static"
       ,"Static Value":"0"
      }
     ,"Session State":{
        "Data Type":"VARCHAR2"
       ,"Storage":"Per Session (Persistent)"
      }
     ,"Security":{
        "Session State Protection":"Unrestricted"
       ,"Store value encrypted in session state":true
       ,"Restricted Characters":"All characters can be saved."
      }
    }
   ,{
      "id":"42374007030312189317"
     ,"Identification":{
        "Name":"P0_GLOBAL_SEARCH"
       ,"Type":"Text Field with autocomplete"
      }
     ,"Label":{
        "Label":"Global Search"
       ,"Alignment":"Left"
      }
     ,"Settings":{
        "Search":"Contains \u0026 Ignore Case"
       ,"Fetch On Type":true
       ,"Cache":false
       ,"Maximum Values in List":15
       ,"Minimum Search":1
      }
     ,"Layout":{
        "Sequence":10
       ,"Region":"Search (42374006910461189316)"
       ,"Position":"BODY"
       ,"Alignment":"Left"
       ,"Start New Layout":false
       ,"Start New Row":true
       ,"Column":"Automatic"
       ,"New Column":true
       ,"Column Span":"Automatic"
       ,"Label Column Span":"Page Template Default"
      }
     ,"Appearance":{
        "Template":"Hidden (19471879237081504302)"
       ,"Template Options":[
          "#DEFAULT#"
         ,"t-Form-fieldContainer--stretchInputs"
        ]
       ,"CSS Classes":[
          "search-item"
        ]
       ,"Icon":"fa-search"
       ,"Width":40
       ,"Value Placeholder":"Search For Brands, Products, Categories...."
      }
     ,"Validation":{
        "Value Required":false
      }
     ,"List of Values":{
        "Type":"SQL Query"
       ,"SQL Query":"SELECT display_text\nFROM GLOBAL_SEARCH_VIEW"
       ,"Display Extra Values":true
      }
     ,"Advanced":{
        "Warn on Unsaved Changes":"Page Default"
      }
     ,"Source":{
        "Type":"Null"
       ,"Used":"Only when current value in session state is null"
      }
     ,"Session State":{
        "Storage":"Per Request (Memory Only)"
      }
     ,"Security":{
        "Session State Protection":"Unrestricted"
       ,"Store value encrypted in session state":true
       ,"Restricted Characters":"All characters can be saved."
      }
    }
   ,{
      "id":"42374007616469189323"
     ,"Identification":{
        "Name":"P0_SEARCH_URL"
       ,"Type":"Hidden"
      }
     ,"Settings":{
        "Value Protected":false
      }
     ,"Layout":{
        "Sequence":30
       ,"Region":"Search (42374006910461189316)"
       ,"Position":"BODY"
      }
     ,"Advanced":{
        "Warn on Unsaved Changes":"Page Default"
      }
     ,"Source":{
        "Type":"Null"
       ,"Used":"Only when current value in session state is null"
      }
     ,"Session State":{
        "Data Type":"VARCHAR2"
       ,"Storage":"Per Session (Persistent)"
      }
     ,"Security":{
        "Session State Protection":"Unrestricted"
       ,"Store value encrypted in session state":true
       ,"Restricted Characters":"All characters can be saved."
      }
    }
   ,{
      "id":"42879126667300839745"
     ,"Identification":{
        "Name":"P0_USER_NOTIFICATIONS"
       ,"Type":"Hidden"
      }
     ,"Settings":{
        "Value Protected":true
      }
     ,"Layout":{
        "Sequence":40
       ,"Region":"Search (42374006910461189316)"
       ,"Position":"BODY"
      }
     ,"Advanced":{
        "Warn on Unsaved Changes":"Page Default"
      }
     ,"Source":{
        "Type":"Null"
       ,"Used":"Only when current value in session state is null"
      }
     ,"Session State":{
        "Data Type":"VARCHAR2"
       ,"Storage":"Per Session (Persistent)"
      }
     ,"Security":{
        "Session State Protection":"Unrestricted"
       ,"Store value encrypted in session state":true
       ,"Restricted Characters":"All characters can be saved."
      }
    }
   ,{
      "id":"52184849887477530130"
     ,"Identification":{
        "Name":"P0_ORDER_CHANGE"
       ,"Type":"Hidden"
      }
     ,"Settings":{
        "Value Protected":false
      }
     ,"Layout":{
        "Sequence":20
       ,"Region":"No Parent"
       ,"Position":"BODY"
      }
     ,"Advanced":{
        "Warn on Unsaved Changes":"Page Default"
      }
     ,"Source":{
        "Type":"Null"
       ,"Used":"Only when current value in session state is null"
      }
     ,"Session State":{
        "Data Type":"VARCHAR2"
       ,"Storage":"Per Session (Persistent)"
      }
     ,"Security":{
        "Session State Protection":"Unrestricted"
       ,"Store value encrypted in session state":true
       ,"Restricted Characters":"All characters can be saved."
      }
    }
   ,{
      "id":"52184850719005530139"
     ,"Identification":{
        "Name":"P0_ORDER_CHANGE_LIST"
       ,"Type":"Hidden"
      }
     ,"Settings":{
        "Value Protected":false
      }
     ,"Layout":{
        "Sequence":30
       ,"Region":"No Parent"
       ,"Position":"BODY"
      }
     ,"Advanced":{
        "Warn on Unsaved Changes":"Page Default"
      }
     ,"Source":{
        "Type":"Null"
       ,"Used":"Only when current value in session state is null"
      }
     ,"Session State":{
        "Data Type":"VARCHAR2"
       ,"Storage":"Per Session (Persistent)"
      }
     ,"Security":{
        "Session State Protection":"Unrestricted"
       ,"Store value encrypted in session state":true
       ,"Restricted Characters":"All characters can be saved."
      }
    }
  ]
 ,"Dynamic Actions":[
    {
      "id":"18879228866208497237"
     ,"Identification":{
        "Name":"Build Custom Navigation Bar"
      }
     ,"Execution":{
        "Sequence":10
      }
     ,"When":{
        "Event":"EVENT.EVENT.BROWSER.READY"
      }
     ,"Execution":{
        "Event Scope":"Static"
      }
     ,"Actions":[
        {
          "id":"18879228929926497238"
         ,"Identification":{
            "Action":"Execute JavaScript Code"
          }
         ,"Settings":{
            "Code":"\n$(\u0027#navigation_bar_custom_items\u0027).insertBefore($(\u0027.t-Header-navBar\u0027));\n\n"
          }
         ,"Execution":{
            "Sequence":10
           ,"Event":"Build Custom Navigation Bar (18879228866208497237)"
           ,"Fire When Event Result Is":"True"
           ,"Fire on Initialization":false
          }
        }
      ]
    }
   ,{
      "id":"42374007430226189321"
     ,"Identification":{
        "Name":"Go"
      }
     ,"Execution":{
        "Sequence":20
      }
     ,"When":{
        "Event":"EVENT.EVENT.BROWSER.CHANGE"
       ,"Selection Type":"Item(s)"
       ,"Item(s)":[
          "P0_GLOBAL_SEARCH"
        ]
      }
     ,"Execution":{
        "Event Scope":"Static"
       ,"Type":"Immediate"
      }
     ,"Actions":[
        {
          "id":"42374007521378189322"
         ,"Identification":{
            "Action":"Execute Server-side Code"
          }
         ,"Settings":{
            "Language":"PE.PROPERTY.SOURCE_SNIPPET_LANG.LOV.PLSQL.D"
           ,"PL\/SQL Code":"DECLARE\n    v_url VARCHAR2(4000);\nBEGIN\n    SELECT entry_target\n    INTO v_url\n    FROM GLOBAL_SEARCH_VIEW\n    WHERE display_text LIKE \u0027%\u0027 || :P0_GLOBAL_SEARCH || \u0027%\u0027;\n\n    v_url := REPLACE(v_url, \u0027\u0026\u0027||\u0027SESSION.\u0027, \u0027\u0026SESSION.\u0027);\n    v_url := REPLACE(v_url, \u0027\u0026\u0027||\u0027APP_SESSION.\u0027, \u0027\u0026APP_SESSION.\u0027);\n    v_url := REPLACE(v_url, \u0027\u0026\u0027||\u0027DEBUG.\u0027, \u0027\u0026DEBUG.\u0027);\n    v_url := REPLACE(v_url, \u0027\u0026\u0027||\u0027APP_ID.\u0027, \u0027\u0026APP_ID.\u0027);\n\n    :P0_SEARCH_URL := APEX_UTIL.PREPARE_URL(\n        p_url =\u003E v_url\n    );\n\n    :P0_GLOBAL_SEARCH := NULL;\nEXCEPTION\n    WHEN NO_DATA_FOUND THEN\n        :P0_SEARCH_URL := APEX_PAGE.GET_URL(\n            p_page =\u003E 23,\n            p_items =\u003E \u0027P23_SEARCH_CRITERIA\u0027,\n            p_values =\u003E :P0_GLOBAL_SEARCH\n        );\n    WHEN TOO_MANY_ROWS THEN\n        :P0_SEARCH_URL := APEX_PAGE.GET_URL(\n            p_page =\u003E 23,\n            p_items =\u003E \u0027P23_SEARCH_CRITERIA\u0027,\n            p_values =\u003E :P0_GLOBAL_SEARCH\n        );\nEND;\n"
           ,"Items to Submit":[
              "P0_GLOBAL_SEARCH"
            ]
           ,"Items to Return":[
              "P0_SEARCH_URL"
             ,"P0_GLOBAL_SEARCH"
            ]
           ,"Suppress Change Event":false
          }
         ,"Execution":{
            "Sequence":20
           ,"Event":"Go (42374007430226189321)"
           ,"Fire When Event Result Is":"True"
           ,"Fire on Initialization":false
           ,"Stop Execution On Error":true
           ,"Wait For Result":true
          }
        }
       ,{
          "id":"42374008047598189327"
         ,"Identification":{
            "Action":"Execute JavaScript Code"
          }
         ,"Settings":{
            "Code":"apex.page.cancelWarnOnUnsavedChanges();\napex.navigation.redirect($v(\u0027P0_SEARCH_URL\u0027));"
          }
         ,"Execution":{
            "Sequence":30
           ,"Event":"Go (42374007430226189321)"
           ,"Fire When Event Result Is":"True"
           ,"Fire on Initialization":false
          }
        }
      ]
    }
  ]
}
