{
  "id":"8001"
 ,"Identification":{
    "Name":"reset password"
   ,"Alias":"RESET-PASSWORD"
   ,"Title":"Reset Password"
  }
 ,"Appearance":{
    "Page Mode":"Modal Dialog"
   ,"Dialog Template":"Theme Default"
   ,"Template Options":[
      "#DEFAULT#"
    ]
  }
 ,"Dialog":{
    "Chained":true
  }
 ,"Navigation Menu":{
    "Override User Interface Level":false
  }
 ,"Navigation":{
    "Cursor Focus":"Do not focus cursor"
   ,"Warn on Unsaved Changes":true
  }
 ,"CSS":{
    "File URLs":[
      "#APP_FILES#Styling\/main_style#MIN#.css"
    ]
   ,"Inline":"\/*.t-Region-title{\n    border-bottom: 1px solid  #D3D3D3\n}*\/\n\n"
  }
 ,"Security":{
    "Authentication":"Page Is Public"
  }
 ,"Advanced":{
    "Enable Meta Tags":false
  }
 ,"Security":{
    "Deep Linking":"Application Default"
   ,"Page Access Protection":"Unrestricted"
   ,"Form Auto Complete":"Off"
   ,"Browser Cache":"Application Default"
  }
 ,"Session Management":{
    "Rejoin Sessions":"Application Default"
  }
 ,"Advanced":{
    "Enable duplicate page submissions":"Yes - Enable page to be re-posted"
   ,"Reload on Submit":"Only for Success"
  }
 ,"Server Cache":{
    "Caching":"Disabled"
  }
 ,"Regions":[
    {
      "id":"37171147071769069226"
     ,"Identification":{
        "Title":"Enter your Email to Reset Password"
       ,"Type":"Static Content"
      }
     ,"Layout":{
        "Sequence":10
       ,"Parent Region":"No Parent"
       ,"Position":"BODY"
       ,"Start New Layout":false
       ,"Start New Row":true
       ,"Column":"Automatic"
       ,"New Column":true
       ,"Column Span":"Automatic"
      }
     ,"Appearance":{
        "Template":"Standard (19471808805460504264)"
       ,"Template Options":[
          "#DEFAULT#"
         ,"t-Region--noUI"
         ,"t-Region--scrollBody"
        ]
       ,"Render Components":"Above Content"
      }
     ,"Accessibility":{
        "Use Landmark":true
       ,"Landmark Type":"Template Default"
      }
     ,"Advanced":{
        "Region Display Selector":false
       ,"Exclude Title from Translation":false
      }
     ,"Server Cache":{
        "Caching":"Disabled"
      }
     ,"Customization":{
        "Customizable":"Not Customizable By End Users"
      }
     ,"Attributes":{
        "Settings":{
          "Output As":"HTML"
         ,"Expand Shortcuts":false
        }
      }
    }
  ]
 ,"Page Items":[
    {
      "id":"37171146935260069225"
     ,"Identification":{
        "Name":"P8001_EMAIL"
       ,"Type":"Text Field"
      }
     ,"Label":{
        "Alignment":"Left"
      }
     ,"Settings":{
        "Subtype":"Text"
       ,"Trim Spaces":"Leading and Trailing"
       ,"Text Case":"NO CHANGE"
       ,"Submit when Enter pressed":false
       ,"Disabled":false
      }
     ,"Layout":{
        "Sequence":20
       ,"Region":"Enter your Email to Reset Password (37171147071769069226)"
       ,"Position":"BODY"
       ,"Alignment":"Left"
       ,"Start New Layout":false
       ,"Start New Row":true
       ,"Column":"Automatic"
       ,"New Column":true
       ,"Column Span":"Automatic"
       ,"Label Column Span":"Page Template Default"
      }
     ,"Appearance":{
        "Template":"Required - Above (19471880312432504303)"
       ,"Template Options":[
          "#DEFAULT#"
         ,"t-Form-fieldContainer--stretchInputs"
        ]
       ,"Icon":"fa-envelope"
       ,"Width":30
      }
     ,"Validation":{
        "Value Required":false
      }
     ,"Advanced":{
        "Warn on Unsaved Changes":"Page Default"
      }
     ,"Source":{
        "Type":"Null"
       ,"Used":"Only when current value in session state is null"
      }
     ,"Session State":{
        "Storage":"Per Request (Memory Only)"
      }
     ,"Quick Picks":{
        "Show Quick Picks":false
      }
     ,"Security":{
        "Session State Protection":"Restricted - May not be set from browser"
       ,"Store value encrypted in session state":true
       ,"Restricted Characters":"All characters can be saved."
      }
    }
   ,{
      "id":"37171147875910069234"
     ,"Identification":{
        "Name":"P8001_LINK"
       ,"Type":"Hidden"
      }
     ,"Settings":{
        "Value Protected":true
      }
     ,"Layout":{
        "Sequence":10
       ,"Region":"Enter your Email to Reset Password (37171147071769069226)"
       ,"Position":"BODY"
      }
     ,"Advanced":{
        "Warn on Unsaved Changes":"Page Default"
      }
     ,"Source":{
        "Type":"Null"
       ,"Used":"Only when current value in session state is null"
      }
     ,"Session State":{
        "Data Type":"VARCHAR2"
       ,"Storage":"Per Request (Memory Only)"
      }
     ,"Security":{
        "Session State Protection":"Unrestricted"
       ,"Store value encrypted in session state":true
       ,"Restricted Characters":"All characters can be saved."
      }
    }
  ]
 ,"Buttons":[
    {
      "id":"37171146875982069224"
     ,"Identification":{
        "Button Name":"Submit"
       ,"Label":"Submit "
      }
     ,"Layout":{
        "Sequence":30
       ,"Region":"Enter your Email to Reset Password (37171147071769069226)"
       ,"Position":"CHANGE"
       ,"Start New Layout":false
       ,"Start New Row":true
       ,"Column":"Automatic"
       ,"New Column":true
       ,"Column Span":"Automatic"
      }
     ,"Appearance":{
        "Button Template":"Text with Icon (19471882117602504304)"
       ,"Hot":true
       ,"Template Options":[
          "#DEFAULT#"
         ,"t-Button--iconLeft"
        ]
       ,"Icon":"fa-send"
      }
     ,"Behavior":{
        "Action":"Submit Page"
       ,"Execute Validations":true
       ,"Warn on Unsaved Changes":"Do Not Check"
      }
    }
  ]
 ,"Validations":[
    {
      "id":"37171148308546069239"
     ,"Identification":{
        "Name":"check_customer_existance"
      }
     ,"Execution":{
        "Sequence":20
      }
     ,"Validation":{
        "Type":"Function Body (returning Boolean)"
       ,"Language":"PL\/SQL"
       ,"PL\/SQL Function Body":"DECLARE\n    v_email NUMBER;\nBEGIN\n    SELECT COUNT(*) INTO v_email FROM customer c WHERE c.email = :P8001_EMAIL; \n\n    IF v_email = 0 THEN \n        RETURN FALSE;\n    ELSE\n        RETURN TRUE;\n    END IF; \nEND;"
       ,"Always Execute":false
      }
     ,"Error":{
        "Error Message":"this customer does not exist check your email "
       ,"Display Location":"Inline with Field and in Notification"
      }
    }
   ,{
      "id":"37171148449448069240"
     ,"Identification":{
        "Name":"validate_email"
      }
     ,"Execution":{
        "Sequence":10
      }
     ,"Validation":{
        "Type":"Expression"
       ,"Language":"PL\/SQL"
       ,"PL\/SQL Expression":"VALIDATIONS.validate_email(:P8001_EMAIL)"
       ,"Always Execute":false
      }
     ,"Error":{
        "Error Message":"enter a valid email"
       ,"Display Location":"Inline with Field and in Notification"
      }
    }
  ]
 ,"Processes":[
    {
      "id":"37171147989147069235"
     ,"Identification":{
        "Name":"Generate Link"
       ,"Type":"Execute Code"
       ,"Execution Chain":"None"
      }
     ,"Source":{
        "Location":"Local Database"
       ,"Language":"PL\/SQL"
       ,"PL\/SQL Code":"  DECLARE\n    LV_LINK VARCHAR2(4000);\n  BEGIN\n    LV_LINK := APEX_PAGE.GET_URL(\n                                P_APPLICATION =\u003E :APP_ID,\n                                P_PAGE        =\u003E 8002,\n                                P_SESSION     =\u003E NULL,\n                                P_ITEMS       =\u003E \u0027P8002_USER_EMAIL\u0027,\n                                P_VALUES      =\u003E :P8001_EMAIL\n                                );\n      :P8001_LINK := \u0027 https:\/\/apex.oracle.com\u0027 || LV_LINK; \n      \n                              \n\n  EXCEPTION\n    WHEN OTHERS THEN NULL;\n  END;\n\n\n"
      }
     ,"Execution":{
        "Sequence":10
       ,"Point":"Processing"
       ,"Run Process":"Once Per Page Visit (default)"
      }
     ,"Success Message":{
        "Success Message":"link generated"
      }
     ,"Error":{
        "Error Message":"error generating this link"
       ,"Display Location":"Inline in Notification"
      }
     ,"Server-side Condition":{
        "Type":"Item is NOT NULL"
       ,"Item":"P8001_EMAIL"
      }
    }
   ,{
      "id":"37171148085917069236"
     ,"Identification":{
        "Name":"Send Email"
       ,"Type":"Send E-Mail"
       ,"Execution Chain":"None"
      }
     ,"Settings":{
        "From":"\u0026APP_EMAIL."
       ,"To":"\u0026P8001_EMAIL."
       ,"Subject":"Reset Password"
       ,"Body Plain Text":"  Please follow the below link to reset your Password:\n  \u0026P8001_LINK.\n\n\n\n\n  "
       ,"Send Immediately":true
      }
     ,"Execution":{
        "Sequence":20
       ,"Point":"Processing"
       ,"Run Process":"Once Per Page Visit (default)"
      }
     ,"Success Message":{
        "Success Message":"email sent "
      }
     ,"Error":{
        "Error Message":"error occured sending this email"
       ,"Display Location":"Inline in Notification"
      }
     ,"Server-side Condition":{
        "When Button Pressed":"Submit (37171146875982069224)"
       ,"Type":"Item is NOT NULL"
       ,"Item":"P8001_EMAIL"
      }
    }
  ]
}
