{
  "id":"9000"
 ,"Identification":{
    "Name":"Contact Administration"
   ,"Alias":"CONTACT-ADMINISTRATION"
   ,"Title":"Contact Administration"
  }
 ,"Appearance":{
    "Page Mode":"Normal"
   ,"Page Template":"Left Side Column (19471509145742504218)"
   ,"Template Options":[
      "#DEFAULT#"
    ]
   ,"CSS Classes":[
      "contact-admin"
    ]
  }
 ,"Navigation Menu":{
    "Override User Interface Level":false
  }
 ,"Navigation":{
    "Cursor Focus":"Do not focus cursor"
   ,"Warn on Unsaved Changes":true
  }
 ,"CSS":{
    "File URLs":[
      "#APP_FILES#Styling\/main_style#MIN#.css"
    ]
   ,"Inline":".left-side {\n    height: 100%;\n}\n\n\n.container \u003E h2, h1 {\n    text-align: center;\n    font-family: var(--secondary-header-font);\n    color: var(--fouth-color);\n}\n\n.container \u003E p{\n    font-family: var(--regular-text-font);\n    color: var(--fouth-color);\n}\n\n.container \u003E ul {\n    list-style: circle;\n}\n\n.container \u003E ul \u003E li {\n    font-family: var(--regular-text-font);\n}\n\n.header-content \u003E h2 {\n    font-family: var(--secondary-header-font);\n    text-align: center;\n    color: var(--fouth-color);\n}\n\n.header-content \u003E p {\n    font-family: var(--regular-text-font);\n    color: var(--fouth-color);\n    text-align: center;\n}\n\n.display_only {\n    background-color: var(--fouth-color);\n    color: var(--first-color);\n}"
  }
 ,"Security":{
    "Authentication":"Page Requires Authentication"
   ,"Deep Linking":"Application Default"
   ,"Page Access Protection":"Arguments Must Have Checksum"
   ,"Form Auto Complete":"Off"
   ,"Browser Cache":"Application Default"
  }
 ,"Session Management":{
    "Rejoin Sessions":"Application Default"
  }
 ,"Advanced":{
    "Enable duplicate page submissions":"Yes - Enable page to be re-posted"
   ,"Reload on Submit":"Only for Success"
  }
 ,"Server Cache":{
    "Caching":"Disabled"
  }
 ,"Regions":[
    {
      "id":"42000158041707054331"
     ,"Identification":{
        "Title":"Issue Form"
       ,"Type":"Form"
      }
     ,"Source":{
        "Location":"Local Database"
       ,"Type":"SQL Query"
       ,"SQL Query":"select ISSUE_RECORD_ID,\n       ir.CUSTOMER_ID,\n       c.firstname ,\n       c.lastname,\n       c.phone,\n       c.email,\n       TOPIC_ID,\n       CONTENT\n  from ISSUE_RECORDS ir, customer c\n  where ir.CUSTOMER_ID = c.CUSTOMER_ID"
      }
     ,"Layout":{
        "Sequence":20
       ,"Parent Region":"Contact Us (42000159960554054350)"
       ,"Position":"BODY"
       ,"Start New Layout":false
       ,"Start New Row":true
       ,"Column":"Automatic"
       ,"New Column":true
       ,"Column Span":"Automatic"
      }
     ,"Appearance":{
        "Template":"Standard (19471808805460504264)"
       ,"Template Options":[
          "#DEFAULT#"
         ,"t-Region--removeHeader js-removeLandmark"
         ,"t-Region--noUI"
         ,"t-Region--scrollBody"
        ]
       ,"Render Components":"Above Content"
      }
     ,"Accessibility":{
        "Use Landmark":true
       ,"Landmark Type":"Template Default"
      }
     ,"Advanced":{
        "Region Display Selector":false
       ,"Exclude Title from Translation":false
      }
     ,"Server Cache":{
        "Caching":"Disabled"
      }
     ,"Customization":{
        "Customizable":"Not Customizable By End Users"
      }
     ,"Attributes":{
        "Edit":{
          "Enabled":false
        }
      }
    }
   ,{
      "id":"42000158813329054339"
     ,"Identification":{
        "Title":"Explore"
       ,"Type":"Static Content"
      }
     ,"Layout":{
        "Sequence":30
       ,"Parent Region":"No Parent"
       ,"Position":"REGION_POSITION_02"
       ,"Start New Layout":false
       ,"Start New Row":true
       ,"Column":"Automatic"
       ,"New Column":true
       ,"Column Span":"Automatic"
      }
     ,"Appearance":{
        "Template":"Standard (19471808805460504264)"
       ,"Template Options":[
          "#DEFAULT#"
         ,"t-Region--stacked"
         ,"t-Region--scrollBody"
        ]
       ,"CSS Classes":[
          "left-side"
        ]
       ,"Render Components":"Above Content"
      }
     ,"Accessibility":{
        "Use Landmark":true
       ,"Landmark Type":"Template Default"
      }
     ,"Advanced":{
        "Region Display Selector":false
       ,"Exclude Title from Translation":false
      }
     ,"Server Cache":{
        "Caching":"Disabled"
      }
     ,"Customization":{
        "Customizable":"Not Customizable By End Users"
      }
     ,"Attributes":{
        "Settings":{
          "Output As":"HTML"
         ,"Expand Shortcuts":false
        }
      }
    }
   ,{
      "id":"42000159061672054341"
     ,"Identification":{
        "Title":"Terms Of service"
       ,"Type":"Static Content"
      }
     ,"Source":{
        "HTML Code":"     \u003Csection id=\"terms-of-service\"\u003E\n            \u003Cdiv class=\"container\"\u003E\n                \u003Ch1\u003ETerms of Service\u003C\/h1\u003E\n                \u003Cp\u003EWelcome to Happy Shopping!\u003C\/p\u003E\n                \u003Cp\u003EThese Terms of Service (\"Terms\") govern your access to and use of our online marketplace platform, including any subdomains and related services (collectively, the \"Platform\"). By accessing or using the Platform, you agree to be bound by these Terms. If you do not agree to these Terms, please refrain from using the Platform.\u003C\/p\u003E\n\n                \u003Ch2\u003E1. Acceptable Use\u003C\/h2\u003E\n                \u003Cp\u003E1.1. You must be at least 15 years old to use the Platform. If you are accessing or using the Platform on behalf of a company or other legal entity, you represent and warrant that you have the authority to bind that entity to these Terms.\u003C\/p\u003E\n                \u003Cp\u003E1.2. You agree not to use the Platform for any illegal, unauthorized, or prohibited purposes. You shall not violate any applicable laws or regulations while using the Platform.\u003C\/p\u003E\n                \u003Cp\u003E1.3. You shall not engage in any activity that could harm, disable, overburden, or impair the Platform\u0027s proper functioning or interfere with other users\u0027 use of the Platform.\u003C\/p\u003E\n\n                \u003Ch2\u003E2. User Accounts\u003C\/h2\u003E\n                \u003Cp\u003E2.1. To access certain features of the Platform, you may be required to create a user account. You are responsible for maintaining the confidentiality of your account credentials and for all activities that occur under your account.\u003C\/p\u003E\n                \u003Cp\u003E2.2. You agree to provide accurate and up-to-date information during the registration process. You must promptly notify us if there are any changes to this information.\u003C\/p\u003E\n                \u003Cp\u003E2.3. You are solely responsible for safeguarding your account and ensuring that unauthorized access to your account does not occur. You shall immediately notify us of any unauthorized use of your account or any other security breaches.\u003C\/p\u003E\n\n                \u003Ch2\u003E3. Store Creation and Product Listings\u003C\/h2\u003E\n                \u003Cp\u003E3.1. Happy Shopping allows users to create stores and list products for sale. By listing products on the Platform, you affirm that you have the right to sell those products, and you grant Happy Shopping a non-exclusive, worldwide, royalty-free, and transferable license to use, display, and distribute the content associated with your products.\u003C\/p\u003E\n                \u003Cp\u003E3.2. You are solely responsible for the accuracy and legality of the product listings, including any product descriptions, images, and prices. Happy Shopping reserves the right to remove any listings that violate our policies or are deemed inappropriate.\u003C\/p\u003E\n                \u003Cp\u003E3.3. You shall not list prohibited or restricted items on the Platform, as outlined in our Prohibited Items Policy.\u003C\/p\u003E\n\n                \u003Ch2\u003E4. Prohibited Items\u003C\/h2\u003E\n                \u003Cp\u003E4.1. The following items are strictly prohibited from being listed or sold on Happy Shopping:\u003C\/p\u003E\n                \u003Cul\u003E\n                    \u003Cli\u003EIllegal or illicit substances, drugs, or drug paraphernalia\u003C\/li\u003E\n                    \u003Cli\u003EWeapons, firearms, or ammunition\u003C\/li\u003E\n                    \u003Cli\u003EStolen goods or items that promote illegal activities\u003C\/li\u003E\n                    \u003Cli\u003ECounterfeit or replica products\u003C\/li\u003E\n                    \u003Cli\u003EAdult content or explicit material\u003C\/li\u003E\n                    \u003Cli\u003EHazardous materials or substances\u003C\/li\u003E\n                    \u003Cli\u003EProducts infringing on intellectual property rights\u003C\/li\u003E\n                    \u003Cli\u003ELive animals or endangered species\u003C\/li\u003E\n                    \u003Cli\u003ETobacco or related paraphernalia\u003C\/li\u003E\n                    \u003Cli\u003EPrescription drugs or medications\u003C\/li\u003E\n                    \u003Cli\u003EAlcohol or alcoholic beverages\u003C\/li\u003E\n                    \u003Cli\u003EAny items promoting hate speech, discrimination, or violence\u003C\/li\u003E\n                    \u003Cli\u003EAny items that violate applicable laws or regulations\u003C\/li\u003E\n                \u003C\/ul\u003E\n                \u003Cp\u003E4.2. Happy Shopping reserves the right to remove any listings that contain prohibited items or content, and take appropriate actions against users who violate this policy, including termination of their accounts.\u003C\/p\u003E\n\n\n            \u003C\/div\u003E\n        \u003C\/section\u003E"
      }
     ,"Layout":{
        "Sequence":20
       ,"Parent Region":"No Parent"
       ,"Position":"BODY"
       ,"Start New Layout":false
       ,"Start New Row":true
       ,"Column":"Automatic"
       ,"New Column":true
       ,"Column Span":"Automatic"
      }
     ,"Appearance":{
        "Template":"Standard (19471808805460504264)"
       ,"Template Options":[
          "#DEFAULT#"
         ,"t-Region--removeHeader js-removeLandmark"
         ,"t-Region--noUI"
         ,"t-Region--scrollBody"
        ]
       ,"Render Components":"Above Content"
      }
     ,"Accessibility":{
        "Use Landmark":true
       ,"Landmark Type":"Template Default"
      }
     ,"Advanced":{
        "Static ID":"term-service-region"
       ,"Region Display Selector":false
       ,"Exclude Title from Translation":false
      }
     ,"Server Cache":{
        "Caching":"Disabled"
      }
     ,"Customization":{
        "Customizable":"Not Customizable By End Users"
      }
     ,"Attributes":{
        "Settings":{
          "Output As":"HTML"
         ,"Expand Shortcuts":false
        }
      }
    }
   ,{
      "id":"42000159960554054350"
     ,"Identification":{
        "Title":"Contact Us"
       ,"Type":"Static Content"
      }
     ,"Layout":{
        "Sequence":30
       ,"Parent Region":"No Parent"
       ,"Position":"BODY"
       ,"Start New Layout":false
       ,"Start New Row":true
       ,"Column":"Automatic"
       ,"New Column":true
       ,"Column Span":"Automatic"
      }
     ,"Appearance":{
        "Template":"Standard (19471808805460504264)"
       ,"Template Options":[
          "#DEFAULT#"
         ,"t-Region--removeHeader js-removeLandmark"
         ,"t-Region--noUI"
         ,"t-Region--scrollBody"
        ]
       ,"Render Components":"Above Content"
      }
     ,"Accessibility":{
        "Use Landmark":true
       ,"Landmark Type":"Template Default"
      }
     ,"Advanced":{
        "Static ID":"contact-region"
       ,"Region Display Selector":false
       ,"Exclude Title from Translation":false
      }
     ,"Server Cache":{
        "Caching":"Disabled"
      }
     ,"Customization":{
        "Customizable":"Not Customizable By End Users"
      }
     ,"Attributes":{
        "Settings":{
          "Output As":"HTML"
         ,"Expand Shortcuts":false
        }
      }
    }
   ,{
      "id":"42153514082023704808"
     ,"Identification":{
        "Title":"About Us"
       ,"Type":"Static Content"
      }
     ,"Source":{
        "HTML Code":"        \u003Csection id=\"about\"\u003E\n            \u003Cdiv class=\"container\"\u003E\n                \u003Ch1\u003EAbout Us\u003C\/h1\u003E\n                \u003Cp\u003EWelcome to Happy Shopping, where entrepreneurial dreams take flight and creativity knows no bounds. We are more than just an online marketplace; we are a thriving community of passionate individuals who dare to turn their visions into reality.\u003C\/p\u003E\n                \u003Cp\u003EAt the core of our mission is the belief that every business, regardless of size, has the potential to make a significant impact. As avid supporters of small businesses, we have made it our purpose to break down barriers and empower sellers to reach their full potential.\u003C\/p\u003E\n                \u003Cp\u003EWhat sets us apart is our commitment to curating a diverse and exceptional marketplace that showcases a wide array of products from artisans, craftsmen, and independent businesses worldwide. We take pride in promoting unique, one-of-a-kind items that you won\u0027t find in traditional retail stores.\u003C\/p\u003E\n                \u003Cp\u003EOur journey began with a vision to create a platform that fosters growth, nurtures innovation, and cultivates meaningful connections between sellers and buyers. We are continually driven by our passion for empowering entrepreneurs and connecting people through the love of creativity and craftsmanship.\u003C\/p\u003E\n                \u003Cp\u003EAs you explore our marketplace, you\u0027ll find an extensive range of products carefully crafted with love and dedication. From handcrafted jewelry to artistic home decor, from eco-friendly fashion to cutting-edge tech gadgets - there\u0027s something for everyone at Happy Shopping.\u003C\/p\u003E\n                \u003Cp\u003EOur dedication to exceptional customer experiences extends beyond the platform itself. We take pride in our personalized support and attentive customer service. Whether you\u0027re a seller navigating your store or a buyer seeking the perfect item, our team is always here to assist you.\u003C\/p\u003E\n                \u003Cp\u003EAt Happy Shopping, we envision a world where small businesses flourish, empowering individuals and communities worldwide. We are on a mission to inspire entrepreneurship, support artisans, and revolutionize the way people shop.\u003C\/p\u003E\n                \u003Cp\u003EJoin us on this exciting journey of creativity, entrepreneurship, and community. Together, we can make a difference, one unique creation at a time.\u003C\/p\u003E\n            \u003C\/div\u003E\n        \u003C\/section\u003E\n\n        \u003C!-- Mission Section --\u003E\n        \u003Csection id=\"mission\"\u003E\n            \u003Cdiv class=\"container\"\u003E\n                \u003Ch2\u003EOur Mission\u003C\/h2\u003E\n                \u003Cp\u003EOur mission at Happy Shopping is to empower and support small business owners in realizing their dreams. We strive to:\u003C\/p\u003E\n                \u003Cul\u003E\n                    \u003Cli\u003EProvide a platform that allows sellers to showcase their unique products to a global audience.\u003C\/li\u003E\n                    \u003Cli\u003EOffer a seamless and user-friendly experience for sellers to set up and manage their stores.\u003C\/li\u003E\n                    \u003Cli\u003EPromote diversity, sustainability, and social responsibility through our curated selection of products.\u003C\/li\u003E\n                    \u003Cli\u003ECreate an environment that fosters creativity, innovation, and collaboration among sellers.\u003C\/li\u003E\n                    \u003Cli\u003EDeliver exceptional customer service and support to both sellers and buyers on our platform.\u003C\/li\u003E\n                \u003C\/ul\u003E\n                \u003Cp\u003EAt the heart of our mission lies the belief that by supporting small businesses, we contribute to stronger communities and a more sustainable future.\u003C\/p\u003E\n            \u003C\/div\u003E\n        \u003C\/section\u003E\n\n        \u003C!-- Vision Section --\u003E\n        \u003Csection id=\"vision\"\u003E\n            \u003Cdiv class=\"container\"\u003E\n                \u003Ch2\u003EOur Vision\u003C\/h2\u003E\n                \u003Cp\u003EOur vision at Happy Shopping is to be the global leader in empowering small businesses and artisans to thrive in the digital economy. We aim to:\u003C\/p\u003E\n                \u003Cul\u003E\n                    \u003Cli\u003EConnect millions of sellers with buyers from all corners of the world, promoting cross-cultural exchange and appreciation.\u003C\/li\u003E\n                    \u003Cli\u003EInspire the next generation of entrepreneurs to pursue their passions and create innovative, socially responsible businesses.\u003C\/li\u003E\n                    \u003Cli\u003ECurate a marketplace that celebrates craftsmanship, creativity, and the beauty of handmade products.\u003C\/li\u003E\n                    \u003Cli\u003EBe the go-to destination for customers seeking unique, high-quality items that tell a story.\u003C\/li\u003E\n                    \u003Cli\u003EDrive positive social impact by supporting local communities, fair trade practices, and eco-friendly initiatives.\u003C\/li\u003E\n                \u003C\/ul\u003E\n                \u003Cp\u003EOur vision extends far beyond transactions; it is a journey of empowerment, discovery, and shared success.\u003C\/p\u003E\n            \u003C\/div\u003E\n        \u003C\/section\u003E"
      }
     ,"Layout":{
        "Sequence":10
       ,"Parent Region":"No Parent"
       ,"Position":"BODY"
       ,"Start New Layout":false
       ,"Start New Row":true
       ,"Column":"Automatic"
       ,"New Column":true
       ,"Column Span":"Automatic"
      }
     ,"Appearance":{
        "Template":"Standard (19471808805460504264)"
       ,"Template Options":[
          "#DEFAULT#"
         ,"t-Region--removeHeader js-removeLandmark"
         ,"t-Region--noUI"
         ,"t-Region--scrollBody"
        ]
       ,"Render Components":"Above Content"
      }
     ,"Accessibility":{
        "Use Landmark":true
       ,"Landmark Type":"Template Default"
      }
     ,"Advanced":{
        "Static ID":"about-region"
       ,"Region Display Selector":false
       ,"Exclude Title from Translation":false
      }
     ,"Server Cache":{
        "Caching":"Disabled"
      }
     ,"Customization":{
        "Customizable":"Not Customizable By End Users"
      }
     ,"Attributes":{
        "Settings":{
          "Output As":"HTML"
         ,"Expand Shortcuts":false
        }
      }
    }
   ,{
      "id":"42153514961230704817"
     ,"Identification":{
        "Title":"header"
       ,"Type":"Static Content"
      }
     ,"Source":{
        "HTML Code":"\u003Cdiv class=\"header-content\"\u003E\n    \u003Ch2\u003EWe are happy to hear form you\u003C\/h2\u003E\n    \u003Cp\u003EWe\u0027re Here for You 24\/7\u003C\/p\u003E\n    \u003Cp\u003EGot a question or need assistance? Our team is here to help!\u003C\/p\u003E\n\u003C\/div\u003E"
      }
     ,"Layout":{
        "Sequence":10
       ,"Parent Region":"Contact Us (42000159960554054350)"
       ,"Position":"BODY"
       ,"Start New Layout":false
       ,"Start New Row":true
       ,"Column":"Automatic"
       ,"New Column":true
       ,"Column Span":"Automatic"
      }
     ,"Appearance":{
        "Template":"Standard (19471808805460504264)"
       ,"Template Options":[
          "#DEFAULT#"
         ,"t-Region--removeHeader js-removeLandmark"
         ,"t-Region--textContent"
         ,"t-Region--scrollBody"
        ]
       ,"Render Components":"Above Content"
      }
     ,"Accessibility":{
        "Use Landmark":true
       ,"Landmark Type":"Template Default"
      }
     ,"Advanced":{
        "Region Display Selector":false
       ,"Exclude Title from Translation":false
      }
     ,"Server Cache":{
        "Caching":"Disabled"
      }
     ,"Customization":{
        "Customizable":"Not Customizable By End Users"
      }
     ,"Attributes":{
        "Settings":{
          "Output As":"HTML"
         ,"Expand Shortcuts":false
        }
      }
    }
  ]
 ,"Page Items":[
    {
      "id":"42000158236516054333"
     ,"Identification":{
        "Name":"P9000_ISSUE_RECORD_ID"
       ,"Type":"Hidden"
      }
     ,"Settings":{
        "Value Protected":true
      }
     ,"Layout":{
        "Sequence":50
       ,"Region":"Issue Form (42000158041707054331)"
       ,"Position":"BODY"
      }
     ,"Advanced":{
        "Warn on Unsaved Changes":"Page Default"
      }
     ,"Source":{
        "Form Region":"Issue Form (42000158041707054331)"
       ,"Column":"ISSUE_RECORD_ID"
       ,"Data Type":"NUMBER"
       ,"Query Only":false
       ,"Primary Key":true
      }
     ,"Session State":{
        "Data Type":"VARCHAR2"
       ,"Storage":"Per Request (Memory Only)"
      }
     ,"Security":{
        "Session State Protection":"Checksum Required - Session Level"
       ,"Store value encrypted in session state":true
       ,"Restricted Characters":"All characters can be saved."
      }
    }
   ,{
      "id":"42000158362551054334"
     ,"Identification":{
        "Name":"P9000_CUSTOMER_ID"
       ,"Type":"Hidden"
      }
     ,"Settings":{
        "Value Protected":false
      }
     ,"Layout":{
        "Sequence":60
       ,"Region":"Issue Form (42000158041707054331)"
       ,"Position":"BODY"
      }
     ,"Advanced":{
        "Warn on Unsaved Changes":"Page Default"
      }
     ,"Source":{
        "Form Region":"Issue Form (42000158041707054331)"
       ,"Column":"CUSTOMER_ID"
       ,"Data Type":"NUMBER"
       ,"Query Only":false
       ,"Primary Key":false
      }
     ,"Session State":{
        "Data Type":"VARCHAR2"
       ,"Storage":"Per Request (Memory Only)"
      }
     ,"Security":{
        "Session State Protection":"Unrestricted"
       ,"Store value encrypted in session state":true
       ,"Restricted Characters":"All characters can be saved."
      }
    }
   ,{
      "id":"42000158458524054335"
     ,"Identification":{
        "Name":"P9000_TOPIC_ID"
       ,"Type":"Select List"
      }
     ,"Label":{
        "Label":"Issue Topic"
       ,"Alignment":"Left"
      }
     ,"Settings":{
        "Page Action on Selection":"None"
       ,"Allow Multi Selection":false
      }
     ,"Layout":{
        "Sequence":70
       ,"Region":"Issue Form (42000158041707054331)"
       ,"Position":"BODY"
       ,"Alignment":"Left"
       ,"Start New Layout":false
       ,"Start New Row":true
       ,"Column":"Automatic"
       ,"New Column":true
       ,"Column Span":"Automatic"
       ,"Label Column Span":"Page Template Default"
      }
     ,"Appearance":{
        "Template":"Optional - Floating (19471879586967504303)"
       ,"Template Options":[
          "#DEFAULT#"
        ]
       ,"Height":1
      }
     ,"Validation":{
        "Value Required":false
      }
     ,"List of Values":{
        "Type":"SQL Query"
       ,"SQL Query":"SELECT\n    topic, topic_id\nFROM \n    issue_topics"
       ,"Display Extra Values":true
       ,"Display Null Value":true
       ,"Null Display Value":"-- Choose Issue Topic --"
      }
     ,"Advanced":{
        "Warn on Unsaved Changes":"Page Default"
      }
     ,"Source":{
        "Form Region":"Issue Form (42000158041707054331)"
       ,"Column":"TOPIC_ID"
       ,"Data Type":"NUMBER"
       ,"Query Only":false
       ,"Primary Key":false
      }
     ,"Session State":{
        "Storage":"Per Request (Memory Only)"
      }
     ,"Quick Picks":{
        "Show Quick Picks":false
      }
     ,"Security":{
        "Session State Protection":"Unrestricted"
       ,"Store value encrypted in session state":true
       ,"Restricted Characters":"All characters can be saved."
      }
    }
   ,{
      "id":"42000158535344054336"
     ,"Identification":{
        "Name":"P9000_CONTENT"
       ,"Type":"Textarea"
      }
     ,"Label":{
        "Label":"Type You meesage here"
       ,"Alignment":"Left"
      }
     ,"Settings":{
        "Resizable":true
       ,"Auto-Height":false
       ,"Character Counter":false
       ,"Trim Spaces":"Leading and Trailing"
      }
     ,"Layout":{
        "Sequence":80
       ,"Region":"Issue Form (42000158041707054331)"
       ,"Position":"BODY"
       ,"Alignment":"Left"
       ,"Start New Layout":false
       ,"Start New Row":true
       ,"Column":"Automatic"
       ,"New Column":true
       ,"Column Span":"Automatic"
       ,"Label Column Span":"Page Template Default"
      }
     ,"Appearance":{
        "Template":"Optional - Floating (19471879586967504303)"
       ,"Template Options":[
          "#DEFAULT#"
        ]
       ,"Width":30
       ,"Height":5
      }
     ,"Validation":{
        "Value Required":false
       ,"Maximum Length":4000
      }
     ,"Advanced":{
        "Warn on Unsaved Changes":"Page Default"
      }
     ,"Source":{
        "Form Region":"Issue Form (42000158041707054331)"
       ,"Column":"CONTENT"
       ,"Data Type":"VARCHAR2"
       ,"Query Only":false
       ,"Primary Key":false
      }
     ,"Session State":{
        "Data Type":"VARCHAR2"
       ,"Storage":"Per Request (Memory Only)"
      }
     ,"Quick Picks":{
        "Show Quick Picks":false
      }
     ,"Security":{
        "Session State Protection":"Unrestricted"
       ,"Store value encrypted in session state":true
       ,"Restricted Characters":"All characters can be saved."
      }
    }
   ,{
      "id":"42153514456272704812"
     ,"Identification":{
        "Name":"P9000_FIRSTNAME"
       ,"Type":"Display Only"
      }
     ,"Label":{
        "Label":"\u003Cp style=\"color:#FBF9F8;opacity:0.5;\"\u003EFirst Name\u003C\/p\u003E"
       ,"Alignment":"Left"
      }
     ,"Settings":{
        "Format":"Plain Text"
       ,"Based On":"Item Value"
       ,"Show Line Breaks":true
       ,"Send On Page Submit":true
      }
     ,"Layout":{
        "Sequence":10
       ,"Region":"Issue Form (42000158041707054331)"
       ,"Position":"BODY"
       ,"Alignment":"Left"
       ,"Start New Layout":false
       ,"Start New Row":true
       ,"Column":"Automatic"
       ,"New Column":true
       ,"Column Span":"6"
       ,"Label Column Span":"Page Template Default"
      }
     ,"Appearance":{
        "Template":"Optional - Floating (19471879586967504303)"
       ,"Template Options":[
          "#DEFAULT#"
        ]
      }
     ,"Advanced":{
        "Warn on Unsaved Changes":"Page Default"
      }
     ,"Source":{
        "Form Region":"Issue Form (42000158041707054331)"
       ,"Column":"FIRSTNAME"
       ,"Data Type":"VARCHAR2"
       ,"Query Only":false
       ,"Primary Key":false
      }
     ,"Default":{
        "Type":"SQL Query"
       ,"SQL Query":"SELECT firstname\nFROM   customer\nWHERE customer_id = to_number(:USER_ID)"
      }
     ,"Session State":{
        "Data Type":"VARCHAR2"
       ,"Storage":"Per Request (Memory Only)"
      }
     ,"Security":{
        "Session State Protection":"Unrestricted"
       ,"Store value encrypted in session state":true
       ,"Restricted Characters":"All characters can be saved."
      }
    }
   ,{
      "id":"42153514562190704813"
     ,"Identification":{
        "Name":"P9000_LASTNAME"
       ,"Type":"Display Only"
      }
     ,"Label":{
        "Label":"\u003Cp style=\"color:#FBF9F8;opacity:0.5;\"\u003ELast Name\u003C\/p\u003E"
       ,"Alignment":"Left"
      }
     ,"Settings":{
        "Format":"Plain Text"
       ,"Based On":"Item Value"
       ,"Show Line Breaks":true
       ,"Send On Page Submit":true
      }
     ,"Layout":{
        "Sequence":20
       ,"Region":"Issue Form (42000158041707054331)"
       ,"Position":"BODY"
       ,"Alignment":"Left"
       ,"Start New Layout":false
       ,"Start New Row":false
       ,"Column":"Automatic"
       ,"New Column":true
       ,"Column Span":"Automatic"
       ,"Label Column Span":"Page Template Default"
      }
     ,"Appearance":{
        "Template":"Optional - Floating (19471879586967504303)"
       ,"Template Options":[
          "#DEFAULT#"
        ]
      }
     ,"Advanced":{
        "Warn on Unsaved Changes":"Page Default"
      }
     ,"Source":{
        "Form Region":"Issue Form (42000158041707054331)"
       ,"Column":"LASTNAME"
       ,"Data Type":"VARCHAR2"
       ,"Query Only":false
       ,"Primary Key":false
      }
     ,"Default":{
        "Type":"SQL Query"
       ,"SQL Query":"SELECT lastname\nFROM   customer\nWHERE customer_id = to_number(:USER_ID)"
      }
     ,"Session State":{
        "Data Type":"VARCHAR2"
       ,"Storage":"Per Request (Memory Only)"
      }
     ,"Security":{
        "Session State Protection":"Unrestricted"
       ,"Store value encrypted in session state":true
       ,"Restricted Characters":"All characters can be saved."
      }
    }
   ,{
      "id":"42153514685296704814"
     ,"Identification":{
        "Name":"P9000_PHONE"
       ,"Type":"Display Only"
      }
     ,"Label":{
        "Label":"\u003Cp style=\"color:#FBF9F8;opacity:0.5;\"\u003EPhone\u003C\/p\u003E"
       ,"Alignment":"Left"
      }
     ,"Settings":{
        "Format":"Plain Text"
       ,"Based On":"Item Value"
       ,"Show Line Breaks":true
       ,"Send On Page Submit":true
      }
     ,"Layout":{
        "Sequence":40
       ,"Region":"Issue Form (42000158041707054331)"
       ,"Position":"BODY"
       ,"Alignment":"Left"
       ,"Start New Layout":false
       ,"Start New Row":false
       ,"Column":"Automatic"
       ,"New Column":true
       ,"Column Span":"Automatic"
       ,"Label Column Span":"Page Template Default"
      }
     ,"Appearance":{
        "Template":"Optional - Floating (19471879586967504303)"
       ,"Template Options":[
          "#DEFAULT#"
        ]
      }
     ,"Advanced":{
        "Warn on Unsaved Changes":"Page Default"
      }
     ,"Source":{
        "Form Region":"Issue Form (42000158041707054331)"
       ,"Column":"PHONE"
       ,"Data Type":"VARCHAR2"
       ,"Query Only":false
       ,"Primary Key":false
      }
     ,"Default":{
        "Type":"SQL Query"
       ,"SQL Query":"SELECT phone\nFROM   customer\nWHERE customer_id = to_number(:USER_ID)"
      }
     ,"Session State":{
        "Data Type":"VARCHAR2"
       ,"Storage":"Per Request (Memory Only)"
      }
     ,"Security":{
        "Session State Protection":"Unrestricted"
       ,"Store value encrypted in session state":true
       ,"Restricted Characters":"All characters can be saved."
      }
    }
   ,{
      "id":"42153514724796704815"
     ,"Identification":{
        "Name":"P9000_EMAIL"
       ,"Type":"Display Only"
      }
     ,"Label":{
        "Label":"\u003Cp style=\"color:#FBF9F8;opacity:0.5;\"\u003EEmail\u003C\/p\u003E"
       ,"Alignment":"Left"
      }
     ,"Settings":{
        "Format":"Plain Text"
       ,"Based On":"Item Value"
       ,"Show Line Breaks":true
       ,"Send On Page Submit":true
      }
     ,"Layout":{
        "Sequence":30
       ,"Region":"Issue Form (42000158041707054331)"
       ,"Position":"BODY"
       ,"Alignment":"Left"
       ,"Start New Layout":false
       ,"Start New Row":true
       ,"Column":"Automatic"
       ,"New Column":true
       ,"Column Span":"6"
       ,"Label Column Span":"Page Template Default"
      }
     ,"Appearance":{
        "Template":"Optional - Floating (19471879586967504303)"
       ,"Template Options":[
          "#DEFAULT#"
        ]
      }
     ,"Advanced":{
        "Warn on Unsaved Changes":"Page Default"
      }
     ,"Source":{
        "Form Region":"Issue Form (42000158041707054331)"
       ,"Column":"EMAIL"
       ,"Data Type":"VARCHAR2"
       ,"Query Only":false
       ,"Primary Key":false
      }
     ,"Default":{
        "Type":"SQL Query"
       ,"SQL Query":"SELECT email\nFROM   customer\nWHERE customer_id = to_number(:USER_ID)"
      }
     ,"Session State":{
        "Data Type":"VARCHAR2"
       ,"Storage":"Per Request (Memory Only)"
      }
     ,"Security":{
        "Session State Protection":"Unrestricted"
       ,"Store value encrypted in session state":true
       ,"Restricted Characters":"All characters can be saved."
      }
    }
   ,{
      "id":"42153515133597704819"
     ,"Identification":{
        "Name":"P9000_ISSUE_NUMBER"
       ,"Type":"Hidden"
      }
     ,"Settings":{
        "Value Protected":false
      }
     ,"Layout":{
        "Sequence":40
       ,"Region":"No Parent"
       ,"Position":"BODY"
      }
     ,"Advanced":{
        "Warn on Unsaved Changes":"Page Default"
      }
     ,"Source":{
        "Type":"Null"
       ,"Used":"Only when current value in session state is null"
      }
     ,"Session State":{
        "Data Type":"VARCHAR2"
       ,"Storage":"Per Session (Persistent)"
      }
     ,"Security":{
        "Session State Protection":"Unrestricted"
       ,"Store value encrypted in session state":true
       ,"Restricted Characters":"All characters can be saved."
      }
    }
  ]
 ,"Buttons":[
    {
      "id":"42000158686532054337"
     ,"Identification":{
        "Button Name":"Send"
       ,"Label":"Send"
      }
     ,"Layout":{
        "Sequence":20
       ,"Region":"Contact Us (42000159960554054350)"
       ,"Position":"BODY"
       ,"Start New Layout":false
       ,"Start New Row":true
       ,"Column":"Automatic"
       ,"New Column":true
       ,"Column Span":"Automatic"
       ,"Alignment":"Left center"
      }
     ,"Appearance":{
        "Button Template":"Text with Icon (19471882117602504304)"
       ,"Hot":true
       ,"Template Options":[
          "#DEFAULT#"
         ,"t-Button--success"
         ,"t-Button--iconLeft"
         ,"t-Button--stretch"
         ,"t-Button--gapTop"
        ]
       ,"Icon":"fa-send"
      }
     ,"Behavior":{
        "Action":"Defined by Dynamic Action"
       ,"Execute Validations":true
      }
    }
   ,{
      "id":"42000159493805054345"
     ,"Identification":{
        "Button Name":"Term_of_service"
       ,"Label":"Term Of Service"
      }
     ,"Layout":{
        "Sequence":20
       ,"Region":"Explore (42000158813329054339)"
       ,"Position":"BODY"
       ,"Start New Layout":false
       ,"Start New Row":true
       ,"Column":"Automatic"
       ,"New Column":true
       ,"Column Span":"Automatic"
       ,"Alignment":"Left center"
      }
     ,"Appearance":{
        "Button Template":"Text (19471882000429504304)"
       ,"Hot":true
       ,"Template Options":[
          "#DEFAULT#"
         ,"t-Button--simple"
         ,"t-Button--stretch"
         ,"t-Button--gapTop"
         ,"t-Button--gapBottom"
        ]
      }
     ,"Behavior":{
        "Action":"Defined by Dynamic Action"
       ,"Execute Validations":true
      }
    }
   ,{
      "id":"42153513551893704803"
     ,"Identification":{
        "Button Name":"Contact_us"
       ,"Label":"Contact Us"
      }
     ,"Layout":{
        "Sequence":30
       ,"Region":"Explore (42000158813329054339)"
       ,"Position":"BODY"
       ,"Start New Layout":false
       ,"Start New Row":true
       ,"Column":"Automatic"
       ,"New Column":true
       ,"Column Span":"Automatic"
       ,"Alignment":"Left center"
      }
     ,"Appearance":{
        "Button Template":"Text (19471882000429504304)"
       ,"Hot":true
       ,"Template Options":[
          "#DEFAULT#"
         ,"t-Button--simple"
         ,"t-Button--stretch"
         ,"t-Button--gapTop"
         ,"t-Button--gapBottom"
        ]
      }
     ,"Behavior":{
        "Action":"Defined by Dynamic Action"
       ,"Execute Validations":true
      }
    }
   ,{
      "id":"42153513639712704804"
     ,"Identification":{
        "Button Name":"About_us"
       ,"Label":"About Us"
      }
     ,"Layout":{
        "Sequence":10
       ,"Region":"Explore (42000158813329054339)"
       ,"Position":"BODY"
       ,"Start New Layout":false
       ,"Start New Row":true
       ,"Column":"Automatic"
       ,"New Column":true
       ,"Column Span":"Automatic"
       ,"Alignment":"Left center"
      }
     ,"Appearance":{
        "Button Template":"Text (19471882000429504304)"
       ,"Hot":true
       ,"Template Options":[
          "#DEFAULT#"
         ,"t-Button--simple"
         ,"t-Button--stretch"
        ]
      }
     ,"Behavior":{
        "Action":"Defined by Dynamic Action"
       ,"Execute Validations":true
      }
    }
  ]
 ,"Dynamic Actions":[
    {
      "id":"42000157452861054325"
     ,"Identification":{
        "Name":"Select Conversation"
      }
     ,"Execution":{
        "Sequence":50
      }
     ,"When":{
        "Event":"EVENT.EVENT.BROWSER.CLICK"
       ,"Selection Type":"jQuery Selector"
       ,"jQuery Selector":".ui-btn"
      }
     ,"Execution":{
        "Event Scope":"Dynamic"
       ,"Type":"Immediate"
      }
     ,"Actions":[
        {
          "id":"42000157517101054326"
         ,"Identification":{
            "Action":"Set Value"
          }
         ,"Settings":{
            "Set Type":"JavaScript Expression"
           ,"JavaScript Expression":"$(this.triggeringElement).parent().data(\"id\")"
           ,"Suppress Change Event":false
          }
         ,"Affected Elements":{
            "Selection Type":"Item(s)"
           ,"Item(s)":[
              "P9000_CONV_ID"
            ]
          }
         ,"Execution":{
            "Sequence":10
           ,"Event":"Select Conversation (42000157452861054325)"
           ,"Fire When Event Result Is":"True"
           ,"Fire on Initialization":false
           ,"Stop Execution On Error":true
           ,"Wait For Result":true
          }
        }
      ]
    }
   ,{
      "id":"42000159120453054342"
     ,"Identification":{
        "Name":"Hide regions"
      }
     ,"Execution":{
        "Sequence":60
      }
     ,"When":{
        "Event":"EVENT.EVENT.BROWSER.READY"
      }
     ,"Execution":{
        "Event Scope":"Static"
      }
     ,"Actions":[
        {
          "id":"42000159223667054343"
         ,"Identification":{
            "Action":"Hide"
          }
         ,"Affected Elements":{
            "Selection Type":"Region"
           ,"Region":"Terms Of service (42000159061672054341)"
          }
         ,"Execution":{
            "Sequence":10
           ,"Event":"Hide regions (42000159120453054342)"
           ,"Fire When Event Result Is":"True"
           ,"Fire on Initialization":true
          }
        }
       ,{
          "id":"42153513499298704802"
         ,"Identification":{
            "Action":"Hide"
          }
         ,"Affected Elements":{
            "Selection Type":"Region"
           ,"Region":"Contact Us (42000159960554054350)"
          }
         ,"Execution":{
            "Sequence":20
           ,"Event":"Hide regions (42000159120453054342)"
           ,"Fire When Event Result Is":"True"
           ,"Fire on Initialization":true
          }
        }
      ]
    }
   ,{
      "id":"42000159527597054346"
     ,"Identification":{
        "Name":"show term of service"
      }
     ,"Execution":{
        "Sequence":70
      }
     ,"When":{
        "Event":"EVENT.EVENT.BROWSER.CLICK"
       ,"Selection Type":"Button"
       ,"Button":"Term_of_service (42000159493805054345)"
      }
     ,"Execution":{
        "Event Scope":"Static"
       ,"Type":"Immediate"
      }
     ,"Actions":[
        {
          "id":"42000159616703054347"
         ,"Identification":{
            "Action":"Execute JavaScript Code"
          }
         ,"Settings":{
            "Code":"$(\"#about-region\").hide(1000);\n$(\"#contact-region\").hide(1000);"
          }
         ,"Execution":{
            "Sequence":20
           ,"Event":"show term of service (42000159527597054346)"
           ,"Fire When Event Result Is":"True"
           ,"Fire on Initialization":false
          }
        }
       ,{
          "id":"42153513352423704801"
         ,"Identification":{
            "Action":"Execute JavaScript Code"
          }
         ,"Settings":{
            "Code":"$(\"#term-service-region\").show(1000);"
          }
         ,"Execution":{
            "Sequence":30
           ,"Event":"show term of service (42000159527597054346)"
           ,"Fire When Event Result Is":"True"
           ,"Fire on Initialization":false
          }
        }
      ]
    }
   ,{
      "id":"42153513713687704805"
     ,"Identification":{
        "Name":"Show Contact us"
      }
     ,"Execution":{
        "Sequence":80
      }
     ,"When":{
        "Event":"EVENT.EVENT.BROWSER.CLICK"
       ,"Selection Type":"Button"
       ,"Button":"Contact_us (42153513551893704803)"
      }
     ,"Execution":{
        "Event Scope":"Static"
       ,"Type":"Immediate"
      }
     ,"Actions":[
        {
          "id":"42153513884004704806"
         ,"Identification":{
            "Action":"Execute JavaScript Code"
          }
         ,"Settings":{
            "Code":"$(\"#contact-region\").show(1000);"
          }
         ,"Execution":{
            "Sequence":20
           ,"Event":"Show Contact us (42153513713687704805)"
           ,"Fire When Event Result Is":"True"
           ,"Fire on Initialization":false
          }
        }
       ,{
          "id":"42153513970112704807"
         ,"Identification":{
            "Action":"Execute JavaScript Code"
          }
         ,"Settings":{
            "Code":"$(\"#term-service-region\").hide(1000);\n$(\"#about-region\").hide(1000);"
          }
         ,"Execution":{
            "Sequence":10
           ,"Event":"Show Contact us (42153513713687704805)"
           ,"Fire When Event Result Is":"True"
           ,"Fire on Initialization":false
          }
        }
      ]
    }
   ,{
      "id":"42153514146880704809"
     ,"Identification":{
        "Name":"show about us"
      }
     ,"Execution":{
        "Sequence":90
      }
     ,"When":{
        "Event":"EVENT.EVENT.BROWSER.CLICK"
       ,"Selection Type":"Button"
       ,"Button":"About_us (42153513639712704804)"
      }
     ,"Execution":{
        "Event Scope":"Static"
       ,"Type":"Immediate"
      }
     ,"Actions":[
        {
          "id":"42153514289265704810"
         ,"Identification":{
            "Action":"Execute JavaScript Code"
          }
         ,"Settings":{
            "Code":"$(\"#term-service-region\").hide(1000);\n$(\"#contact-region\").hide(1000);"
          }
         ,"Execution":{
            "Sequence":10
           ,"Event":"show about us (42153514146880704809)"
           ,"Fire When Event Result Is":"True"
           ,"Fire on Initialization":false
          }
        }
       ,{
          "id":"42153514352002704811"
         ,"Identification":{
            "Action":"Execute JavaScript Code"
          }
         ,"Settings":{
            "Code":"$(\"#about-region\").show(1000);"
          }
         ,"Execution":{
            "Sequence":20
           ,"Event":"show about us (42153514146880704809)"
           ,"Fire When Event Result Is":"True"
           ,"Fire on Initialization":false
          }
        }
      ]
    }
   ,{
      "id":"42153515357550704821"
     ,"Identification":{
        "Name":"Create new issue"
      }
     ,"Execution":{
        "Sequence":100
      }
     ,"When":{
        "Event":"EVENT.EVENT.BROWSER.CLICK"
       ,"Selection Type":"Button"
       ,"Button":"Send (42000158686532054337)"
      }
     ,"Execution":{
        "Event Scope":"Static"
       ,"Type":"Immediate"
      }
     ,"Actions":[
        {
          "id":"42153515410832704822"
         ,"Identification":{
            "Action":"Execute Server-side Code"
          }
         ,"Settings":{
            "Language":"PE.PROPERTY.SOURCE_SNIPPET_LANG.LOV.PLSQL.D"
           ,"PL\/SQL Code":"MANAGE_MESSAGES.send_issue_to_admin(\n    to_number(:USER_ID),\n    :P9000_TOPIC_ID,\n    :P9000_CONTENT,\n    :P9000_ISSUE_NUMBER\n);"
           ,"Items to Submit":[
              "P9000_TOPIC_ID"
             ,"P9000_CONTENT"
            ]
           ,"Items to Return":[
              "P9000_ISSUE_NUMBER"
            ]
           ,"Suppress Change Event":false
          }
         ,"Execution":{
            "Sequence":10
           ,"Event":"Create new issue (42153515357550704821)"
           ,"Fire When Event Result Is":"True"
           ,"Fire on Initialization":false
           ,"Stop Execution On Error":true
           ,"Wait For Result":true
          }
        }
       ,{
          "id":"42153515573191704823"
         ,"Identification":{
            "Action":"Clear"
          }
         ,"Affected Elements":{
            "Selection Type":"Item(s)"
           ,"Item(s)":[
              "P9000_TOPIC_ID"
             ,"P9000_CONTENT"
            ]
          }
         ,"Execution":{
            "Sequence":30
           ,"Event":"Create new issue (42153515357550704821)"
           ,"Fire When Event Result Is":"True"
           ,"Fire on Initialization":false
          }
        }
       ,{
          "id":"42153515695173704824"
         ,"Identification":{
            "Action":"Execute JavaScript Code"
          }
         ,"Settings":{
            "Code":" apex.message.showPageSuccess( \"your issue has been submitted !\" );\n"
          }
         ,"Execution":{
            "Sequence":20
           ,"Event":"Create new issue (42153515357550704821)"
           ,"Fire When Event Result Is":"True"
           ,"Fire on Initialization":false
          }
        }
      ]
    }
  ]
 ,"Validations":[
    {
      "id":"42153515281833704820"
     ,"Identification":{
        "Name":"topic id validation"
      }
     ,"Execution":{
        "Sequence":10
      }
     ,"Validation":{
        "Type":"Item is NOT NULL"
       ,"Item":"P9000_TOPIC_ID"
       ,"Always Execute":false
      }
     ,"Error":{
        "Error Message":"Must Choose a topic for you issue"
       ,"Display Location":"Inline with Field"
       ,"Associated Item":"P9000_TOPIC_ID (42000158458524054335)"
      }
    }
  ]
 ,"Processes":[
    {
      "id":"42000158144150054332"
     ,"Identification":{
        "Name":"Initialize form Contact Administration"
       ,"Type":"Form - Initialization"
       ,"Execution Chain":"None"
       ,"Form Region":"Issue Form (42000158041707054331)"
      }
     ,"Execution":{
        "Sequence":10
       ,"Point":"Before Header"
       ,"Run Process":"Once Per Page Visit (default)"
      }
    }
   ,{
      "id":"42153515035519704818"
     ,"Identification":{
        "Name":"Create new issue"
       ,"Type":"Execute Code"
       ,"Execution Chain":"None"
      }
     ,"Source":{
        "Location":"Local Database"
       ,"Language":"PL\/SQL"
       ,"PL\/SQL Code":"MANAGE_MESSAGES.send_issue_to_admin(\n    to_number(:USER_ID),\n    :P9000_TOPIC_ID,\n    :P9000_CONTENT,\n    :P9000_ISSUE_NUMBER\n);"
      }
     ,"Execution":{
        "Sequence":10
       ,"Point":"Processing"
       ,"Run Process":"Once Per Page Visit (default)"
      }
     ,"Error":{
        "Display Location":"Inline in Notification"
      }
    }
  ]
}
