{
  "id":"9999"
 ,"Identification":{
    "Name":"Login Page"
   ,"Alias":"LOGIN"
   ,"Title":"\u0026APP_NAME. - Log In"
  }
 ,"Appearance":{
    "Page Mode":"Normal"
   ,"Page Template":"Login (19471516896903504222)"
   ,"Template Options":[
      "#DEFAULT#"
     ,"t-DeferredRendering"
     ,"t-LoginPage--bg3"
    ]
  }
 ,"Navigation Menu":{
    "Override User Interface Level":false
  }
 ,"Navigation":{
    "Cursor Focus":"First item on page"
   ,"Warn on Unsaved Changes":false
  }
 ,"CSS":{
    "File URLs":[
      "#APP_FILES#Styling\/main_style#MIN#.css"
    ]
   ,"Inline":".login-form {\n    width: 40%;\n\n}\n\n.t-Login-logo {\n    height:20%;\n    width: 30%;\n}"
  }
 ,"Security":{
    "Authentication":"Page Is Public"
  }
 ,"Advanced":{
    "Enable Meta Tags":false
  }
 ,"Security":{
    "Deep Linking":"Application Default"
   ,"Page Access Protection":"Arguments Must Have Checksum"
   ,"Form Auto Complete":"Off"
   ,"Browser Cache":"Application Default"
  }
 ,"Session Management":{
    "Rejoin Sessions":"Application Default"
  }
 ,"Advanced":{
    "Enable duplicate page submissions":"Yes - Enable page to be re-posted"
   ,"Reload on Submit":"Only for Success"
  }
 ,"Server Cache":{
    "Caching":"Disabled"
  }
 ,"Regions":[
    {
      "id":"19865235036308653011"
     ,"Identification":{
        "Title":"\u0026APP_NAME. - Log In"
       ,"Type":"Static Content"
      }
     ,"Layout":{
        "Sequence":10
       ,"Parent Region":"No Parent"
       ,"Position":"BODY"
       ,"Start New Layout":false
       ,"Start New Row":true
       ,"Column":"Automatic"
       ,"New Column":true
       ,"Column Span":"Automatic"
      }
     ,"Appearance":{
        "Template":"Login (19471803611565504261)"
       ,"Template Options":[
          "#DEFAULT#"
         ,"t-Login-region--headerIcon"
        ]
       ,"CSS Classes":[
          "login-form"
        ]
       ,"Render Components":"Above Content"
      }
     ,"Image":{
        "File URL":"#APP_FILES#1.png"
      }
     ,"Accessibility":{
        "Use Landmark":true
       ,"Landmark Type":"Template Default"
      }
     ,"Advanced":{
        "Region Display Selector":false
       ,"Exclude Title from Translation":false
      }
     ,"Server Cache":{
        "Caching":"Disabled"
      }
     ,"Customization":{
        "Customizable":"Not Customizable By End Users"
      }
     ,"Attributes":{
        "Settings":{
          "Output As":"HTML"
         ,"Expand Shortcuts":false
        }
      }
    }
  ]
 ,"Page Items":[
    {
      "id":"19865235542327653011"
     ,"Identification":{
        "Name":"P9999_USERNAME"
       ,"Type":"Text Field"
      }
     ,"Label":{
        "Label":"Username"
       ,"Alignment":"Left"
      }
     ,"Settings":{
        "Subtype":"Text"
       ,"Trim Spaces":"None"
       ,"Text Case":"NO CHANGE"
       ,"Submit when Enter pressed":false
       ,"Disabled":false
      }
     ,"Layout":{
        "Sequence":10
       ,"Region":"\u0026APP_NAME. - Log In (19865235036308653011)"
       ,"Position":"BODY"
       ,"Alignment":"Left"
       ,"Start New Layout":false
       ,"Start New Row":true
       ,"Column":"Automatic"
       ,"New Column":true
       ,"Column Span":"Automatic"
       ,"Label Column Span":"Page Template Default"
      }
     ,"Appearance":{
        "Template":"Hidden (19471879237081504302)"
       ,"Template Options":[
          "#DEFAULT#"
        ]
       ,"Icon":"fa-user"
       ,"Width":40
       ,"Value Placeholder":"Email Address"
      }
     ,"Validation":{
        "Value Required":false
       ,"Maximum Length":100
      }
     ,"Advanced":{
        "Custom Attributes":[
          "autocomplete=\"username\""
        ]
       ,"Warn on Unsaved Changes":"Page Default"
      }
     ,"Source":{
        "Type":"Null"
       ,"Used":"Only when current value in session state is null"
      }
     ,"Session State":{
        "Storage":"Per Request (Memory Only)"
      }
     ,"Quick Picks":{
        "Show Quick Picks":false
      }
     ,"Security":{
        "Session State Protection":"Unrestricted"
       ,"Store value encrypted in session state":true
       ,"Restricted Characters":"All characters can be saved."
      }
    }
   ,{
      "id":"19865235982858653012"
     ,"Identification":{
        "Name":"P9999_PASSWORD"
       ,"Type":"Password"
      }
     ,"Label":{
        "Label":"Password"
       ,"Alignment":"Right"
      }
     ,"Settings":{
        "Submit when Enter pressed":true
      }
     ,"Layout":{
        "Sequence":20
       ,"Region":"\u0026APP_NAME. - Log In (19865235036308653011)"
       ,"Position":"BODY"
       ,"Alignment":"Left"
       ,"Start New Layout":false
       ,"Start New Row":true
       ,"Column":"Automatic"
       ,"New Column":true
       ,"Column Span":"Automatic"
       ,"Label Column Span":"Page Template Default"
      }
     ,"Appearance":{
        "Template":"Hidden (19471879237081504302)"
       ,"Template Options":[
          "#DEFAULT#"
        ]
       ,"Icon":"fa-key"
       ,"Width":40
       ,"Value Placeholder":"Password"
      }
     ,"Validation":{
        "Value Required":false
       ,"Maximum Length":100
      }
     ,"Advanced":{
        "Custom Attributes":[
          "autocomplete=\"current-password\""
        ]
       ,"Warn on Unsaved Changes":"Page Default"
      }
     ,"Source":{
        "Type":"Null"
       ,"Used":"Only when current value in session state is null"
      }
     ,"Session State":{
        "Storage":"Per Request (Memory Only)"
      }
     ,"Security":{
        "Session State Protection":"Unrestricted"
       ,"Store value encrypted in session state":true
       ,"Restricted Characters":"All characters can be saved."
      }
    }
   ,{
      "id":"19865236350356653012"
     ,"Identification":{
        "Name":"P9999_REMEMBER"
       ,"Type":"Checkbox"
      }
     ,"Label":{
        "Label":"Remember username"
       ,"Alignment":"Left"
      }
     ,"Settings":{
        "Use Defaults":true
      }
     ,"Layout":{
        "Sequence":30
       ,"Region":"\u0026APP_NAME. - Log In (19865235036308653011)"
       ,"Position":"BODY"
       ,"Alignment":"Left"
       ,"Start New Layout":false
       ,"Start New Row":true
       ,"Column":"Automatic"
       ,"New Column":true
       ,"Column Span":"Automatic"
       ,"Label Column Span":"Page Template Default"
      }
     ,"Appearance":{
        "Template":"Hidden (19471879237081504302)"
       ,"Template Options":[
          "#DEFAULT#"
        ]
      }
     ,"Validation":{
        "Value Required":false
      }
     ,"Advanced":{
        "Warn on Unsaved Changes":"Page Default"
      }
     ,"Source":{
        "Type":"Null"
       ,"Used":"Only when current value in session state is null"
      }
     ,"Session State":{
        "Storage":"Per Session (Persistent)"
      }
     ,"Server-side Condition":{
        "Type":"Expression"
       ,"Language":"PL\/SQL"
       ,"PL\/SQL Expression":"apex_authentication.persistent_cookies_enabled"
      }
     ,"Security":{
        "Session State Protection":"Unrestricted"
       ,"Store value encrypted in session state":true
       ,"Restricted Characters":"All characters can be saved."
      }
    }
   ,{
      "id":"40424818169879237304"
     ,"Identification":{
        "Name":"P9999_RESETPW_URL"
       ,"Type":"Hidden"
      }
     ,"Settings":{
        "Value Protected":false
      }
     ,"Layout":{
        "Sequence":40
       ,"Region":"\u0026APP_NAME. - Log In (19865235036308653011)"
       ,"Position":"BODY"
      }
     ,"Advanced":{
        "Warn on Unsaved Changes":"Page Default"
      }
     ,"Source":{
        "Type":"Null"
       ,"Used":"Only when current value in session state is null"
      }
     ,"Session State":{
        "Data Type":"VARCHAR2"
       ,"Storage":"Per Session (Persistent)"
      }
     ,"Security":{
        "Session State Protection":"Unrestricted"
       ,"Store value encrypted in session state":true
       ,"Restricted Characters":"All characters can be saved."
      }
    }
   ,{
      "id":"43793960067059167614"
     ,"Identification":{
        "Name":"P9999_REDIRECT_URL"
       ,"Type":"Hidden"
      }
     ,"Settings":{
        "Value Protected":false
      }
     ,"Layout":{
        "Sequence":20
       ,"Region":"No Parent"
       ,"Position":"BODY"
      }
     ,"Advanced":{
        "Warn on Unsaved Changes":"Page Default"
      }
     ,"Source":{
        "Type":"Null"
       ,"Used":"Only when current value in session state is null"
      }
     ,"Session State":{
        "Data Type":"VARCHAR2"
       ,"Storage":"Per Request (Memory Only)"
      }
     ,"Security":{
        "Session State Protection":"Unrestricted"
       ,"Store value encrypted in session state":true
       ,"Restricted Characters":"All characters can be saved."
      }
    }
  ]
 ,"Buttons":[
    {
      "id":"19865236745452653012"
     ,"Identification":{
        "Button Name":"LOGIN"
       ,"Label":"Sign In"
      }
     ,"Layout":{
        "Sequence":40
       ,"Region":"\u0026APP_NAME. - Log In (19865235036308653011)"
       ,"Position":"NEXT"
       ,"Start New Layout":false
       ,"Start New Row":true
       ,"Column":"Automatic"
       ,"New Column":true
       ,"Column Span":"Automatic"
      }
     ,"Appearance":{
        "Button Template":"Text (19471882000429504304)"
       ,"Hot":true
       ,"Template Options":[
          "#DEFAULT#"
        ]
      }
     ,"Behavior":{
        "Action":"Submit Page"
       ,"Execute Validations":true
       ,"Warn on Unsaved Changes":"Do Not Check"
      }
    }
   ,{
      "id":"21365794126040797103"
     ,"Identification":{
        "Button Name":"CREATE_ACCOUNT"
       ,"Label":"Don\u0027t have an account ? Sign up now !"
      }
     ,"Layout":{
        "Sequence":10
       ,"Region":"\u0026APP_NAME. - Log In (19865235036308653011)"
       ,"Position":"CREATE"
       ,"Start New Layout":false
       ,"Start New Row":true
       ,"Column":"Automatic"
       ,"New Column":true
       ,"Column Span":"Automatic"
      }
     ,"Appearance":{
        "Button Template":"Text (19471882000429504304)"
       ,"Hot":true
       ,"Template Options":[
          "#DEFAULT#"
         ,"t-Button--link"
         ,"t-Button--stretch"
         ,"t-Button--gapTop"
        ]
      }
     ,"Behavior":{
        "Action":"Redirect to Page in this Application"
       ,"Target":{
          "url":"f?p=\u0026APP_ID.:21:\u0026SESSION.::\u0026DEBUG.:21::"
         ,"Page":"21"
         ,"Clear Cache":"21"
        }
       ,"Warn on Unsaved Changes":"Do Not Check"
      }
    }
   ,{
      "id":"37171146318224069219"
     ,"Identification":{
        "Button Name":"forgot_my_password"
       ,"Label":"Forgot My Password"
      }
     ,"Layout":{
        "Sequence":20
       ,"Region":"\u0026APP_NAME. - Log In (19865235036308653011)"
       ,"Position":"CREATE"
       ,"Start New Layout":false
       ,"Start New Row":true
       ,"Column":"Automatic"
       ,"New Column":true
       ,"Column Span":"Automatic"
      }
     ,"Appearance":{
        "Button Template":"Text (19471882000429504304)"
       ,"Hot":true
       ,"Template Options":[
          "#DEFAULT#"
         ,"t-Button--link"
         ,"t-Button--stretch"
        ]
      }
     ,"Behavior":{
        "Action":"Defined by Dynamic Action"
       ,"Execute Validations":true
      }
    }
  ]
 ,"Dynamic Actions":[
    {
      "id":"40424817880536237301"
     ,"Identification":{
        "Name":"to_reset_pw"
      }
     ,"Execution":{
        "Sequence":10
      }
     ,"When":{
        "Event":"EVENT.EVENT.BROWSER.CLICK"
       ,"Selection Type":"Button"
       ,"Button":"forgot_my_password (37171146318224069219)"
      }
     ,"Execution":{
        "Event Scope":"Static"
       ,"Type":"Immediate"
      }
     ,"Actions":[
        {
          "id":"40424817928787237302"
         ,"Identification":{
            "Action":"Execute Server-side Code"
          }
         ,"Settings":{
            "Language":"PE.PROPERTY.SOURCE_SNIPPET_LANG.LOV.PLSQL.D"
           ,"PL\/SQL Code":"BEGIN\n\n :P9999_RESETPW_URL := apex_page.get_url(\n   p_page   =\u003E 8001\n );\nEND;"
           ,"Items to Submit":[
              "P9999_USERNAME"
            ]
           ,"Items to Return":[
              "P9999_RESETPW_URL"
            ]
           ,"Suppress Change Event":false
          }
         ,"Execution":{
            "Sequence":20
           ,"Event":"to_reset_pw (40424817880536237301)"
           ,"Fire When Event Result Is":"True"
           ,"Fire on Initialization":false
           ,"Stop Execution On Error":true
           ,"Wait For Result":true
          }
        }
       ,{
          "id":"40424818024349237303"
         ,"Identification":{
            "Action":"Execute JavaScript Code"
          }
         ,"Settings":{
            "Code":"let url = $v(\"P9999_RESETPW_URL\");\napex.navigation.redirect(url);"
          }
         ,"Execution":{
            "Sequence":30
           ,"Event":"to_reset_pw (40424817880536237301)"
           ,"Fire When Event Result Is":"True"
           ,"Fire on Initialization":false
          }
        }
      ]
    }
  ]
 ,"Processes":[
    {
      "id":"19865237098592653013"
     ,"Identification":{
        "Name":"Login"
       ,"Type":"Invoke API"
       ,"Execution Chain":"None"
      }
     ,"Settings":{
        "Type":"PL\/SQL Package"
       ,"Owner":"PARSING SCHEMA"
       ,"Package":"APEX_AUTHENTICATION"
       ,"Procedure or Function":"LOGIN"
      }
     ,"Execution":{
        "Sequence":20
       ,"Point":"Processing"
       ,"Run Process":"Once Per Page Visit (default)"
      }
     ,"Error":{
        "Display Location":"Inline in Notification"
      }
     ,"Parameters":[
        {
          "id":"19865237522263653013"
         ,"Identification":{
            "Name":"p_username"
          }
         ,"Parameter":{
            "Direction":"In"
           ,"Data Type":"VARCHAR2"
           ,"Has Default":false
          }
         ,"Value":{
            "Type":"Item"
           ,"Item":"P9999_USERNAME"
          }
         ,"Advanced":{
            "Display Sequence":1
          }
        }
       ,{
          "id":"19865238013464653013"
         ,"Identification":{
            "Name":"p_password"
          }
         ,"Parameter":{
            "Direction":"In"
           ,"Data Type":"VARCHAR2"
           ,"Has Default":false
          }
         ,"Value":{
            "Type":"Item"
           ,"Item":"P9999_PASSWORD"
          }
         ,"Advanced":{
            "Display Sequence":2
          }
        }
       ,{
          "id":"19865238572772653014"
         ,"Identification":{
            "Name":"p_set_persistent_auth"
          }
         ,"Parameter":{
            "Direction":"In"
           ,"Data Type":"BOOLEAN"
           ,"Has Default":true
          }
         ,"Value":{
            "Type":"API Default"
          }
         ,"Advanced":{
            "Display Sequence":3
          }
        }
      ]
    }
   ,{
      "id":"19865238950451653014"
     ,"Identification":{
        "Name":"Set Username Cookie"
       ,"Type":"Invoke API"
       ,"Execution Chain":"None"
      }
     ,"Settings":{
        "Type":"PL\/SQL Package"
       ,"Owner":"PARSING SCHEMA"
       ,"Package":"APEX_AUTHENTICATION"
       ,"Procedure or Function":"SEND_LOGIN_USERNAME_COOKIE"
      }
     ,"Execution":{
        "Sequence":10
       ,"Point":"Processing"
       ,"Run Process":"Once Per Page Visit (default)"
      }
     ,"Error":{
        "Display Location":"Inline in Notification"
      }
     ,"Parameters":[
        {
          "id":"19865239495348653014"
         ,"Identification":{
            "Name":"p_username"
          }
         ,"Parameter":{
            "Direction":"In"
           ,"Data Type":"VARCHAR2"
           ,"Has Default":false
          }
         ,"Value":{
            "Type":"Expression"
           ,"Language":"PL\/SQL"
           ,"PL\/SQL Expression":"lower(:P9999_USERNAME )"
          }
         ,"Advanced":{
            "Display Sequence":1
          }
        }
       ,{
          "id":"19865239906144653014"
         ,"Identification":{
            "Name":"p_consent"
          }
         ,"Parameter":{
            "Direction":"In"
           ,"Data Type":"BOOLEAN"
           ,"Has Default":false
          }
         ,"Value":{
            "Type":"Item"
           ,"Item":"P9999_REMEMBER"
          }
         ,"Advanced":{
            "Display Sequence":2
          }
        }
      ]
    }
   ,{
      "id":"19865240436049653015"
     ,"Identification":{
        "Name":"Get Username Cookie"
       ,"Type":"Execute Code"
       ,"Execution Chain":"None"
      }
     ,"Source":{
        "Location":"Local Database"
       ,"Language":"PL\/SQL"
       ,"PL\/SQL Code":":P9999_USERNAME := apex_authentication.get_login_username_cookie;\n:P9999_REMEMBER := case when :P9999_USERNAME is not null then \u0027Y\u0027 end;"
      }
     ,"Execution":{
        "Sequence":10
       ,"Point":"Before Header"
       ,"Run Process":"Once Per Page Visit (default)"
      }
    }
   ,{
      "id":"19865240874899653015"
     ,"Identification":{
        "Name":"Clear Page(s) Cache"
       ,"Type":"Clear Session State"
       ,"Execution Chain":"None"
      }
     ,"Settings":{
        "Type":"Clear all Items on the Current Page"
      }
     ,"Execution":{
        "Sequence":30
       ,"Point":"Processing"
       ,"Run Process":"Once Per Page Visit (default)"
      }
     ,"Error":{
        "Display Location":"Inline in Notification"
      }
    }
  ]
}
