{
  "id":"10010"
 ,"Identification":{
    "Name":"Configure Access Control"
   ,"Alias":"CONFIGURE-ACCESS-CONTROL"
   ,"Title":"Configure Access Control"
   ,"Page Group":"Administration (19471995375167504369)"
  }
 ,"Appearance":{
    "Page Mode":"Normal"
   ,"Page Template":"Theme Default"
   ,"Template Options":[
      "#DEFAULT#"
    ]
  }
 ,"Navigation Menu":{
    "Override User Interface Level":false
  }
 ,"Navigation":{
    "Cursor Focus":"Do not focus cursor"
   ,"Warn on Unsaved Changes":true
  }
 ,"Security":{
    "Authorization Scheme":"Administration Rights (19471994072932504368)"
   ,"Authentication":"Page Requires Authentication"
   ,"Deep Linking":"Application Default"
   ,"Page Access Protection":"No Arguments Supported"
   ,"Form Auto Complete":"Off"
   ,"Browser Cache":"Application Default"
  }
 ,"Session Management":{
    "Rejoin Sessions":"Application Default"
  }
 ,"Advanced":{
    "Enable duplicate page submissions":"Yes - Enable page to be re-posted"
   ,"Reload on Submit":"Only for Success"
  }
 ,"Server Cache":{
    "Caching":"Disabled"
  }
 ,"Help":{
    "Help Text":"\u003Cp\u003ESelect the appropriate choice for any authenticated users.\u003Cbr\u003E \nSelecting \u003Cstrong\u003ENo\u003C\/strong\u003E makes the application more secure as only specified users can access the application. \nHowever, if your application has a large user community then maintaining users may be onerous, and you may prefer to choose \u003Cstrong\u003EYes\u003C\/strong\u003E and only enter application Administrators, and possibly Contributors.\u003Cbr\u003E\nIf you select \u003Cstrong\u003EYes\u003C\/strong\u003E then you must also select how users not included in the users list are treated.\u003C\/p\u003E\n\u003Cp\u003ESelect between requiring email addresses and any alphanumeric value for Usernames.\u003Cbr\u003E\nGenerally, you should set this setting to \u003Cstrong\u003EE-mail Address\u003C\/strong\u003E if your application uses (or will be configured to use) a centralized authentication scheme such as Oracle Access Manager, or SSO.\u003C\/p\u003E\n\u003Cp\u003E\u003Cem\u003E\u003Cstrong\u003ENote:\u003C\/strong\u003E This application supports the following 3 access levels: Reader, Contributor, and Administrator.\n\u003Cul\u003E\n  \u003Cli\u003E\u003Cstrong\u003EReaders\u003C\/strong\u003E have read-only access to all information and can also view reports.\u003C\/li\u003E\n  \u003Cli\u003E\u003Cstrong\u003EContributors\u003C\/strong\u003E can create, edit and delete information and view reports.\u003C\/li\u003E\n  \u003Cli\u003E\u003Cstrong\u003EAdministrators\u003C\/strong\u003E, in addition to Contributors capability, can also perform configuration of the application by accessing the Administration section of the application.\u003C\/li\u003E\n\u003C\/ul\u003E\n\u003C\/em\u003E\u003C\/p\u003E"
  }
 ,"Configuration":{
    "Build Option":"Feature: Access Control (19471992324634504367)"
  }
 ,"Regions":[
    {
      "id":"19482234800634507223"
     ,"Identification":{
        "Title":"Access Control Configuration"
       ,"Type":"Static Content"
      }
     ,"Layout":{
        "Sequence":10
       ,"Parent Region":"No Parent"
       ,"Position":"BODY"
       ,"Start New Layout":false
       ,"Start New Row":true
       ,"Column":"Automatic"
       ,"New Column":true
       ,"Column Span":"Automatic"
      }
     ,"Appearance":{
        "Template":"Blank with Attributes (19471542261328504234)"
       ,"Template Options":[
          "#DEFAULT#"
        ]
       ,"Render Components":"Above Content"
      }
     ,"Accessibility":{
        "Use Landmark":true
       ,"Landmark Type":"Template Default"
      }
     ,"Advanced":{
        "Region Display Selector":false
       ,"Exclude Title from Translation":false
      }
     ,"Server Cache":{
        "Caching":"Disabled"
      }
     ,"Customization":{
        "Customizable":"Not Customizable By End Users"
      }
     ,"Attributes":{
        "Settings":{
          "Output As":"HTML"
         ,"Expand Shortcuts":false
        }
      }
    }
   ,{
      "id":"19482234964870507223"
     ,"Identification":{
        "Title":"Buttons"
       ,"Type":"Static Content"
      }
     ,"Layout":{
        "Sequence":10
       ,"Parent Region":"No Parent"
       ,"Position":"REGION_POSITION_03"
       ,"Start New Layout":false
       ,"Start New Row":true
       ,"Column":"Automatic"
       ,"New Column":true
       ,"Column Span":"Automatic"
      }
     ,"Appearance":{
        "Template":"Buttons Container (19471545059842504235)"
       ,"Template Options":[
          "#DEFAULT#"
        ]
       ,"Render Components":"Above Content"
      }
     ,"Accessibility":{
        "Use Landmark":true
       ,"Landmark Type":"Template Default"
      }
     ,"Advanced":{
        "Region Display Selector":false
       ,"Exclude Title from Translation":false
      }
     ,"Server Cache":{
        "Caching":"Disabled"
      }
     ,"Customization":{
        "Customizable":"Not Customizable By End Users"
      }
     ,"Attributes":{
        "Settings":{
          "Output As":"HTML"
         ,"Expand Shortcuts":false
        }
      }
    }
  ]
 ,"Page Items":[
    {
      "id":"19482238199332507226"
     ,"Identification":{
        "Name":"P10010_ALLOW_OTHER_USERS"
       ,"Type":"Switch"
      }
     ,"Label":{
        "Label":"Any authenticated user may access this application"
       ,"Alignment":"Left"
      }
     ,"Settings":{
        "Use Defaults":true
      }
     ,"Layout":{
        "Sequence":30
       ,"Region":"Access Control Configuration (19482234800634507223)"
       ,"Position":"BODY"
       ,"Alignment":"Left"
       ,"Start New Layout":false
       ,"Start New Row":true
       ,"Column":"Automatic"
       ,"New Column":true
       ,"Column Span":"Automatic"
       ,"Label Column Span":"3"
      }
     ,"Appearance":{
        "Template":"Optional (19471879305859504303)"
       ,"Template Options":[
          "#DEFAULT#"
        ]
      }
     ,"Validation":{
        "Value Required":true
      }
     ,"Advanced":{
        "Warn on Unsaved Changes":"Page Default"
      }
     ,"Source":{
        "Type":"Function Body"
       ,"Language":"PL\/SQL"
       ,"PL\/SQL Function Body":"if apex_app_setting.get_value( p_name =\u003E \u0027ACCESS_CONTROL_SCOPE\u0027 ) = \u0027ACL_ONLY\u0027 then\n    return \u0027N\u0027;\nelse\n    return \u0027Y\u0027;\nend if;"
       ,"Used":"Only when current value in session state is null"
      }
     ,"Session State":{
        "Storage":"Per Session (Persistent)"
      }
     ,"Security":{
        "Session State Protection":"Unrestricted"
       ,"Store value encrypted in session state":true
       ,"Restricted Characters":"All characters can be saved."
      }
     ,"Help":{
        "Inline Help Text":"Choose \u003Cstrong\u003ENo\u003C\/strong\u003E if all users are defined in the access control list. Choose \u003Cstrong\u003EYes\u003C\/strong\u003E if authenticated users not in the access control list may also use this application."
      }
    }
  ]
 ,"Buttons":[
    {
      "id":"19482236102013507225"
     ,"Identification":{
        "Button Name":"APPLY_CHANGES"
       ,"Label":"Apply Changes"
      }
     ,"Layout":{
        "Sequence":20
       ,"Region":"Buttons (19482234964870507223)"
       ,"Position":"CREATE"
       ,"Start New Layout":false
       ,"Start New Row":true
       ,"Column":"Automatic"
       ,"New Column":true
       ,"Column Span":"Automatic"
      }
     ,"Appearance":{
        "Button Template":"Text (19471882000429504304)"
       ,"Hot":true
       ,"Template Options":[
          "#DEFAULT#"
        ]
      }
     ,"Behavior":{
        "Action":"Submit Page"
       ,"Execute Validations":true
       ,"Warn on Unsaved Changes":"Do Not Check"
      }
    }
   ,{
      "id":"19482236418994507225"
     ,"Identification":{
        "Button Name":"CANCEL"
       ,"Label":"Cancel"
      }
     ,"Layout":{
        "Sequence":10
       ,"Region":"Buttons (19482234964870507223)"
       ,"Position":"PREVIOUS"
       ,"Start New Layout":false
       ,"Start New Row":true
       ,"Column":"Automatic"
       ,"New Column":true
       ,"Column Span":"Automatic"
      }
     ,"Appearance":{
        "Button Template":"Text (19471882000429504304)"
       ,"Hot":false
       ,"Template Options":[
          "#DEFAULT#"
        ]
      }
     ,"Behavior":{
        "Action":"Defined by Dynamic Action"
       ,"Execute Validations":false
      }
    }
  ]
 ,"Dynamic Actions":[
    {
      "id":"19482236523067507225"
     ,"Identification":{
        "Name":"Cancel Dialog"
      }
     ,"Execution":{
        "Sequence":10
      }
     ,"When":{
        "Event":"EVENT.EVENT.BROWSER.CLICK"
       ,"Selection Type":"Button"
       ,"Button":"CANCEL (19482236418994507225)"
      }
     ,"Execution":{
        "Event Scope":"Static"
       ,"Type":"Immediate"
      }
     ,"Actions":[
        {
          "id":"19482237240131507225"
         ,"Identification":{
            "Action":"Cancel Dialog"
          }
         ,"Execution":{
            "Sequence":10
           ,"Event":"Cancel Dialog (19482236523067507225)"
           ,"Fire When Event Result Is":"True"
           ,"Fire on Initialization":false
          }
        }
      ]
    }
  ]
 ,"Processes":[
    {
      "id":"19482238536392507226"
     ,"Identification":{
        "Name":"Set Access Control"
       ,"Type":"Execute Code"
       ,"Execution Chain":"None"
      }
     ,"Source":{
        "Location":"Local Database"
       ,"Language":"PL\/SQL"
       ,"PL\/SQL Code":"begin\n    if :P10010_ALLOW_OTHER_USERS = \u0027Y\u0027 then\n        apex_app_setting.set_value (\n            p_name  =\u003E \u0027ACCESS_CONTROL_SCOPE\u0027,\n            p_value =\u003E \u0027ALL_USERS\u0027);\n    else\n        apex_app_setting.set_value (\n            p_name  =\u003E \u0027ACCESS_CONTROL_SCOPE\u0027,\n            p_value =\u003E \u0027ACL_ONLY\u0027);\n    end if;\nend;"
      }
     ,"Execution":{
        "Sequence":10
       ,"Point":"Processing"
       ,"Run Process":"Once Per Page Visit (default)"
      }
     ,"Success Message":{
        "Success Message":"Access Control settings saved."
      }
     ,"Error":{
        "Display Location":"Inline in Notification"
      }
    }
  ]
 ,"Branches":[
    {
      "id":"19482237815546507226"
     ,"Identification":{
        "Name":"Branch to Admin Page"
      }
     ,"Execution":{
        "Sequence":10
       ,"Point":"After Processing"
      }
     ,"Behavior":{
        "Type":"Page or URL (Redirect)"
       ,"Target":{
          "url":"f?p=\u0026APP_ID.:10000:\u0026APP_SESSION.::\u0026DEBUG.:::\u0026success_msg=#SUCCESS_MSG#"
         ,"Page":"10000"
        }
      }
    }
  ]
}
