[
  {
    "id":"19471828820113504273"
   ,"Identification":{
      "Name":"Alerts"
    }
  }
 ,{
    "id":"19471829078226504274"
   ,"Identification":{
      "Name":"Badge List"
    }
  }
 ,{
    "id":"19471833055125504276"
   ,"Identification":{
      "Name":"Cards"
    }
  }
 ,{
    "id":"19471838495090504279"
   ,"Identification":{
      "Name":"Comments"
    }
  }
 ,{
    "id":"19471839657175504280"
   ,"Identification":{
      "Name":"Content Row"
    }
  }
 ,{
    "id":"19471842868736504281"
   ,"Identification":{
      "Name":"Contextual Info"
    }
  }
 ,{
    "id":"19471843848903504281"
   ,"Identification":{
      "Name":"Media List"
    }
  }
 ,{
    "id":"19471846832059504283"
   ,"Identification":{
      "Name":"Search Results"
    }
  }
 ,{
    "id":"19471847069031504283"
   ,"Identification":{
      "Name":"Standard"
    }
  }
 ,{
    "id":"19471849685940504285"
   ,"Identification":{
      "Name":"Timeline"
    }
  }
 ,{
    "id":"19471850040188504285"
   ,"Identification":{
      "Name":"Value Attribute Pairs - Column"
    }
  }
 ,{
    "id":"19471852032872504286"
   ,"Identification":{
      "Name":"Value Attribute Pairs - Row"
    }
  }
]
