[
  {
    "id":"19471879237081504302"
   ,"Identification":{
      "Name":"Hidden"
    }
  }
 ,{
    "id":"19471879305859504303"
   ,"Identification":{
      "Name":"Optional"
    }
  }
 ,{
    "id":"19471879438844504303"
   ,"Identification":{
      "Name":"Optional - Above"
    }
  }
 ,{
    "id":"19471879586967504303"
   ,"Identification":{
      "Name":"Optional - Floating"
    }
  }
 ,{
    "id":"19471879611551504303"
   ,"Identification":{
      "Name":"Required"
    }
  }
 ,{
    "id":"19471880312432504303"
   ,"Identification":{
      "Name":"Required - Above"
    }
  }
 ,{
    "id":"19471880875514504303"
   ,"Identification":{
      "Name":"Required - Floating"
    }
  }
]
