[
  {
    "id":"19471853893973504287"
   ,"Identification":{
      "Name":"Badge List"
    }
  }
 ,{
    "id":"19471857856656504291"
   ,"Identification":{
      "Name":"Cards"
    }
  }
 ,{
    "id":"19471863408174504294"
   ,"Identification":{
      "Name":"Links List"
    }
  }
 ,{
    "id":"19471865075118504295"
   ,"Identification":{
      "Name":"Media List"
    }
  }
 ,{
    "id":"19471867802152504296"
   ,"Identification":{
      "Name":"Menu Bar"
    }
  }
 ,{
    "id":"19471868807422504297"
   ,"Identification":{
      "Name":"Menu Popup"
    }
  }
 ,{
    "id":"19471869465392504297"
   ,"Identification":{
      "Name":"Navigation Bar"
    }
  }
 ,{
    "id":"19471869819512504298"
   ,"Identification":{
      "Name":"Side Navigation Menu"
    }
  }
 ,{
    "id":"19471871600820504299"
   ,"Identification":{
      "Name":"Tabs"
    }
  }
 ,{
    "id":"19471873226599504299"
   ,"Identification":{
      "Name":"Top Navigation Mega Menu"
    }
  }
 ,{
    "id":"19471875212651504300"
   ,"Identification":{
      "Name":"Top Navigation Menu"
    }
  }
 ,{
    "id":"19471876227610504301"
   ,"Identification":{
      "Name":"Top Navigation Tabs"
    }
  }
 ,{
    "id":"19471877875421504302"
   ,"Identification":{
      "Name":"Wizard Progress"
    }
  }
 ,{
    "id":"20715696151687132996"
   ,"Identification":{
      "Name":"Navigation Bar with Search"
    }
  }
]
