[
  {
    "id":"19471506229778504216"
   ,"Identification":{
      "Name":"Drawer"
    }
  }
 ,{
    "id":"19471509145742504218"
   ,"Identification":{
      "Name":"Left Side Column"
    }
  }
 ,{
    "id":"19471512846057504220"
   ,"Identification":{
      "Name":"Left and Right Side Columns"
    }
  }
 ,{
    "id":"19471516896903504222"
   ,"Identification":{
      "Name":"Login"
    }
  }
 ,{
    "id":"19471519495373504223"
   ,"Identification":{
      "Name":"Marquee"
    }
  }
 ,{
    "id":"19471523438485504225"
   ,"Identification":{
      "Name":"Minimal (No Navigation)"
    }
  }
 ,{
    "id":"19471526897141504226"
   ,"Identification":{
      "Name":"Modal Dialog"
    }
  }
 ,{
    "id":"19471528348628504227"
   ,"Identification":{
      "Name":"Right Side Column"
    }
  }
 ,{
    "id":"19471532001819504229"
   ,"Identification":{
      "Name":"Standard"
    }
  }
 ,{
    "id":"19471535469231504230"
   ,"Identification":{
      "Name":"Wizard Modal Dialog"
    }
  }
 ,{
    "id":"22381695668883954033"
   ,"Identification":{
      "Name":"New Standard"
    }
  }
]
