[
  {
    "id":"19471536952442504231"
   ,"Identification":{
      "Name":"Alert"
    }
  }
 ,{
    "id":"19471542261328504234"
   ,"Identification":{
      "Name":"Blank with Attributes"
    }
  }
 ,{
    "id":"19471543615601504235"
   ,"Identification":{
      "Name":"Blank with Attributes (No Grid)"
    }
  }
 ,{
    "id":"19471545059842504235"
   ,"Identification":{
      "Name":"Buttons Container"
    }
  }
 ,{
    "id":"19471549395551504237"
   ,"Identification":{
      "Name":"Cards Container"
    }
  }
 ,{
    "id":"19471551224673504238"
   ,"Identification":{
      "Name":"Carousel Container"
    }
  }
 ,{
    "id":"19471561119124504242"
   ,"Identification":{
      "Name":"Collapsible"
    }
  }
 ,{
    "id":"19471570935354504247"
   ,"Identification":{
      "Name":"Content Block"
    }
  }
 ,{
    "id":"19471575544956504249"
   ,"Identification":{
      "Name":"Hero"
    }
  }
 ,{
    "id":"19471579018520504250"
   ,"Identification":{
      "Name":"Image"
    }
  }
 ,{
    "id":"19471584494580504252"
   ,"Identification":{
      "Name":"Inline Dialog"
    }
  }
 ,{
    "id":"19471589039459504254"
   ,"Identification":{
      "Name":"Inline Drawer"
    }
  }
 ,{
    "id":"19471593662015504257"
   ,"Identification":{
      "Name":"Inline Popup"
    }
  }
 ,{
    "id":"19471599035745504259"
   ,"Identification":{
      "Name":"Interactive Report"
    }
  }
 ,{
    "id":"19471801147464504260"
   ,"Identification":{
      "Name":"Item Container"
    }
  }
 ,{
    "id":"19471803611565504261"
   ,"Identification":{
      "Name":"Login"
    }
  }
 ,{
    "id":"19471806124228504263"
   ,"Identification":{
      "Name":"Search Results Container"
    }
  }
 ,{
    "id":"19471808805460504264"
   ,"Identification":{
      "Name":"Standard"
    }
  }
 ,{
    "id":"19471818692017504268"
   ,"Identification":{
      "Name":"Tabs Container"
    }
  }
 ,{
    "id":"19471821290996504270"
   ,"Identification":{
      "Name":"Title Bar"
    }
  }
 ,{
    "id":"19471826318808504272"
   ,"Identification":{
      "Name":"Wizard Container"
    }
  }
]
