{
  "Identification":{
    "Name":"Happy Shopping"
   ,"Alias":"HAPPY_SHOPPING"
   ,"Version":"Release 1.0"
  }
 ,"Row Search":{
    "Tokenize":true
  }
 ,"Availability":{
    "Status":"Available with Developer Toolbar"
   ,"Build Status":"Run and Build Application"
  }
 ,"Error Handling":{
    "Default Display Location":"Inline with Field and in Notification"
  }
 ,"Report Printing":{
    "Type":"Use Instance Settings"
  }
 ,"Advanced":{
    "Friendly URLs":true
   ,"Allow Feedback":true
   ,"Logging":true
   ,"Debugging":true
   ,"Compatibility Mode":"21.2 \/ 22.1 \/ 22.2"
  }
 ,"Authentication":{
    "Public User":"APEX_PUBLIC_USER"
   ,"Authentication Scheme":"User Authentication (19858520399562056296)"
  }
 ,"Authorization":{
    "Source for Role or Group Schemes":"Access Control User Role Assignments"
  }
 ,"Session Management":{
    "Rejoin Sessions":"Disabled"
  }
 ,"Session State Protection":{
    "Enabled":true
  }
 ,"Security":{
    "Deep Linking":"Disabled"
   ,"Browser Cache":"Disabled"
   ,"Embed in Frames":"Deny"
   ,"Referrer Policy":"strict-origin"
   ,"HTML Escaping Mode":"Extended"
   ,"Runtime API Usage":[
      "Modify This Application"
    ]
  }
 ,"Advanced":{
    "Pass ECID":"Y"
  }
 ,"Database Session":{
    "Parsing Schema":"WKSP_RSWSP"
  }
 ,"Globalization":{
    "Primary Language":"English (en)"
   ,"Document Direction":"Left-To-Right"
   ,"Language Derived From":"Application Primary Language"
   ,"Automatic Time Zone":false
   ,"Automatic CSV Encoding":true
  }
 ,"Application Format Masks":{
    "Date":"DS"
   ,"Timestamp":"DS"
   ,"Timestamp Time Zone":"DS"
  }
 ,"Character Value Comparison":{
    "Behavior":"Database session NLS setting (default)"
  }
 ,"Logo":{
    "Type":"Image and Text"
   ,"Image URL":"#APP_FILES#icons\/app-icon-256-rounded.png"
   ,"Text":"\u0026APP_NAME."
  }
 ,"Progressive Web App":{
    "Enable":true
   ,"Installable":false
   ,"Display":"Standalone"
   ,"Screen Orientation":"Any"
   ,"iOS Status Bar Style":"Default"
   ,"Enable Push Notifications":false
  }
 ,"Navigation":{
    "Home URL":{
      "url":"f?p=\u0026APP_ID.:1:\u0026APP_SESSION.::\u0026DEBUG.:::"
     ,"Page":"1"
    }
   ,"Login URL":{
      "url":"f?p=\u0026APP_ID.:LOGIN:\u0026APP_SESSION.::\u0026DEBUG.:::"
     ,"Page":"LOGIN"
    }
  }
 ,"Navigation Menu":{
    "List Template":"Top Navigation Menu (19471875212651504300)"
   ,"Template Options":[
      "#DEFAULT#"
     ,"js-tabLike"
    ]
   ,"List Position":"Top"
   ,"List":"Category List (21230749909681782621)"
  }
 ,"Navigation Bar":{
    "Implementation":"List"
   ,"List":"Navigation Bar (19471989837765504361)"
   ,"List Template":"Navigation Bar with Search (20715696151687132996)"
   ,"Template Options":[
      "#DEFAULT#"
    ]
  }
 ,"JavaScript":{
    "Include jQuery Migrate":false
  }
 ,"Attributes":{
    "Theme":"Universal Theme (42)"
   ,"Global Page":"0"
   ,"Enable End Users to choose Theme Style":false
   ,"Add \"Built with APEX\" to Footer":false
  }
 ,"Substitutions":[
    {
      "id":"1"
     ,"Identification":{
        "Name":"APP_NAME"
      }
     ,"Value":{
        "Static Value":"Happy Shoppping"
      }
    }
  ]
 ,"Application Settings":[
    {
      "id":"19471995056826504369"
     ,"Identification":{
        "Name":"ACCESS_CONTROL_SCOPE"
      }
     ,"Value":{
        "Value":"ACL_ONLY"
       ,"Required":false
      }
     ,"Advanced":{
        "Valid Values":"ACL_ONLY, ALL_USERS"
       ,"On Upgrade Keep Value":true
      }
     ,"Configuration":{
        "Build Option":"Feature: Access Control (19471992324634504367)"
      }
     ,"Comments":{
        "Comments":"The default access level given to authenticated users who are not in the access control list"
      }
    }
  ]
}
